"survey","country","variable","pfpr_available_rows","missing_rows"
"AO62FL","AGO","sex",44181,0
"AO62FL","AGO","multiple_birth",44181,0
"AO62FL","AGO","birth_order",44181,0
"AO62FL","AGO","maternal_age_birth",44181,0
"AO62FL","AGO","maternal_education_years",44181,0
"AO62FL","AGO","wealth_quintile",44181,0
"AO62FL","AGO","urban",44181,0
"AO62FL","AGO","log_hiv_incidence",44181,0
"AO62FL","AGO","log_gdp_pc",44181,0
"AO62FL","AGO","log_health_expenditure_pc",44181,0
"AO62FL","AGO","political_stability",44181,0
"AO71FL","AGO","sex",78397,0
"AO71FL","AGO","multiple_birth",78397,0
"AO71FL","AGO","birth_order",78397,0
"AO71FL","AGO","maternal_age_birth",78397,0
"AO71FL","AGO","maternal_education_years",78397,0
"AO71FL","AGO","wealth_quintile",78397,0
"AO71FL","AGO","urban",78397,0
"AO71FL","AGO","log_hiv_incidence",78397,0
"AO71FL","AGO","log_gdp_pc",78397,0
"AO71FL","AGO","log_health_expenditure_pc",78397,0
"AO71FL","AGO","political_stability",78397,0
"AO81FL","AGO","sex",64704,0
"AO81FL","AGO","multiple_birth",64704,0
"AO81FL","AGO","birth_order",64704,0
"AO81FL","AGO","maternal_age_birth",64704,0
"AO81FL","AGO","maternal_education_years",64704,0
"AO81FL","AGO","wealth_quintile",64704,0
"AO81FL","AGO","urban",64704,0
"AO81FL","AGO","log_hiv_incidence",64704,0
"AO81FL","AGO","log_gdp_pc",64704,0
"AO81FL","AGO","log_health_expenditure_pc",64704,0
"AO81FL","AGO","political_stability",64704,0
"BU61FL","BDI","sex",38604,0
"BU61FL","BDI","multiple_birth",38604,0
"BU61FL","BDI","birth_order",38604,0
"BU61FL","BDI","maternal_age_birth",38604,0
"BU61FL","BDI","maternal_education_years",38604,7
"BU61FL","BDI","wealth_quintile",38604,0
"BU61FL","BDI","urban",38604,0
"BU61FL","BDI","log_hiv_incidence",38604,0
"BU61FL","BDI","log_gdp_pc",38604,0
"BU61FL","BDI","log_health_expenditure_pc",38604,0
"BU61FL","BDI","political_stability",38604,0
"BU71FL","BDI","sex",76022,0
"BU71FL","BDI","multiple_birth",76022,0
"BU71FL","BDI","birth_order",76022,0
"BU71FL","BDI","maternal_age_birth",76022,0
"BU71FL","BDI","maternal_education_years",76022,0
"BU71FL","BDI","wealth_quintile",76022,0
"BU71FL","BDI","urban",76022,0
"BU71FL","BDI","log_hiv_incidence",76022,0
"BU71FL","BDI","log_gdp_pc",76022,0
"BU71FL","BDI","log_health_expenditure_pc",76022,0
"BU71FL","BDI","political_stability",76022,0
"BJ41FL","BEN","sex",1588,0
"BJ41FL","BEN","multiple_birth",1588,0
"BJ41FL","BEN","birth_order",1588,0
"BJ41FL","BEN","maternal_age_birth",1588,0
"BJ41FL","BEN","maternal_education_years",1588,0
"BJ41FL","BEN","wealth_quintile",1588,1588
"BJ41FL","BEN","urban",1588,0
"BJ41FL","BEN","log_hiv_incidence",1588,0
"BJ41FL","BEN","log_gdp_pc",1588,0
"BJ41FL","BEN","log_health_expenditure_pc",1588,0
"BJ41FL","BEN","political_stability",1588,338
"BJ51FL","BEN","sex",88834,0
"BJ51FL","BEN","multiple_birth",88834,0
"BJ51FL","BEN","birth_order",88834,0
"BJ51FL","BEN","maternal_age_birth",88834,1
"BJ51FL","BEN","maternal_education_years",88834,81
"BJ51FL","BEN","wealth_quintile",88834,0
"BJ51FL","BEN","urban",88834,0
"BJ51FL","BEN","log_hiv_incidence",88834,0
"BJ51FL","BEN","log_gdp_pc",88834,0
"BJ51FL","BEN","log_health_expenditure_pc",88834,0
"BJ51FL","BEN","political_stability",88834,5038
"BJ61FL","BEN","sex",78171,0
"BJ61FL","BEN","multiple_birth",78171,0
"BJ61FL","BEN","birth_order",78171,0
"BJ61FL","BEN","maternal_age_birth",78171,0
"BJ61FL","BEN","maternal_education_years",78171,0
"BJ61FL","BEN","wealth_quintile",78171,0
"BJ61FL","BEN","urban",78171,0
"BJ61FL","BEN","log_hiv_incidence",78171,0
"BJ61FL","BEN","log_gdp_pc",78171,0
"BJ61FL","BEN","log_health_expenditure_pc",78171,0
"BJ61FL","BEN","political_stability",78171,0
"BJ71FL","BEN","sex",74813,0
"BJ71FL","BEN","multiple_birth",74813,0
"BJ71FL","BEN","birth_order",74813,0
"BJ71FL","BEN","maternal_age_birth",74813,0
"BJ71FL","BEN","maternal_education_years",74813,0
"BJ71FL","BEN","wealth_quintile",74813,0
"BJ71FL","BEN","urban",74813,0
"BJ71FL","BEN","log_hiv_incidence",74813,0
"BJ71FL","BEN","log_gdp_pc",74813,0
"BJ71FL","BEN","log_health_expenditure_pc",74813,0
"BJ71FL","BEN","political_stability",74813,0
"BF43FL","BFA","sex",40778,0
"BF43FL","BFA","multiple_birth",40778,0
"BF43FL","BFA","birth_order",40778,0
"BF43FL","BFA","maternal_age_birth",40778,0
"BF43FL","BFA","maternal_education_years",40778,0
"BF43FL","BFA","wealth_quintile",40778,0
"BF43FL","BFA","urban",40778,0
"BF43FL","BFA","log_hiv_incidence",40778,0
"BF43FL","BFA","log_gdp_pc",40778,0
"BF43FL","BFA","log_health_expenditure_pc",40778,0
"BF43FL","BFA","political_stability",40778,12885
"BF62FL","BFA","sex",84743,0
"BF62FL","BFA","multiple_birth",84743,0
"BF62FL","BFA","birth_order",84743,0
"BF62FL","BFA","maternal_age_birth",84743,0
"BF62FL","BFA","maternal_education_years",84743,49
"BF62FL","BFA","wealth_quintile",84743,0
"BF62FL","BFA","urban",84743,0
"BF62FL","BFA","log_hiv_incidence",84743,0
"BF62FL","BFA","log_gdp_pc",84743,0
"BF62FL","BFA","log_health_expenditure_pc",84743,0
"BF62FL","BFA","political_stability",84743,0
"BF81FL","BFA","sex",74127,0
"BF81FL","BFA","multiple_birth",74127,0
"BF81FL","BFA","birth_order",74127,0
"BF81FL","BFA","maternal_age_birth",74127,0
"BF81FL","BFA","maternal_education_years",74127,0
"BF81FL","BFA","wealth_quintile",74127,0
"BF81FL","BFA","urban",74127,0
"BF81FL","BFA","log_hiv_incidence",74127,0
"BF81FL","BFA","log_gdp_pc",74127,0
"BF81FL","BFA","log_health_expenditure_pc",74127,0
"BF81FL","BFA","political_stability",74127,0
"CI62FL","CIV","sex",39785,0
"CI62FL","CIV","multiple_birth",39785,0
"CI62FL","CIV","birth_order",39785,0
"CI62FL","CIV","maternal_age_birth",39785,0
"CI62FL","CIV","maternal_education_years",39785,25
"CI62FL","CIV","wealth_quintile",39785,0
"CI62FL","CIV","urban",39785,0
"CI62FL","CIV","log_hiv_incidence",39785,0
"CI62FL","CIV","log_gdp_pc",39785,0
"CI62FL","CIV","log_health_expenditure_pc",39785,0
"CI62FL","CIV","political_stability",39785,0
"CI81FL","CIV","sex",61165,0
"CI81FL","CIV","multiple_birth",61165,0
"CI81FL","CIV","birth_order",61165,0
"CI81FL","CIV","maternal_age_birth",61165,0
"CI81FL","CIV","maternal_education_years",61165,0
"CI81FL","CIV","wealth_quintile",61165,0
"CI81FL","CIV","urban",61165,0
"CI81FL","CIV","log_hiv_incidence",61165,0
"CI81FL","CIV","log_gdp_pc",61165,0
"CI81FL","CIV","log_health_expenditure_pc",61165,0
"CI81FL","CIV","political_stability",61165,0
"CM44FL","CMR","sex",38707,0
"CM44FL","CMR","multiple_birth",38707,0
"CM44FL","CMR","birth_order",38707,0
"CM44FL","CMR","maternal_age_birth",38707,0
"CM44FL","CMR","maternal_education_years",38707,62
"CM44FL","CMR","wealth_quintile",38707,0
"CM44FL","CMR","urban",38707,0
"CM44FL","CMR","log_hiv_incidence",38707,0
"CM44FL","CMR","log_gdp_pc",38707,0
"CM44FL","CMR","log_health_expenditure_pc",38707,0
"CM44FL","CMR","political_stability",38707,9811
"CM61FL","CMR","sex",64649,0
"CM61FL","CMR","multiple_birth",64649,0
"CM61FL","CMR","birth_order",64649,0
"CM61FL","CMR","maternal_age_birth",64649,0
"CM61FL","CMR","maternal_education_years",64649,30
"CM61FL","CMR","wealth_quintile",64649,0
"CM61FL","CMR","urban",64649,0
"CM61FL","CMR","log_hiv_incidence",64649,0
"CM61FL","CMR","log_gdp_pc",64649,0
"CM61FL","CMR","log_health_expenditure_pc",64649,0
"CM61FL","CMR","political_stability",64649,0
"CM71FL","CMR","sex",45974,0
"CM71FL","CMR","multiple_birth",45974,0
"CM71FL","CMR","birth_order",45974,0
"CM71FL","CMR","maternal_age_birth",45974,0
"CM71FL","CMR","maternal_education_years",45974,0
"CM71FL","CMR","wealth_quintile",45974,0
"CM71FL","CMR","urban",45974,0
"CM71FL","CMR","log_hiv_incidence",45974,0
"CM71FL","CMR","log_gdp_pc",45974,0
"CM71FL","CMR","log_health_expenditure_pc",45974,0
"CM71FL","CMR","political_stability",45974,0
"CD51FL","COD","sex",47647,0
"CD51FL","COD","multiple_birth",47647,0
"CD51FL","COD","birth_order",47647,0
"CD51FL","COD","maternal_age_birth",47647,0
"CD51FL","COD","maternal_education_years",47647,269
"CD51FL","COD","wealth_quintile",47647,0
"CD51FL","COD","urban",47647,0
"CD51FL","COD","log_hiv_incidence",47647,0
"CD51FL","COD","log_gdp_pc",47647,0
"CD51FL","COD","log_health_expenditure_pc",47647,0
"CD51FL","COD","political_stability",47647,0
"CD61FL","COD","sex",102125,0
"CD61FL","COD","multiple_birth",102125,0
"CD61FL","COD","birth_order",102125,0
"CD61FL","COD","maternal_age_birth",102125,0
"CD61FL","COD","maternal_education_years",102125,0
"CD61FL","COD","wealth_quintile",102125,0
"CD61FL","COD","urban",102125,0
"CD61FL","COD","log_hiv_incidence",102125,0
"CD61FL","COD","log_gdp_pc",102125,0
"CD61FL","COD","log_health_expenditure_pc",102125,0
"CD61FL","COD","political_stability",102125,0
"CD81FL","COD","sex",137621,0
"CD81FL","COD","multiple_birth",137621,0
"CD81FL","COD","birth_order",137621,0
"CD81FL","COD","maternal_age_birth",137621,0
"CD81FL","COD","maternal_education_years",137621,0
"CD81FL","COD","wealth_quintile",137621,0
"CD81FL","COD","urban",137621,0
"CD81FL","COD","log_hiv_incidence",137621,0
"CD81FL","COD","log_gdp_pc",137621,0
"CD81FL","COD","log_health_expenditure_pc",137621,0
"CD81FL","COD","political_stability",137621,0
"CG51FL","COG","sex",25794,0
"CG51FL","COG","multiple_birth",25794,0
"CG51FL","COG","birth_order",25794,0
"CG51FL","COG","maternal_age_birth",25794,0
"CG51FL","COG","maternal_education_years",25794,11
"CG51FL","COG","wealth_quintile",25794,0
"CG51FL","COG","urban",25794,0
"CG51FL","COG","log_hiv_incidence",25794,0
"CG51FL","COG","log_gdp_pc",25794,0
"CG51FL","COG","log_health_expenditure_pc",25794,0
"CG51FL","COG","political_stability",25794,5520
"CG61FL","COG","sex",51029,0
"CG61FL","COG","multiple_birth",51029,0
"CG61FL","COG","birth_order",51029,0
"CG61FL","COG","maternal_age_birth",51029,0
"CG61FL","COG","maternal_education_years",51029,13
"CG61FL","COG","wealth_quintile",51029,0
"CG61FL","COG","urban",51029,0
"CG61FL","COG","log_hiv_incidence",51029,0
"CG61FL","COG","log_gdp_pc",51029,0
"CG61FL","COG","log_health_expenditure_pc",51029,0
"CG61FL","COG","political_stability",51029,0
"KM61FL","COM","sex",17998,0
"KM61FL","COM","multiple_birth",17998,0
"KM61FL","COM","birth_order",17998,0
"KM61FL","COM","maternal_age_birth",17998,0
"KM61FL","COM","maternal_education_years",17998,62
"KM61FL","COM","wealth_quintile",17998,0
"KM61FL","COM","urban",17998,0
"KM61FL","COM","log_hiv_incidence",17998,0
"KM61FL","COM","log_gdp_pc",17998,0
"KM61FL","COM","log_health_expenditure_pc",17998,0
"KM61FL","COM","political_stability",17998,0
"ET41FL","ETH","sex",468,0
"ET41FL","ETH","multiple_birth",468,0
"ET41FL","ETH","birth_order",468,0
"ET41FL","ETH","maternal_age_birth",468,0
"ET41FL","ETH","maternal_education_years",468,0
"ET41FL","ETH","wealth_quintile",468,468
"ET41FL","ETH","urban",468,0
"ET41FL","ETH","log_hiv_incidence",468,0
"ET41FL","ETH","log_gdp_pc",468,0
"ET41FL","ETH","log_health_expenditure_pc",468,0
"ET41FL","ETH","political_stability",468,0
"ET51FL","ETH","sex",57107,0
"ET51FL","ETH","multiple_birth",57107,0
"ET51FL","ETH","birth_order",57107,0
"ET51FL","ETH","maternal_age_birth",57107,0
"ET51FL","ETH","maternal_education_years",57107,0
"ET51FL","ETH","wealth_quintile",57107,0
"ET51FL","ETH","urban",57107,0
"ET51FL","ETH","log_hiv_incidence",57107,0
"ET51FL","ETH","log_gdp_pc",57107,0
"ET51FL","ETH","log_health_expenditure_pc",57107,0
"ET51FL","ETH","political_stability",57107,13533
"ET61FL","ETH","sex",68312,0
"ET61FL","ETH","multiple_birth",68312,0
"ET61FL","ETH","birth_order",68312,0
"ET61FL","ETH","maternal_age_birth",68312,0
"ET61FL","ETH","maternal_education_years",68312,0
"ET61FL","ETH","wealth_quintile",68312,0
"ET61FL","ETH","urban",68312,0
"ET61FL","ETH","log_hiv_incidence",68312,0
"ET61FL","ETH","log_gdp_pc",68312,0
"ET61FL","ETH","log_health_expenditure_pc",68312,0
"ET61FL","ETH","political_stability",68312,0
"ET71FL","ETH","sex",62705,0
"ET71FL","ETH","multiple_birth",62705,0
"ET71FL","ETH","birth_order",62705,0
"ET71FL","ETH","maternal_age_birth",62705,0
"ET71FL","ETH","maternal_education_years",62705,0
"ET71FL","ETH","wealth_quintile",62705,0
"ET71FL","ETH","urban",62705,0
"ET71FL","ETH","log_hiv_incidence",62705,0
"ET71FL","ETH","log_gdp_pc",62705,0
"ET71FL","ETH","log_health_expenditure_pc",62705,0
"ET71FL","ETH","political_stability",62705,0
"ET81FL","ETH","sex",33797,0
"ET81FL","ETH","multiple_birth",33797,0
"ET81FL","ETH","birth_order",33797,0
"ET81FL","ETH","maternal_age_birth",33797,0
"ET81FL","ETH","maternal_education_years",33797,0
"ET81FL","ETH","wealth_quintile",33797,0
"ET81FL","ETH","urban",33797,0
"ET81FL","ETH","log_hiv_incidence",33797,0
"ET81FL","ETH","log_gdp_pc",33797,0
"ET81FL","ETH","log_health_expenditure_pc",33797,0
"ET81FL","ETH","political_stability",33797,0
"ET8AFL","ETH","sex",81174,0
"ET8AFL","ETH","multiple_birth",81174,0
"ET8AFL","ETH","birth_order",81174,0
"ET8AFL","ETH","maternal_age_birth",81174,0
"ET8AFL","ETH","maternal_education_years",81174,0
"ET8AFL","ETH","wealth_quintile",81174,0
"ET8AFL","ETH","urban",81174,0
"ET8AFL","ETH","log_hiv_incidence",81174,0
"ET8AFL","ETH","log_gdp_pc",81174,0
"ET8AFL","ETH","log_health_expenditure_pc",81174,4500
"ET8AFL","ETH","political_stability",81174,0
"GA41FL","GAB","sex",1508,0
"GA41FL","GAB","multiple_birth",1508,0
"GA41FL","GAB","birth_order",1508,0
"GA41FL","GAB","maternal_age_birth",1508,0
"GA41FL","GAB","maternal_education_years",1508,1
"GA41FL","GAB","wealth_quintile",1508,1508
"GA41FL","GAB","urban",1508,0
"GA41FL","GAB","log_hiv_incidence",1508,0
"GA41FL","GAB","log_gdp_pc",1508,0
"GA41FL","GAB","log_health_expenditure_pc",1508,0
"GA41FL","GAB","political_stability",1508,0
"GA61FL","GAB","sex",33506,0
"GA61FL","GAB","multiple_birth",33506,0
"GA61FL","GAB","birth_order",33506,0
"GA61FL","GAB","maternal_age_birth",33506,0
"GA61FL","GAB","maternal_education_years",33506,26
"GA61FL","GAB","wealth_quintile",33506,0
"GA61FL","GAB","urban",33506,0
"GA61FL","GAB","log_hiv_incidence",33506,0
"GA61FL","GAB","log_gdp_pc",33506,0
"GA61FL","GAB","log_health_expenditure_pc",33506,0
"GA61FL","GAB","political_stability",33506,0
"GA71FL","GAB","sex",36435,0
"GA71FL","GAB","multiple_birth",36435,0
"GA71FL","GAB","birth_order",36435,0
"GA71FL","GAB","maternal_age_birth",36435,0
"GA71FL","GAB","maternal_education_years",36435,0
"GA71FL","GAB","wealth_quintile",36435,0
"GA71FL","GAB","urban",36435,0
"GA71FL","GAB","log_hiv_incidence",36435,0
"GA71FL","GAB","log_gdp_pc",36435,0
"GA71FL","GAB","log_health_expenditure_pc",36435,0
"GA71FL","GAB","political_stability",36435,0
"GH4BFL","GHA","sex",15353,0
"GH4BFL","GHA","multiple_birth",15353,0
"GH4BFL","GHA","birth_order",15353,0
"GH4BFL","GHA","maternal_age_birth",15353,0
"GH4BFL","GHA","maternal_education_years",15353,0
"GH4BFL","GHA","wealth_quintile",15353,0
"GH4BFL","GHA","urban",15353,0
"GH4BFL","GHA","log_hiv_incidence",15353,0
"GH4BFL","GHA","log_gdp_pc",15353,0
"GH4BFL","GHA","log_health_expenditure_pc",15353,0
"GH4BFL","GHA","political_stability",15353,4877
"GH5AFL","GHA","sex",16772,0
"GH5AFL","GHA","multiple_birth",16772,0
"GH5AFL","GHA","birth_order",16772,0
"GH5AFL","GHA","maternal_age_birth",16772,0
"GH5AFL","GHA","maternal_education_years",16772,72
"GH5AFL","GHA","wealth_quintile",16772,0
"GH5AFL","GHA","urban",16772,0
"GH5AFL","GHA","log_hiv_incidence",16772,0
"GH5AFL","GHA","log_gdp_pc",16772,0
"GH5AFL","GHA","log_health_expenditure_pc",16772,0
"GH5AFL","GHA","political_stability",16772,0
"GH72FL","GHA","sex",33352,0
"GH72FL","GHA","multiple_birth",33352,0
"GH72FL","GHA","birth_order",33352,0
"GH72FL","GHA","maternal_age_birth",33352,0
"GH72FL","GHA","maternal_education_years",33352,0
"GH72FL","GHA","wealth_quintile",33352,0
"GH72FL","GHA","urban",33352,0
"GH72FL","GHA","log_hiv_incidence",33352,0
"GH72FL","GHA","log_gdp_pc",33352,0
"GH72FL","GHA","log_health_expenditure_pc",33352,0
"GH72FL","GHA","political_stability",33352,0
"GH8CFL","GHA","sex",53731,0
"GH8CFL","GHA","multiple_birth",53731,0
"GH8CFL","GHA","birth_order",53731,0
"GH8CFL","GHA","maternal_age_birth",53731,0
"GH8CFL","GHA","maternal_education_years",53731,0
"GH8CFL","GHA","wealth_quintile",53731,0
"GH8CFL","GHA","urban",53731,0
"GH8CFL","GHA","log_hiv_incidence",53731,0
"GH8CFL","GHA","log_gdp_pc",53731,0
"GH8CFL","GHA","log_health_expenditure_pc",53731,0
"GH8CFL","GHA","political_stability",53731,0
"GN52FL","GIN","sex",35908,0
"GN52FL","GIN","multiple_birth",35908,0
"GN52FL","GIN","birth_order",35908,0
"GN52FL","GIN","maternal_age_birth",35908,0
"GN52FL","GIN","maternal_education_years",35908,4
"GN52FL","GIN","wealth_quintile",35908,0
"GN52FL","GIN","urban",35908,0
"GN52FL","GIN","log_hiv_incidence",35908,0
"GN52FL","GIN","log_gdp_pc",35908,0
"GN52FL","GIN","log_health_expenditure_pc",35908,0
"GN52FL","GIN","political_stability",35908,8565
"GN62FL","GIN","sex",39920,0
"GN62FL","GIN","multiple_birth",39920,0
"GN62FL","GIN","birth_order",39920,0
"GN62FL","GIN","maternal_age_birth",39920,0
"GN62FL","GIN","maternal_education_years",39920,0
"GN62FL","GIN","wealth_quintile",39920,0
"GN62FL","GIN","urban",39920,0
"GN62FL","GIN","log_hiv_incidence",39920,0
"GN62FL","GIN","log_gdp_pc",39920,0
"GN62FL","GIN","log_health_expenditure_pc",39920,0
"GN62FL","GIN","political_stability",39920,0
"GN71FL","GIN","sex",46902,0
"GN71FL","GIN","multiple_birth",46902,0
"GN71FL","GIN","birth_order",46902,0
"GN71FL","GIN","maternal_age_birth",46902,0
"GN71FL","GIN","maternal_education_years",46902,0
"GN71FL","GIN","wealth_quintile",46902,0
"GN71FL","GIN","urban",46902,0
"GN71FL","GIN","log_hiv_incidence",46902,0
"GN71FL","GIN","log_gdp_pc",46902,0
"GN71FL","GIN","log_health_expenditure_pc",46902,0
"GN71FL","GIN","political_stability",46902,0
"GM61FL","GMB","sex",44611,0
"GM61FL","GMB","multiple_birth",44611,0
"GM61FL","GMB","birth_order",44611,0
"GM61FL","GMB","maternal_age_birth",44611,0
"GM61FL","GMB","maternal_education_years",44611,7
"GM61FL","GMB","wealth_quintile",44611,0
"GM61FL","GMB","urban",44611,0
"GM61FL","GMB","log_hiv_incidence",44611,0
"GM61FL","GMB","log_gdp_pc",44611,0
"GM61FL","GMB","log_health_expenditure_pc",44611,0
"GM61FL","GMB","political_stability",44611,0
"GM81FL","GMB","sex",49125,0
"GM81FL","GMB","multiple_birth",49125,0
"GM81FL","GMB","birth_order",49125,0
"GM81FL","GMB","maternal_age_birth",49125,0
"GM81FL","GMB","maternal_education_years",49125,0
"GM81FL","GMB","wealth_quintile",49125,0
"GM81FL","GMB","urban",49125,0
"GM81FL","GMB","log_hiv_incidence",49125,0
"GM81FL","GMB","log_gdp_pc",49125,0
"GM81FL","GMB","log_health_expenditure_pc",49125,0
"GM81FL","GMB","political_stability",49125,0
"KE42FL","KEN","sex",21204,0
"KE42FL","KEN","multiple_birth",21204,0
"KE42FL","KEN","birth_order",21204,0
"KE42FL","KEN","maternal_age_birth",21204,0
"KE42FL","KEN","maternal_education_years",21204,4
"KE42FL","KEN","wealth_quintile",21204,0
"KE42FL","KEN","urban",21204,0
"KE42FL","KEN","log_hiv_incidence",21204,0
"KE42FL","KEN","log_gdp_pc",21204,0
"KE42FL","KEN","log_health_expenditure_pc",21204,0
"KE42FL","KEN","political_stability",21204,7404
"KE52FL","KEN","sex",34075,0
"KE52FL","KEN","multiple_birth",34075,0
"KE52FL","KEN","birth_order",34075,0
"KE52FL","KEN","maternal_age_birth",34075,0
"KE52FL","KEN","maternal_education_years",34075,0
"KE52FL","KEN","wealth_quintile",34075,0
"KE52FL","KEN","urban",34075,0
"KE52FL","KEN","log_hiv_incidence",34075,0
"KE52FL","KEN","log_gdp_pc",34075,0
"KE52FL","KEN","log_health_expenditure_pc",34075,0
"KE52FL","KEN","political_stability",34075,0
"KE72FL","KEN","sex",127018,0
"KE72FL","KEN","multiple_birth",127018,0
"KE72FL","KEN","birth_order",127018,0
"KE72FL","KEN","maternal_age_birth",127018,0
"KE72FL","KEN","maternal_education_years",127018,0
"KE72FL","KEN","wealth_quintile",127018,0
"KE72FL","KEN","urban",127018,0
"KE72FL","KEN","log_hiv_incidence",127018,0
"KE72FL","KEN","log_gdp_pc",127018,0
"KE72FL","KEN","log_health_expenditure_pc",127018,0
"KE72FL","KEN","political_stability",127018,0
"KE8CFL","KEN","sex",114518,0
"KE8CFL","KEN","multiple_birth",114518,0
"KE8CFL","KEN","birth_order",114518,0
"KE8CFL","KEN","maternal_age_birth",114518,0
"KE8CFL","KEN","maternal_education_years",114518,0
"KE8CFL","KEN","wealth_quintile",114518,0
"KE8CFL","KEN","urban",114518,0
"KE8CFL","KEN","log_hiv_incidence",114518,0
"KE8CFL","KEN","log_gdp_pc",114518,0
"KE8CFL","KEN","log_health_expenditure_pc",114518,0
"KE8CFL","KEN","political_stability",114518,0
"LB51FL","LBR","sex",31692,0
"LB51FL","LBR","multiple_birth",31692,0
"LB51FL","LBR","birth_order",31692,0
"LB51FL","LBR","maternal_age_birth",31692,0
"LB51FL","LBR","maternal_education_years",31692,65
"LB51FL","LBR","wealth_quintile",31692,0
"LB51FL","LBR","urban",31692,0
"LB51FL","LBR","log_hiv_incidence",31692,31692
"LB51FL","LBR","log_gdp_pc",31692,0
"LB51FL","LBR","log_health_expenditure_pc",31692,0
"LB51FL","LBR","political_stability",31692,0
"LB5AFL","LBR","sex",22821,0
"LB5AFL","LBR","multiple_birth",22821,0
"LB5AFL","LBR","birth_order",22821,0
"LB5AFL","LBR","maternal_age_birth",22821,0
"LB5AFL","LBR","maternal_education_years",22821,126
"LB5AFL","LBR","wealth_quintile",22821,0
"LB5AFL","LBR","urban",22821,0
"LB5AFL","LBR","log_hiv_incidence",22821,22821
"LB5AFL","LBR","log_gdp_pc",22821,0
"LB5AFL","LBR","log_health_expenditure_pc",22821,0
"LB5AFL","LBR","political_stability",22821,0
"LB6AFL","LBR","sex",44084,0
"LB6AFL","LBR","multiple_birth",44084,0
"LB6AFL","LBR","birth_order",44084,0
"LB6AFL","LBR","maternal_age_birth",44084,0
"LB6AFL","LBR","maternal_education_years",44084,54
"LB6AFL","LBR","wealth_quintile",44084,0
"LB6AFL","LBR","urban",44084,0
"LB6AFL","LBR","log_hiv_incidence",44084,44084
"LB6AFL","LBR","log_gdp_pc",44084,0
"LB6AFL","LBR","log_health_expenditure_pc",44084,0
"LB6AFL","LBR","political_stability",44084,0
"LB7AFL","LBR","sex",32887,0
"LB7AFL","LBR","multiple_birth",32887,0
"LB7AFL","LBR","birth_order",32887,0
"LB7AFL","LBR","maternal_age_birth",32887,0
"LB7AFL","LBR","maternal_education_years",32887,0
"LB7AFL","LBR","wealth_quintile",32887,0
"LB7AFL","LBR","urban",32887,0
"LB7AFL","LBR","log_hiv_incidence",32887,32887
"LB7AFL","LBR","log_gdp_pc",32887,0
"LB7AFL","LBR","log_health_expenditure_pc",32887,0
"LB7AFL","LBR","political_stability",32887,0
"MD42FL","MDG","sex",24494,0
"MD42FL","MDG","multiple_birth",24494,0
"MD42FL","MDG","birth_order",24494,0
"MD42FL","MDG","maternal_age_birth",24494,0
"MD42FL","MDG","maternal_education_years",24494,0
"MD42FL","MDG","wealth_quintile",24494,0
"MD42FL","MDG","urban",24494,0
"MD42FL","MDG","log_hiv_incidence",24494,0
"MD42FL","MDG","log_gdp_pc",24494,0
"MD42FL","MDG","log_health_expenditure_pc",24494,0
"MD42FL","MDG","political_stability",24494,7031
"MD51FL","MDG","sex",73129,0
"MD51FL","MDG","multiple_birth",73129,0
"MD51FL","MDG","birth_order",73129,0
"MD51FL","MDG","maternal_age_birth",73129,0
"MD51FL","MDG","maternal_education_years",73129,24
"MD51FL","MDG","wealth_quintile",73129,0
"MD51FL","MDG","urban",73129,0
"MD51FL","MDG","log_hiv_incidence",73129,0
"MD51FL","MDG","log_gdp_pc",73129,0
"MD51FL","MDG","log_health_expenditure_pc",73129,0
"MD51FL","MDG","political_stability",73129,0
"MD81FL","MDG","sex",71503,0
"MD81FL","MDG","multiple_birth",71503,0
"MD81FL","MDG","birth_order",71503,0
"MD81FL","MDG","maternal_age_birth",71503,0
"MD81FL","MDG","maternal_education_years",71503,0
"MD81FL","MDG","wealth_quintile",71503,0
"MD81FL","MDG","urban",71503,0
"MD81FL","MDG","log_hiv_incidence",71503,0
"MD81FL","MDG","log_gdp_pc",71503,0
"MD81FL","MDG","log_health_expenditure_pc",71503,0
"MD81FL","MDG","political_stability",71503,0
"ML41FL","MLI","sex",8987,0
"ML41FL","MLI","multiple_birth",8987,0
"ML41FL","MLI","birth_order",8987,0
"ML41FL","MLI","maternal_age_birth",8987,0
"ML41FL","MLI","maternal_education_years",8987,4
"ML41FL","MLI","wealth_quintile",8987,8987
"ML41FL","MLI","urban",8987,0
"ML41FL","MLI","log_hiv_incidence",8987,0
"ML41FL","MLI","log_gdp_pc",8987,0
"ML41FL","MLI","log_health_expenditure_pc",8987,0
"ML41FL","MLI","political_stability",8987,541
"ML53FL","MLI","sex",77894,0
"ML53FL","MLI","multiple_birth",77894,0
"ML53FL","MLI","birth_order",77894,0
"ML53FL","MLI","maternal_age_birth",77894,0
"ML53FL","MLI","maternal_education_years",77894,170
"ML53FL","MLI","wealth_quintile",77894,0
"ML53FL","MLI","urban",77894,0
"ML53FL","MLI","log_hiv_incidence",77894,0
"ML53FL","MLI","log_gdp_pc",77894,0
"ML53FL","MLI","log_health_expenditure_pc",77894,0
"ML53FL","MLI","political_stability",77894,6510
"ML6AFL","MLI","sex",58732,0
"ML6AFL","MLI","multiple_birth",58732,0
"ML6AFL","MLI","birth_order",58732,0
"ML6AFL","MLI","maternal_age_birth",58732,0
"ML6AFL","MLI","maternal_education_years",58732,0
"ML6AFL","MLI","wealth_quintile",58732,0
"ML6AFL","MLI","urban",58732,0
"ML6AFL","MLI","log_hiv_incidence",58732,0
"ML6AFL","MLI","log_gdp_pc",58732,0
"ML6AFL","MLI","log_health_expenditure_pc",58732,0
"ML6AFL","MLI","political_stability",58732,0
"ML7AFL","MLI","sex",56215,0
"ML7AFL","MLI","multiple_birth",56215,0
"ML7AFL","MLI","birth_order",56215,0
"ML7AFL","MLI","maternal_age_birth",56215,0
"ML7AFL","MLI","maternal_education_years",56215,0
"ML7AFL","MLI","wealth_quintile",56215,0
"ML7AFL","MLI","urban",56215,0
"ML7AFL","MLI","log_hiv_incidence",56215,0
"ML7AFL","MLI","log_gdp_pc",56215,0
"ML7AFL","MLI","log_health_expenditure_pc",56215,0
"ML7AFL","MLI","political_stability",56215,0
"ML8AFL","MLI","sex",88689,0
"ML8AFL","MLI","multiple_birth",88689,0
"ML8AFL","MLI","birth_order",88689,0
"ML8AFL","MLI","maternal_age_birth",88689,0
"ML8AFL","MLI","maternal_education_years",88689,8
"ML8AFL","MLI","wealth_quintile",88689,0
"ML8AFL","MLI","urban",88689,0
"ML8AFL","MLI","log_hiv_incidence",88689,0
"ML8AFL","MLI","log_gdp_pc",88689,0
"ML8AFL","MLI","log_health_expenditure_pc",88689,105
"ML8AFL","MLI","political_stability",88689,0
"MZ41FL","MOZ","sex",41212,0
"MZ41FL","MOZ","multiple_birth",41212,0
"MZ41FL","MOZ","birth_order",41212,0
"MZ41FL","MOZ","maternal_age_birth",41212,0
"MZ41FL","MOZ","maternal_education_years",41212,0
"MZ41FL","MOZ","wealth_quintile",41212,0
"MZ41FL","MOZ","urban",41212,0
"MZ41FL","MOZ","log_hiv_incidence",41212,0
"MZ41FL","MOZ","log_gdp_pc",41212,0
"MZ41FL","MOZ","log_health_expenditure_pc",41212,0
"MZ41FL","MOZ","political_stability",41212,12593
"MZ62FL","MOZ","sex",60470,0
"MZ62FL","MOZ","multiple_birth",60470,0
"MZ62FL","MOZ","birth_order",60470,0
"MZ62FL","MOZ","maternal_age_birth",60470,0
"MZ62FL","MOZ","maternal_education_years",60470,0
"MZ62FL","MOZ","wealth_quintile",60470,0
"MZ62FL","MOZ","urban",60470,0
"MZ62FL","MOZ","log_hiv_incidence",60470,0
"MZ62FL","MOZ","log_gdp_pc",60470,0
"MZ62FL","MOZ","log_health_expenditure_pc",60470,0
"MZ62FL","MOZ","political_stability",60470,0
"MZ81FL","MOZ","sex",52833,0
"MZ81FL","MOZ","multiple_birth",52833,0
"MZ81FL","MOZ","birth_order",52833,0
"MZ81FL","MOZ","maternal_age_birth",52833,0
"MZ81FL","MOZ","maternal_education_years",52833,0
"MZ81FL","MOZ","wealth_quintile",52833,0
"MZ81FL","MOZ","urban",52833,0
"MZ81FL","MOZ","log_hiv_incidence",52833,0
"MZ81FL","MOZ","log_gdp_pc",52833,0
"MZ81FL","MOZ","log_health_expenditure_pc",52833,0
"MZ81FL","MOZ","political_stability",52833,0
"MR71FL","MRT","sex",65366,0
"MR71FL","MRT","multiple_birth",65366,0
"MR71FL","MRT","birth_order",65366,0
"MR71FL","MRT","maternal_age_birth",65366,0
"MR71FL","MRT","maternal_education_years",65366,74
"MR71FL","MRT","wealth_quintile",65366,0
"MR71FL","MRT","urban",65366,0
"MR71FL","MRT","log_hiv_incidence",65366,0
"MR71FL","MRT","log_gdp_pc",65366,0
"MR71FL","MRT","log_health_expenditure_pc",65366,0
"MR71FL","MRT","political_stability",65366,0
"MW41FL","MWI","sex",3157,0
"MW41FL","MWI","multiple_birth",3157,0
"MW41FL","MWI","birth_order",3157,0
"MW41FL","MWI","maternal_age_birth",3157,0
"MW41FL","MWI","maternal_education_years",3157,0
"MW41FL","MWI","wealth_quintile",3157,3157
"MW41FL","MWI","urban",3157,0
"MW41FL","MWI","log_hiv_incidence",3157,0
"MW41FL","MWI","log_gdp_pc",3157,0
"MW41FL","MWI","log_health_expenditure_pc",3157,0
"MW41FL","MWI","political_stability",3157,0
"MW4EFL","MWI","sex",55293,0
"MW4EFL","MWI","multiple_birth",55293,0
"MW4EFL","MWI","birth_order",55293,0
"MW4EFL","MWI","maternal_age_birth",55293,0
"MW4EFL","MWI","maternal_education_years",55293,8
"MW4EFL","MWI","wealth_quintile",55293,0
"MW4EFL","MWI","urban",55293,0
"MW4EFL","MWI","log_hiv_incidence",55293,0
"MW4EFL","MWI","log_gdp_pc",55293,0
"MW4EFL","MWI","log_health_expenditure_pc",55293,0
"MW4EFL","MWI","political_stability",55293,12453
"MW61FL","MWI","sex",114288,0
"MW61FL","MWI","multiple_birth",114288,0
"MW61FL","MWI","birth_order",114288,0
"MW61FL","MWI","maternal_age_birth",114288,0
"MW61FL","MWI","maternal_education_years",114288,0
"MW61FL","MWI","wealth_quintile",114288,0
"MW61FL","MWI","urban",114288,0
"MW61FL","MWI","log_hiv_incidence",114288,0
"MW61FL","MWI","log_gdp_pc",114288,0
"MW61FL","MWI","log_health_expenditure_pc",114288,0
"MW61FL","MWI","political_stability",114288,0
"MW7AFL","MWI","sex",102346,0
"MW7AFL","MWI","multiple_birth",102346,0
"MW7AFL","MWI","birth_order",102346,0
"MW7AFL","MWI","maternal_age_birth",102346,0
"MW7AFL","MWI","maternal_education_years",102346,0
"MW7AFL","MWI","wealth_quintile",102346,0
"MW7AFL","MWI","urban",102346,0
"MW7AFL","MWI","log_hiv_incidence",102346,0
"MW7AFL","MWI","log_gdp_pc",102346,0
"MW7AFL","MWI","log_health_expenditure_pc",102346,0
"MW7AFL","MWI","political_stability",102346,0
"MW81FL","MWI","sex",69348,0
"MW81FL","MWI","multiple_birth",69348,0
"MW81FL","MWI","birth_order",69348,0
"MW81FL","MWI","maternal_age_birth",69348,0
"MW81FL","MWI","maternal_education_years",69348,0
"MW81FL","MWI","wealth_quintile",69348,0
"MW81FL","MWI","urban",69348,0
"MW81FL","MWI","log_hiv_incidence",69348,0
"MW81FL","MWI","log_gdp_pc",69348,0
"MW81FL","MWI","log_health_expenditure_pc",69348,1606
"MW81FL","MWI","political_stability",69348,0
"NM41FL","NAM","sex",1266,0
"NM41FL","NAM","multiple_birth",1266,0
"NM41FL","NAM","birth_order",1266,0
"NM41FL","NAM","maternal_age_birth",1266,0
"NM41FL","NAM","maternal_education_years",1266,4
"NM41FL","NAM","wealth_quintile",1266,1266
"NM41FL","NAM","urban",1266,0
"NM41FL","NAM","log_hiv_incidence",1266,0
"NM41FL","NAM","log_gdp_pc",1266,0
"NM41FL","NAM","log_health_expenditure_pc",1266,0
"NM41FL","NAM","political_stability",1266,0
"NM51FL","NAM","sex",26318,0
"NM51FL","NAM","multiple_birth",26318,0
"NM51FL","NAM","birth_order",26318,0
"NM51FL","NAM","maternal_age_birth",26318,2
"NM51FL","NAM","maternal_education_years",26318,14
"NM51FL","NAM","wealth_quintile",26318,0
"NM51FL","NAM","urban",26318,0
"NM51FL","NAM","log_hiv_incidence",26318,0
"NM51FL","NAM","log_gdp_pc",26318,0
"NM51FL","NAM","log_health_expenditure_pc",26318,0
"NM51FL","NAM","political_stability",26318,136
"NM61FL","NAM","sex",24195,0
"NM61FL","NAM","multiple_birth",24195,0
"NM61FL","NAM","birth_order",24195,0
"NM61FL","NAM","maternal_age_birth",24195,0
"NM61FL","NAM","maternal_education_years",24195,14
"NM61FL","NAM","wealth_quintile",24195,0
"NM61FL","NAM","urban",24195,0
"NM61FL","NAM","log_hiv_incidence",24195,0
"NM61FL","NAM","log_gdp_pc",24195,0
"NM61FL","NAM","log_health_expenditure_pc",24195,0
"NM61FL","NAM","political_stability",24195,0
"NI51FL","NER","sex",52153,0
"NI51FL","NER","multiple_birth",52153,0
"NI51FL","NER","birth_order",52153,0
"NI51FL","NER","maternal_age_birth",52153,0
"NI51FL","NER","maternal_education_years",52153,11
"NI51FL","NER","wealth_quintile",52153,0
"NI51FL","NER","urban",52153,0
"NI51FL","NER","log_hiv_incidence",52153,0
"NI51FL","NER","log_gdp_pc",52153,0
"NI51FL","NER","log_health_expenditure_pc",52153,0
"NI51FL","NER","political_stability",52153,8965
"NI61FL","NER","sex",73120,0
"NI61FL","NER","multiple_birth",73120,0
"NI61FL","NER","birth_order",73120,0
"NI61FL","NER","maternal_age_birth",73120,0
"NI61FL","NER","maternal_education_years",73120,139
"NI61FL","NER","wealth_quintile",73120,0
"NI61FL","NER","urban",73120,0
"NI61FL","NER","log_hiv_incidence",73120,0
"NI61FL","NER","log_gdp_pc",73120,0
"NI61FL","NER","log_health_expenditure_pc",73120,0
"NI61FL","NER","political_stability",73120,0
"NG4BFL","NGA","sex",20997,0
"NG4BFL","NGA","multiple_birth",20997,0
"NG4BFL","NGA","birth_order",20997,0
"NG4BFL","NGA","maternal_age_birth",20997,0
"NG4BFL","NGA","maternal_education_years",20997,19
"NG4BFL","NGA","wealth_quintile",20997,0
"NG4BFL","NGA","urban",20997,0
"NG4BFL","NGA","log_hiv_incidence",20997,0
"NG4BFL","NGA","log_gdp_pc",20997,0
"NG4BFL","NGA","log_health_expenditure_pc",20997,0
"NG4BFL","NGA","political_stability",20997,7191
"NG53FL","NGA","sex",157016,0
"NG53FL","NGA","multiple_birth",157016,0
"NG53FL","NGA","birth_order",157016,0
"NG53FL","NGA","maternal_age_birth",157016,0
"NG53FL","NGA","maternal_education_years",157016,94
"NG53FL","NGA","wealth_quintile",157016,0
"NG53FL","NGA","urban",157016,0
"NG53FL","NGA","log_hiv_incidence",157016,0
"NG53FL","NGA","log_gdp_pc",157016,0
"NG53FL","NGA","log_health_expenditure_pc",157016,0
"NG53FL","NGA","political_stability",157016,0
"NG61FL","NGA","sex",32266,0
"NG61FL","NGA","multiple_birth",32266,0
"NG61FL","NGA","birth_order",32266,0
"NG61FL","NGA","maternal_age_birth",32266,0
"NG61FL","NGA","maternal_education_years",32266,378
"NG61FL","NGA","wealth_quintile",32266,0
"NG61FL","NGA","urban",32266,0
"NG61FL","NGA","log_hiv_incidence",32266,0
"NG61FL","NGA","log_gdp_pc",32266,0
"NG61FL","NGA","log_health_expenditure_pc",32266,0
"NG61FL","NGA","political_stability",32266,0
"NG6AFL","NGA","sex",177779,0
"NG6AFL","NGA","multiple_birth",177779,0
"NG6AFL","NGA","birth_order",177779,0
"NG6AFL","NGA","maternal_age_birth",177779,0
"NG6AFL","NGA","maternal_education_years",177779,88
"NG6AFL","NGA","wealth_quintile",177779,0
"NG6AFL","NGA","urban",177779,0
"NG6AFL","NGA","log_hiv_incidence",177779,0
"NG6AFL","NGA","log_gdp_pc",177779,0
"NG6AFL","NGA","log_health_expenditure_pc",177779,0
"NG6AFL","NGA","political_stability",177779,0
"NG7BFL","NGA","sex",195272,0
"NG7BFL","NGA","multiple_birth",195272,0
"NG7BFL","NGA","birth_order",195272,0
"NG7BFL","NGA","maternal_age_birth",195272,0
"NG7BFL","NGA","maternal_education_years",195272,0
"NG7BFL","NGA","wealth_quintile",195272,0
"NG7BFL","NGA","urban",195272,0
"NG7BFL","NGA","log_hiv_incidence",195272,0
"NG7BFL","NGA","log_gdp_pc",195272,0
"NG7BFL","NGA","log_health_expenditure_pc",195272,0
"NG7BFL","NGA","political_stability",195272,0
"NG8BFL","NGA","sex",162020,0
"NG8BFL","NGA","multiple_birth",162020,0
"NG8BFL","NGA","birth_order",162020,0
"NG8BFL","NGA","maternal_age_birth",162020,0
"NG8BFL","NGA","maternal_education_years",162020,0
"NG8BFL","NGA","wealth_quintile",162020,0
"NG8BFL","NGA","urban",162020,0
"NG8BFL","NGA","log_hiv_incidence",162020,0
"NG8BFL","NGA","log_gdp_pc",162020,0
"NG8BFL","NGA","log_health_expenditure_pc",162020,575
"NG8BFL","NGA","political_stability",162020,0
"RW41FL","RWA","sex",2196,0
"RW41FL","RWA","multiple_birth",2196,0
"RW41FL","RWA","birth_order",2196,0
"RW41FL","RWA","maternal_age_birth",2196,0
"RW41FL","RWA","maternal_education_years",2196,2
"RW41FL","RWA","wealth_quintile",2196,2196
"RW41FL","RWA","urban",2196,0
"RW41FL","RWA","log_hiv_incidence",2196,0
"RW41FL","RWA","log_gdp_pc",2196,0
"RW41FL","RWA","log_health_expenditure_pc",2196,0
"RW41FL","RWA","political_stability",2196,0
"RW53FL","RWA","sex",46547,0
"RW53FL","RWA","multiple_birth",46547,0
"RW53FL","RWA","birth_order",46547,0
"RW53FL","RWA","maternal_age_birth",46547,0
"RW53FL","RWA","maternal_education_years",46547,39
"RW53FL","RWA","wealth_quintile",46547,0
"RW53FL","RWA","urban",46547,0
"RW53FL","RWA","log_hiv_incidence",46547,0
"RW53FL","RWA","log_gdp_pc",46547,0
"RW53FL","RWA","log_health_expenditure_pc",46547,0
"RW53FL","RWA","political_stability",46547,9628
"RW5AFL","RWA","sex",30338,0
"RW5AFL","RWA","multiple_birth",30338,0
"RW5AFL","RWA","birth_order",30338,0
"RW5AFL","RWA","maternal_age_birth",30338,0
"RW5AFL","RWA","maternal_education_years",30338,10
"RW5AFL","RWA","wealth_quintile",30338,0
"RW5AFL","RWA","urban",30338,0
"RW5AFL","RWA","log_hiv_incidence",30338,0
"RW5AFL","RWA","log_gdp_pc",30338,0
"RW5AFL","RWA","log_health_expenditure_pc",30338,0
"RW5AFL","RWA","political_stability",30338,0
"RW61FL","RWA","sex",53077,0
"RW61FL","RWA","multiple_birth",53077,0
"RW61FL","RWA","birth_order",53077,0
"RW61FL","RWA","maternal_age_birth",53077,0
"RW61FL","RWA","maternal_education_years",53077,0
"RW61FL","RWA","wealth_quintile",53077,0
"RW61FL","RWA","urban",53077,0
"RW61FL","RWA","log_hiv_incidence",53077,0
"RW61FL","RWA","log_gdp_pc",53077,0
"RW61FL","RWA","log_health_expenditure_pc",53077,0
"RW61FL","RWA","political_stability",53077,0
"RW70FL","RWA","sex",45739,0
"RW70FL","RWA","multiple_birth",45739,0
"RW70FL","RWA","birth_order",45739,0
"RW70FL","RWA","maternal_age_birth",45739,0
"RW70FL","RWA","maternal_education_years",45739,40
"RW70FL","RWA","wealth_quintile",45739,0
"RW70FL","RWA","urban",45739,0
"RW70FL","RWA","log_hiv_incidence",45739,0
"RW70FL","RWA","log_gdp_pc",45739,0
"RW70FL","RWA","log_health_expenditure_pc",45739,0
"RW70FL","RWA","political_stability",45739,0
"RW81FL","RWA","sex",47138,0
"RW81FL","RWA","multiple_birth",47138,0
"RW81FL","RWA","birth_order",47138,0
"RW81FL","RWA","maternal_age_birth",47138,0
"RW81FL","RWA","maternal_education_years",47138,0
"RW81FL","RWA","wealth_quintile",47138,0
"RW81FL","RWA","urban",47138,0
"RW81FL","RWA","log_hiv_incidence",47138,0
"RW81FL","RWA","log_gdp_pc",47138,0
"RW81FL","RWA","log_health_expenditure_pc",47138,0
"RW81FL","RWA","political_stability",47138,0
"SN4AFL","SEN","sex",59928,0
"SN4AFL","SEN","multiple_birth",59928,0
"SN4AFL","SEN","birth_order",59928,0
"SN4AFL","SEN","maternal_age_birth",59928,0
"SN4AFL","SEN","maternal_education_years",59928,0
"SN4AFL","SEN","wealth_quintile",59928,0
"SN4AFL","SEN","urban",59928,0
"SN4AFL","SEN","log_hiv_incidence",59928,0
"SN4AFL","SEN","log_gdp_pc",59928,0
"SN4AFL","SEN","log_health_expenditure_pc",59928,0
"SN4AFL","SEN","political_stability",59928,13020
"SN5AFL","SEN","sex",87342,0
"SN5AFL","SEN","multiple_birth",87342,0
"SN5AFL","SEN","birth_order",87342,0
"SN5AFL","SEN","maternal_age_birth",87342,0
"SN5AFL","SEN","maternal_education_years",87342,285
"SN5AFL","SEN","wealth_quintile",87342,0
"SN5AFL","SEN","urban",87342,0
"SN5AFL","SEN","log_hiv_incidence",87342,0
"SN5AFL","SEN","log_gdp_pc",87342,0
"SN5AFL","SEN","log_health_expenditure_pc",87342,0
"SN5AFL","SEN","political_stability",87342,0
"SN61FL","SEN","sex",68736,0
"SN61FL","SEN","multiple_birth",68736,0
"SN61FL","SEN","birth_order",68736,0
"SN61FL","SEN","maternal_age_birth",68736,0
"SN61FL","SEN","maternal_education_years",68736,0
"SN61FL","SEN","wealth_quintile",68736,0
"SN61FL","SEN","urban",68736,0
"SN61FL","SEN","log_hiv_incidence",68736,0
"SN61FL","SEN","log_gdp_pc",68736,0
"SN61FL","SEN","log_health_expenditure_pc",68736,0
"SN61FL","SEN","political_stability",68736,0
"SN6DFL","SEN","sex",38506,0
"SN6DFL","SEN","multiple_birth",38506,0
"SN6DFL","SEN","birth_order",38506,0
"SN6DFL","SEN","maternal_age_birth",38506,0
"SN6DFL","SEN","maternal_education_years",38506,0
"SN6DFL","SEN","wealth_quintile",38506,0
"SN6DFL","SEN","urban",38506,0
"SN6DFL","SEN","log_hiv_incidence",38506,0
"SN6DFL","SEN","log_gdp_pc",38506,0
"SN6DFL","SEN","log_health_expenditure_pc",38506,0
"SN6DFL","SEN","political_stability",38506,0
"SN71FL","SEN","sex",38866,0
"SN71FL","SEN","multiple_birth",38866,0
"SN71FL","SEN","birth_order",38866,0
"SN71FL","SEN","maternal_age_birth",38866,0
"SN71FL","SEN","maternal_education_years",38866,0
"SN71FL","SEN","wealth_quintile",38866,0
"SN71FL","SEN","urban",38866,0
"SN71FL","SEN","log_hiv_incidence",38866,0
"SN71FL","SEN","log_gdp_pc",38866,0
"SN71FL","SEN","log_health_expenditure_pc",38866,0
"SN71FL","SEN","political_stability",38866,0
"SN7AFL","SEN","sex",40157,0
"SN7AFL","SEN","multiple_birth",40157,0
"SN7AFL","SEN","birth_order",40157,0
"SN7AFL","SEN","maternal_age_birth",40157,0
"SN7AFL","SEN","maternal_education_years",40157,0
"SN7AFL","SEN","wealth_quintile",40157,0
"SN7AFL","SEN","urban",40157,0
"SN7AFL","SEN","log_hiv_incidence",40157,0
"SN7AFL","SEN","log_gdp_pc",40157,0
"SN7AFL","SEN","log_health_expenditure_pc",40157,0
"SN7AFL","SEN","political_stability",40157,0
"SN7IFL","SEN","sex",38822,0
"SN7IFL","SEN","multiple_birth",38822,0
"SN7IFL","SEN","birth_order",38822,0
"SN7IFL","SEN","maternal_age_birth",38822,0
"SN7IFL","SEN","maternal_education_years",38822,0
"SN7IFL","SEN","wealth_quintile",38822,0
"SN7IFL","SEN","urban",38822,0
"SN7IFL","SEN","log_hiv_incidence",38822,0
"SN7IFL","SEN","log_gdp_pc",38822,0
"SN7IFL","SEN","log_health_expenditure_pc",38822,0
"SN7IFL","SEN","political_stability",38822,0
"SN7ZFL","SEN","sex",71323,0
"SN7ZFL","SEN","multiple_birth",71323,0
"SN7ZFL","SEN","birth_order",71323,0
"SN7ZFL","SEN","maternal_age_birth",71323,0
"SN7ZFL","SEN","maternal_education_years",71323,38
"SN7ZFL","SEN","wealth_quintile",71323,0
"SN7ZFL","SEN","urban",71323,0
"SN7ZFL","SEN","log_hiv_incidence",71323,0
"SN7ZFL","SEN","log_gdp_pc",71323,0
"SN7ZFL","SEN","log_health_expenditure_pc",71323,0
"SN7ZFL","SEN","political_stability",71323,0
"SN81FL","SEN","sex",39314,0
"SN81FL","SEN","multiple_birth",39314,0
"SN81FL","SEN","birth_order",39314,0
"SN81FL","SEN","maternal_age_birth",39314,0
"SN81FL","SEN","maternal_education_years",39314,0
"SN81FL","SEN","wealth_quintile",39314,0
"SN81FL","SEN","urban",39314,0
"SN81FL","SEN","log_hiv_incidence",39314,0
"SN81FL","SEN","log_gdp_pc",39314,0
"SN81FL","SEN","log_health_expenditure_pc",39314,0
"SN81FL","SEN","political_stability",39314,0
"SN8BFL","SEN","sex",35351,0
"SN8BFL","SEN","multiple_birth",35351,0
"SN8BFL","SEN","birth_order",35351,0
"SN8BFL","SEN","maternal_age_birth",35351,0
"SN8BFL","SEN","maternal_education_years",35351,19
"SN8BFL","SEN","wealth_quintile",35351,0
"SN8BFL","SEN","urban",35351,0
"SN8BFL","SEN","log_hiv_incidence",35351,0
"SN8BFL","SEN","log_gdp_pc",35351,0
"SN8BFL","SEN","log_health_expenditure_pc",35351,0
"SN8BFL","SEN","political_stability",35351,0
"SN8SFL","SEN","sex",61934,0
"SN8SFL","SEN","multiple_birth",61934,0
"SN8SFL","SEN","birth_order",61934,0
"SN8SFL","SEN","maternal_age_birth",61934,0
"SN8SFL","SEN","maternal_education_years",61934,0
"SN8SFL","SEN","wealth_quintile",61934,0
"SN8SFL","SEN","urban",61934,0
"SN8SFL","SEN","log_hiv_incidence",61934,0
"SN8SFL","SEN","log_gdp_pc",61934,0
"SN8SFL","SEN","log_health_expenditure_pc",61934,0
"SN8SFL","SEN","political_stability",61934,0
"SL51FL","SLE","sex",31344,0
"SL51FL","SLE","multiple_birth",31344,0
"SL51FL","SLE","birth_order",31344,0
"SL51FL","SLE","maternal_age_birth",31344,0
"SL51FL","SLE","maternal_education_years",31344,59
"SL51FL","SLE","wealth_quintile",31344,0
"SL51FL","SLE","urban",31344,0
"SL51FL","SLE","log_hiv_incidence",31344,0
"SL51FL","SLE","log_gdp_pc",31344,0
"SL51FL","SLE","log_health_expenditure_pc",31344,0
"SL51FL","SLE","political_stability",31344,0
"SL61FL","SLE","sex",68076,0
"SL61FL","SLE","multiple_birth",68076,0
"SL61FL","SLE","birth_order",68076,0
"SL61FL","SLE","maternal_age_birth",68076,0
"SL61FL","SLE","maternal_education_years",68076,47
"SL61FL","SLE","wealth_quintile",68076,0
"SL61FL","SLE","urban",68076,0
"SL61FL","SLE","log_hiv_incidence",68076,0
"SL61FL","SLE","log_gdp_pc",68076,0
"SL61FL","SLE","log_health_expenditure_pc",68076,0
"SL61FL","SLE","political_stability",68076,0
"SL7AFL","SLE","sex",57080,0
"SL7AFL","SLE","multiple_birth",57080,0
"SL7AFL","SLE","birth_order",57080,0
"SL7AFL","SLE","maternal_age_birth",57080,0
"SL7AFL","SLE","maternal_education_years",57080,0
"SL7AFL","SLE","wealth_quintile",57080,0
"SL7AFL","SLE","urban",57080,0
"SL7AFL","SLE","log_hiv_incidence",57080,0
"SL7AFL","SLE","log_gdp_pc",57080,0
"SL7AFL","SLE","log_health_expenditure_pc",57080,0
"SL7AFL","SLE","political_stability",57080,0
"ST51FL","STP","sex",10839,0
"ST51FL","STP","multiple_birth",10839,0
"ST51FL","STP","birth_order",10839,0
"ST51FL","STP","maternal_age_birth",10839,0
"ST51FL","STP","maternal_education_years",10839,0
"ST51FL","STP","wealth_quintile",10839,0
"ST51FL","STP","urban",10839,0
"ST51FL","STP","log_hiv_incidence",10839,10839
"ST51FL","STP","log_gdp_pc",10839,0
"ST51FL","STP","log_health_expenditure_pc",10839,0
"ST51FL","STP","political_stability",10839,0
"SZ51FL","SWZ","sex",11268,0
"SZ51FL","SWZ","multiple_birth",11268,0
"SZ51FL","SWZ","birth_order",11268,0
"SZ51FL","SWZ","maternal_age_birth",11268,0
"SZ51FL","SWZ","maternal_education_years",11268,14
"SZ51FL","SWZ","wealth_quintile",11268,0
"SZ51FL","SWZ","urban",11268,0
"SZ51FL","SWZ","log_hiv_incidence",11268,0
"SZ51FL","SWZ","log_gdp_pc",11268,0
"SZ51FL","SWZ","log_health_expenditure_pc",11268,0
"SZ51FL","SWZ","political_stability",11268,529
"TD41FL","TCD","sex",29949,0
"TD41FL","TCD","multiple_birth",29949,0
"TD41FL","TCD","birth_order",29949,0
"TD41FL","TCD","maternal_age_birth",29949,0
"TD41FL","TCD","maternal_education_years",29949,24
"TD41FL","TCD","wealth_quintile",29949,0
"TD41FL","TCD","urban",29949,0
"TD41FL","TCD","log_hiv_incidence",29949,0
"TD41FL","TCD","log_gdp_pc",29949,0
"TD41FL","TCD","log_health_expenditure_pc",29949,0
"TD41FL","TCD","political_stability",29949,7251
"TD71FL","TCD","sex",106120,0
"TD71FL","TCD","multiple_birth",106120,0
"TD71FL","TCD","birth_order",106120,0
"TD71FL","TCD","maternal_age_birth",106120,0
"TD71FL","TCD","maternal_education_years",106120,105
"TD71FL","TCD","wealth_quintile",106120,0
"TD71FL","TCD","urban",106120,0
"TD71FL","TCD","log_hiv_incidence",106120,0
"TD71FL","TCD","log_gdp_pc",106120,0
"TD71FL","TCD","log_health_expenditure_pc",106120,0
"TD71FL","TCD","political_stability",106120,0
"TG61FL","TGO","sex",35856,0
"TG61FL","TGO","multiple_birth",35856,0
"TG61FL","TGO","birth_order",35856,0
"TG61FL","TGO","maternal_age_birth",35856,0
"TG61FL","TGO","maternal_education_years",35856,20
"TG61FL","TGO","wealth_quintile",35856,0
"TG61FL","TGO","urban",35856,0
"TG61FL","TGO","log_hiv_incidence",35856,0
"TG61FL","TGO","log_gdp_pc",35856,0
"TG61FL","TGO","log_health_expenditure_pc",35856,0
"TG61FL","TGO","political_stability",35856,0
"TZ4IFL","TZA","sex",45594,0
"TZ4IFL","TZA","multiple_birth",45594,0
"TZ4IFL","TZA","birth_order",45594,0
"TZ4IFL","TZA","maternal_age_birth",45594,0
"TZ4IFL","TZA","maternal_education_years",45594,0
"TZ4IFL","TZA","wealth_quintile",45594,0
"TZ4IFL","TZA","urban",45594,0
"TZ4IFL","TZA","log_hiv_incidence",45594,0
"TZ4IFL","TZA","log_gdp_pc",45594,0
"TZ4IFL","TZA","log_health_expenditure_pc",45594,0
"TZ4IFL","TZA","political_stability",45594,10380
"TZ63FL","TZA","sex",45125,0
"TZ63FL","TZA","multiple_birth",45125,0
"TZ63FL","TZA","birth_order",45125,0
"TZ63FL","TZA","maternal_age_birth",45125,0
"TZ63FL","TZA","maternal_education_years",45125,0
"TZ63FL","TZA","wealth_quintile",45125,0
"TZ63FL","TZA","urban",45125,0
"TZ63FL","TZA","log_hiv_incidence",45125,0
"TZ63FL","TZA","log_gdp_pc",45125,0
"TZ63FL","TZA","log_health_expenditure_pc",45125,0
"TZ63FL","TZA","political_stability",45125,0
"TZ7BFL","TZA","sex",56917,0
"TZ7BFL","TZA","multiple_birth",56917,0
"TZ7BFL","TZA","birth_order",56917,0
"TZ7BFL","TZA","maternal_age_birth",56917,0
"TZ7BFL","TZA","maternal_education_years",56917,2
"TZ7BFL","TZA","wealth_quintile",56917,0
"TZ7BFL","TZA","urban",56917,0
"TZ7BFL","TZA","log_hiv_incidence",56917,0
"TZ7BFL","TZA","log_gdp_pc",56917,0
"TZ7BFL","TZA","log_health_expenditure_pc",56917,0
"TZ7BFL","TZA","political_stability",56917,0
"TZ82FL","TZA","sex",61723,0
"TZ82FL","TZA","multiple_birth",61723,0
"TZ82FL","TZA","birth_order",61723,0
"TZ82FL","TZA","maternal_age_birth",61723,0
"TZ82FL","TZA","maternal_education_years",61723,0
"TZ82FL","TZA","wealth_quintile",61723,0
"TZ82FL","TZA","urban",61723,0
"TZ82FL","TZA","log_hiv_incidence",61723,0
"TZ82FL","TZA","log_gdp_pc",61723,0
"TZ82FL","TZA","log_health_expenditure_pc",61723,0
"TZ82FL","TZA","political_stability",61723,0
"UG41FL","UGA","sex",3417,0
"UG41FL","UGA","multiple_birth",3417,0
"UG41FL","UGA","birth_order",3417,0
"UG41FL","UGA","maternal_age_birth",3417,0
"UG41FL","UGA","maternal_education_years",3417,4
"UG41FL","UGA","wealth_quintile",3417,3417
"UG41FL","UGA","urban",3417,0
"UG41FL","UGA","log_hiv_incidence",3417,0
"UG41FL","UGA","log_gdp_pc",3417,0
"UG41FL","UGA","log_health_expenditure_pc",3417,0
"UG41FL","UGA","political_stability",3417,29
"UG52FL","UGA","sex",46139,0
"UG52FL","UGA","multiple_birth",46139,0
"UG52FL","UGA","birth_order",46139,0
"UG52FL","UGA","maternal_age_birth",46139,0
"UG52FL","UGA","maternal_education_years",46139,13
"UG52FL","UGA","wealth_quintile",46139,0
"UG52FL","UGA","urban",46139,0
"UG52FL","UGA","log_hiv_incidence",46139,0
"UG52FL","UGA","log_gdp_pc",46139,0
"UG52FL","UGA","log_health_expenditure_pc",46139,0
"UG52FL","UGA","political_stability",46139,4680
"UG5AFL","UGA","sex",20657,0
"UG5AFL","UGA","multiple_birth",20657,0
"UG5AFL","UGA","birth_order",20657,0
"UG5AFL","UGA","maternal_age_birth",20657,0
"UG5AFL","UGA","maternal_education_years",20657,0
"UG5AFL","UGA","wealth_quintile",20657,0
"UG5AFL","UGA","urban",20657,0
"UG5AFL","UGA","log_hiv_incidence",20657,0
"UG5AFL","UGA","log_gdp_pc",20657,0
"UG5AFL","UGA","log_health_expenditure_pc",20657,0
"UG5AFL","UGA","political_stability",20657,0
"UG61FL","UGA","sex",44636,0
"UG61FL","UGA","multiple_birth",44636,0
"UG61FL","UGA","birth_order",44636,0
"UG61FL","UGA","maternal_age_birth",44636,0
"UG61FL","UGA","maternal_education_years",44636,0
"UG61FL","UGA","wealth_quintile",44636,0
"UG61FL","UGA","urban",44636,0
"UG61FL","UGA","log_hiv_incidence",44636,0
"UG61FL","UGA","log_gdp_pc",44636,0
"UG61FL","UGA","log_health_expenditure_pc",44636,0
"UG61FL","UGA","political_stability",44636,0
"UG7BFL","UGA","sex",75366,0
"UG7BFL","UGA","multiple_birth",75366,0
"UG7BFL","UGA","birth_order",75366,0
"UG7BFL","UGA","maternal_age_birth",75366,0
"UG7BFL","UGA","maternal_education_years",75366,0
"UG7BFL","UGA","wealth_quintile",75366,60832
"UG7BFL","UGA","urban",75366,0
"UG7BFL","UGA","log_hiv_incidence",75366,0
"UG7BFL","UGA","log_gdp_pc",75366,0
"UG7BFL","UGA","log_health_expenditure_pc",75366,0
"UG7BFL","UGA","political_stability",75366,0
"ZA71FL","ZAF","sex",15261,0
"ZA71FL","ZAF","multiple_birth",15261,0
"ZA71FL","ZAF","birth_order",15261,0
"ZA71FL","ZAF","maternal_age_birth",15261,1
"ZA71FL","ZAF","maternal_education_years",15261,0
"ZA71FL","ZAF","wealth_quintile",15261,0
"ZA71FL","ZAF","urban",15261,0
"ZA71FL","ZAF","log_hiv_incidence",15261,0
"ZA71FL","ZAF","log_gdp_pc",15261,0
"ZA71FL","ZAF","log_health_expenditure_pc",15261,0
"ZA71FL","ZAF","political_stability",15261,0
"ZM42FL","ZMB","sex",13278,0
"ZM42FL","ZMB","multiple_birth",13278,0
"ZM42FL","ZMB","birth_order",13278,0
"ZM42FL","ZMB","maternal_age_birth",13278,0
"ZM42FL","ZMB","maternal_education_years",13278,26
"ZM42FL","ZMB","wealth_quintile",13278,13278
"ZM42FL","ZMB","urban",13278,0
"ZM42FL","ZMB","log_hiv_incidence",13278,0
"ZM42FL","ZMB","log_gdp_pc",13278,0
"ZM42FL","ZMB","log_health_expenditure_pc",13278,0
"ZM42FL","ZMB","political_stability",13278,4383
"ZM51FL","ZMB","sex",34258,0
"ZM51FL","ZMB","multiple_birth",34258,0
"ZM51FL","ZMB","birth_order",34258,0
"ZM51FL","ZMB","maternal_age_birth",34258,0
"ZM51FL","ZMB","maternal_education_years",34258,0
"ZM51FL","ZMB","wealth_quintile",34258,0
"ZM51FL","ZMB","urban",34258,0
"ZM51FL","ZMB","log_hiv_incidence",34258,0
"ZM51FL","ZMB","log_gdp_pc",34258,0
"ZM51FL","ZMB","log_health_expenditure_pc",34258,0
"ZM51FL","ZMB","political_stability",34258,0
"ZM61FL","ZMB","sex",78600,0
"ZM61FL","ZMB","multiple_birth",78600,0
"ZM61FL","ZMB","birth_order",78600,0
"ZM61FL","ZMB","maternal_age_birth",78600,0
"ZM61FL","ZMB","maternal_education_years",78600,92
"ZM61FL","ZMB","wealth_quintile",78600,0
"ZM61FL","ZMB","urban",78600,0
"ZM61FL","ZMB","log_hiv_incidence",78600,0
"ZM61FL","ZMB","log_gdp_pc",78600,0
"ZM61FL","ZMB","log_health_expenditure_pc",78600,0
"ZM61FL","ZMB","political_stability",78600,0
"ZM71FL","ZMB","sex",57564,0
"ZM71FL","ZMB","multiple_birth",57564,0
"ZM71FL","ZMB","birth_order",57564,0
"ZM71FL","ZMB","maternal_age_birth",57564,0
"ZM71FL","ZMB","maternal_education_years",57564,0
"ZM71FL","ZMB","wealth_quintile",57564,0
"ZM71FL","ZMB","urban",57564,0
"ZM71FL","ZMB","log_hiv_incidence",57564,0
"ZM71FL","ZMB","log_gdp_pc",57564,0
"ZM71FL","ZMB","log_health_expenditure_pc",57564,0
"ZM71FL","ZMB","political_stability",57564,0
"ZM81FL","ZMB","sex",51051,0
"ZM81FL","ZMB","multiple_birth",51051,0
"ZM81FL","ZMB","birth_order",51051,0
"ZM81FL","ZMB","maternal_age_birth",51051,0
"ZM81FL","ZMB","maternal_education_years",51051,0
"ZM81FL","ZMB","wealth_quintile",51051,0
"ZM81FL","ZMB","urban",51051,0
"ZM81FL","ZMB","log_hiv_incidence",51051,0
"ZM81FL","ZMB","log_gdp_pc",51051,0
"ZM81FL","ZMB","log_health_expenditure_pc",51051,461
"ZM81FL","ZMB","political_stability",51051,0
"ZW52FL","ZWE","sex",29737,0
"ZW52FL","ZWE","multiple_birth",29737,0
"ZW52FL","ZWE","birth_order",29737,0
"ZW52FL","ZWE","maternal_age_birth",29737,0
"ZW52FL","ZWE","maternal_education_years",29737,4
"ZW52FL","ZWE","wealth_quintile",29737,0
"ZW52FL","ZWE","urban",29737,0
"ZW52FL","ZWE","log_hiv_incidence",29737,0
"ZW52FL","ZWE","log_gdp_pc",29737,0
"ZW52FL","ZWE","log_health_expenditure_pc",29737,29737
"ZW52FL","ZWE","political_stability",29737,6646
"ZW62FL","ZWE","sex",29334,0
"ZW62FL","ZWE","multiple_birth",29334,0
"ZW62FL","ZWE","birth_order",29334,0
"ZW62FL","ZWE","maternal_age_birth",29334,0
"ZW62FL","ZWE","maternal_education_years",29334,0
"ZW62FL","ZWE","wealth_quintile",29334,0
"ZW62FL","ZWE","urban",29334,0
"ZW62FL","ZWE","log_hiv_incidence",29334,0
"ZW62FL","ZWE","log_gdp_pc",29334,0
"ZW62FL","ZWE","log_health_expenditure_pc",29334,26271
"ZW62FL","ZWE","political_stability",29334,0
"ZW72FL","ZWE","sex",30500,0
"ZW72FL","ZWE","multiple_birth",30500,0
"ZW72FL","ZWE","birth_order",30500,0
"ZW72FL","ZWE","maternal_age_birth",30500,0
"ZW72FL","ZWE","maternal_education_years",30500,0
"ZW72FL","ZWE","wealth_quintile",30500,0
"ZW72FL","ZWE","urban",30500,0
"ZW72FL","ZWE","log_hiv_incidence",30500,0
"ZW72FL","ZWE","log_gdp_pc",30500,0
"ZW72FL","ZWE","log_health_expenditure_pc",30500,0
"ZW72FL","ZWE","political_stability",30500,0
