"file","md5"
"data/Data Explorer - export_trigger_table - All causes - Deaths - Rate (per 100,000), Number in Angola, Central...  2026-09-09 10-58-22.csv","9eec5e1ae50e4bdcda81c1f69a4dab5a"
"data/map_annual/pfpr2_10_2005.tif","44c9521b4fff79f47075bce4b13e57af"
"data/pop/gpw_v4_population_density_rev11_2020_2.5m.tif","57dedc11fe7412f2b12782ba9f67c045"
"data/africa_admin0.rds","ab779973307f79a7311217483294d69c"
"data/derived_cbh/models/age_band_hiv_incidence_shared_time_v3/incidence_draw_010.rds","8791fdbab3a478e366443a594b81d052"
"data/derived_cbh/models/age_band_hiv_incidence_shared_time_v3/incidence_draw_045.rds","2b0c1f6439a745e9935b7c3621ad0367"
"data/derived_cbh/models/age_band_hiv_incidence_shared_time_v3/incidence_draw_061.rds","3db4a929f6224705f2c0e204defec51c"
"data/derived_cbh/models/age_band_hiv_incidence_shared_time_v3/incidence_draw_125.rds","409b0aed05df5b92c1d3b50c2ccf1565"
"data/derived_cbh/models/age_band_hiv_incidence_shared_time_v3/incidence_draw_137.rds","b1e4d87c0bd9cbb19137395abc887716"
"data/derived_cbh/models/age_band_hiv_incidence_shared_time_v3/incidence_draw_146.rds","d58092856cc84a9ab29b90211a5c30f9"
"data/derived_cbh/models/age_band_hiv_incidence_shared_time_v3/incidence_draw_153.rds","3e297509d5d052cab788fb5a21d76e5d"
"data/derived_cbh/models/age_band_hiv_incidence_shared_time_v3/incidence_draw_158.rds","e7980684513852ac578c55a47355af1a"
"data/derived_cbh/models/age_band_hiv_incidence_shared_time_v3/incidence_draw_175.rds","1c4adf97b567ba0fa75959ce9d54b6a4"
"data/derived_cbh/models/age_band_hiv_incidence_shared_time_v3/incidence_draw_184.rds","abfda1662d812733e9df2977121d651d"
"R_cbh/burden/01_country_attributable.R","f80bcfad287dfc63feb36af870a40978"
"R_cbh/burden/settings.R","0db80c9d33e1aee9ced397c13c2bdcb0"
