"iso3","source_age","deaths","rate_per100000","implied_person_years","ihme_deaths_lower","ihme_deaths_upper","ihme_rate_lower","ihme_rate_upper"
"AGO","0 to 6 days (early neonatal)",19786.4622451477,91431.6968151199,21640.7033166595,18603.8425492302,20970.8337428838,85966.9035567278,96904.5850129098
"AGO","7 to 27 days (late neonatal)",4181.25234048612,6528.42712636695,64046.8563032421,3880.09841458173,4515.79824217723,6058.21837095432,7050.77267305099
"AGO","1 to 5 months",13673.4103389223,2931.91252318325,466364.880630094,12728.700739216,14869.4217921503,2729.34375376176,3188.36653653265
"AGO","6-11 months",11709.7947770341,2183.84678147913,536200.381654204,10919.9939092064,12534.607718175,2036.55093931819,2337.67228577964
"AGO","12 to 23 months",9451.92650518088,893.39326392628,1057980.4982681,8657.80765896757,10207.7090913221,818.33338829405,964.82960773209
"AGO","2 to 4",18518.2026563225,608.48534274296,3043327.64579755,17262.5042868654,19989.2299400277,567.22464013045,656.82148840038
"BDI","0 to 6 days (early neonatal)",9707.90300652462,112467.456594823,8631.74406219435,9185.46571699669,10232.9915587009,106414.945239486,118550.683210357
"BDI","7 to 27 days (late neonatal)",2941.21140358087,11534.5113590092,25499.2284634893,2720.7234601849,3181.35981338722,10669.8265952655,12476.2983238587
"BDI","1 to 5 months",7215.70472469568,3894.66119689104,185271.692707332,6716.23084208004,7735.06872668653,3625.07123669964,4174.98680648715
"BDI","6-11 months",5342.98961105673,2513.33722647417,212585.464249544,4941.89366251121,5787.78719115245,2324.66207412477,2722.56958470051
"BDI","12 to 23 months",5293.9663414667,1272.56332607049,416008.086435571,4873.13382855515,5692.18452448792,1171.4036307104,1368.28699010626
"BDI","2 to 4",8966.85323775411,767.71228165879,1167996.58569738,8363.32353759085,9672.41311609717,716.04006724021,828.11998207358
"BEN","0 to 6 days (early neonatal)",9540.28950538034,108414.45997254,8799.83122896775,9068.41924618015,10050.3998802294,103052.195095836,114211.279952108
"BEN","7 to 27 days (late neonatal)",1808.04396259,6973.2032881975,25928.4562325927,1653.49611531861,1932.58707876391,6377.14833650654,7453.53699976398
"BEN","1 to 5 months",4927.19384652888,2612.32385599535,188613.438384404,4576.58322985157,5349.78339120445,2426.43539561812,2836.37445827232
"BEN","6-11 months",5585.59762511073,2583.39871786949,216211.209925703,5205.01737074283,6036.48791175472,2407.3762745842,2791.94030403375
"BEN","12 to 23 months",5371.34162998856,1273.62816067924,421735.463757646,4949.97841422179,5841.87808106053,1173.71642643417,1385.19962940978
"BEN","2 to 4",11584.6089228697,983.37710343089,1178043.3856404,10779.3098105567,12451.8690839734,915.01806656272,1056.99579792678
"BFA","0 to 6 days (early neonatal)",15265.4093024963,95566.9928921094,15973.5164208109,14331.5717015771,16128.7087789234,89720.83118095,100971.560387983
"BFA","7 to 27 days (late neonatal)",4029.1438085159,8512.9964331535,47329.3256981123,3736.34555871435,4344.76568173625,7894.35620221264,9179.85966977245
"BFA","1 to 5 months",8627.79264781068,2504.28892935224,344520.65601082,7946.81098355464,9293.4028520442,2306.62830948082,2697.48785447347
"BFA","6-11 months",6873.05209595555,1735.04343213961,396131.414847632,6374.45848443208,7435.20964102169,1609.1777237319,1876.95531390299
"BFA","12 to 23 months",8293.19182341789,1088.98430768497,761552.922745789,7703.02787851181,9019.66679526685,1011.48950367604,1184.37819958018
"BFA","2 to 4",12164.513987463,585.9624503502,2075988.6542547,11351.6089206557,13131.9322662684,546.8049595257,632.56281479933
"BWA","0 to 6 days (early neonatal)",317.400717492581,33153.7665474924,957.359451264485,299.293400146791,337.417995112181,31262.3852777014,35244.650759599
"BWA","7 to 27 days (late neonatal)",93.6414782997133,3294.97692418602,2841.94640673686,87.56439336,99.6423327477881,3081.14161310107,3506.12990137974
"BWA","1 to 5 months",753.486241753978,3614.85179835186,20844.1807240208,704.514316937661,805.98138071243,3379.90888807531,3866.69733573945
"BWA","6-11 months",415.639433009315,1712.46111958329,24271.46685295,390.190410359962,439.867036433177,1607.60951418367,1812.28039944242
"BWA","12 to 23 months",267.75021981923,550.82061287192,48609.3318881458,252.725695096621,285.89755832048,519.9118878617,588.15364707821
"BWA","2 to 4",152.870976520569,104.50277145648,146284.136190811,143.91565913345,161.928715541487,98.38090642017,110.69465203682
"CAF","0 to 6 days (early neonatal)",7037.32450846182,151455.985829796,4646.4485836633,6703.26325850479,7397.5034610518,144266.381900214,159207.690085307
"CAF","7 to 27 days (late neonatal)",1427.91290145188,10471.438536123,13636.2630265751,1335.12273365065,1543.98955052886,9790.97228506582,11322.6735764765
"CAF","1 to 5 months",5909.77350905939,5978.84571834592,98844.7233372392,5488.20793816984,6414.42272458194,5552.3529763396,6489.39316942308
"CAF","6-11 months",4597.78923346703,4053.19105525019,113436.281951511,4273.29253748788,4923.7317016665,3767.13029021395,4340.52634391806
"CAF","12 to 23 months",2243.13564726023,1026.20996477015,218584.473379446,2067.05989392918,2428.14810064154,945.65723812456,1110.85113370631
"CAF","2 to 4",6934.86642818843,1166.30637145601,594600.749675317,6436.8287426355,7505.20811899725,1082.54635503745,1262.22648106237
"CIV","0 to 6 days (early neonatal)",23209.8890976878,133899.889129543,17333.7627451156,22113.1031326327,24478.6729430518,127572.434547507,141219.614592623
"CIV","7 to 27 days (late neonatal)",4333.43143534707,8489.50680264777,51044.5604919655,3981.66353738175,4680.57366340695,7800.3679510738,9169.58363103876
"CIV","1 to 5 months",14287.7443456846,3856.55837828247,370479.14083561,13309.9906120637,15331.2137479647,3592.64237712363,4138.21240067266
"CIV","6-11 months",10617.9526447007,2500.31643411836,424664.354471786,9771.71999984914,11468.0687206553,2301.04549556639,2700.50184337222
"CIV","12 to 23 months",10406.0468161142,1261.93258467121,824611.943816745,9677.74132303197,11217.9204656625,1173.61158731685,1360.38782239073
"CIV","2 to 4",15045.2053958173,648.77584434823,2319014.42183501,13807.2997326035,16243.987029992,595.39516454055,700.4694268843
"CMR","0 to 6 days (early neonatal)",22655.585674722,117350.319865528,19305.9428390849,21341.6559464232,24018.9121241116,110544.4894575,124412.013048569
"CMR","7 to 27 days (late neonatal)",4934.42659692459,8641.48848769296,57101.5815614649,4573.67042543415,5379.77220754728,8009.70883881909,9421.40665886184
"CMR","1 to 5 months",12706.8388974087,3058.66229236977,415437.785632876,11664.5775631558,13919.7099342387,2807.7796403103,3350.61239387108
"CMR","6-11 months",12502.9482253325,2617.94257817257,477586.801543219,11494.7499720458,13442.6484559356,2406.83995765859,2814.7026702787
"CMR","12 to 23 months",12867.5253247858,1376.27647104815,934952.067805538,11951.0028331289,13752.2949876295,1278.24764976236,1470.90909375793
"CMR","2 to 4",21164.9049326322,802.03021453136,2638916.1591623,19288.3979000312,23060.8328987563,730.92120918893,873.87516343364
"COD","0 to 6 days (early neonatal)",54777.7651766356,96315.1988275883,56873.4382978247,51912.143451911,57828.23895335,91276.604695617,101678.816481123
"COD","7 to 27 days (late neonatal)",10665.0028501862,6345.50454530244,168071.786475695,9908.20877514484,11493.523361912,5895.22428654478,6838.46087610552
"COD","1 to 5 months",42905.6492648664,3507.43448281961,1223277.28358235,39888.5266241353,46390.8631615145,3260.7919038047,3792.34240544871
"COD","6-11 months",43177.5078074106,3072.20964226323,1405421.92217074,40005.7381041207,46311.5942747586,2846.52868103339,3295.20932783149
"COD","12 to 23 months",31044.7637151542,1128.01099448412,2752168.53975364,28763.1076707689,33213.9164533152,1045.10705849954,1206.82712463127
"COD","2 to 4",65640.4535416074,843.62241945785,7780785.814558,60948.5780464369,70796.7776705014,783.32162713438,909.89238565132
"COG","0 to 6 days (early neonatal)",2639.65102331663,85096.0448071569,3101.9667592055,2471.63341598626,2796.25725534564,79679.5584172962,90144.6557106831
"COG","7 to 27 days (late neonatal)",534.070009408613,5795.80526813504,9214.76800376463,493.996751418143,578.130814122404,5360.92445535605,6273.95951679102
"COG","1 to 5 months",1655.94024038965,2449.82257539423,67594.2926243618,1535.28944390308,1794.11305126499,2271.32999591411,2654.23748308948
"COG","6-11 months",1360.8756101146,1726.60799139026,78817.8681496098,1258.61463725196,1475.07923807861,1596.86460291326,1871.5035977358
"COG","12 to 23 months",1074.30292778261,675.99116992975,158922.627331693,984.827104726902,1161.33342602025,619.68966991179,730.75398105293
"COG","2 to 4",1882.26599761028,403.33257228584,466678.400641624,1740.9851046144,2028.67566640774,373.05885642463,434.7052838997
"COM","0 to 6 days (early neonatal)",369.442434034081,91911.4299820424,401.95483206633,349.244945488006,388.77899109289,86886.6145214979,96722.0593155437
"COM","7 to 27 days (late neonatal)",107.898911817395,9055.69930850196,1191.50281100979,99.135733768295,116.922452255201,8320.22659554434,9813.02361814068
"COM","1 to 5 months",209.912335581845,2398.36883655801,8752.29582632078,195.401644780069,226.123061499449,2232.57587103532,2583.58567839342
"COM","6-11 months",155.931556493097,1526.12519688669,10217.4812925701,143.972437416446,167.569577857348,1409.07953040383,1640.02823258605
"COM","12 to 23 months",110.467320149619,545.42416044702,20253.4702641486,101.532984079896,118.865342571831,501.31154195152,586.88877027775
"COM","2 to 4",137.845213877954,227.81130675548,60508.5040954134,127.18568093256,149.475689630461,210.19472028594,247.0325318153
"CPV","0 to 6 days (early neonatal)",111.225162738365,57689.6956594788,192.799011100504,104.439649464454,118.768239056718,54170.2205152964,61602.0997093212
"CPV","7 to 27 days (late neonatal)",24.6408235248713,4283.33192192212,575.272334108861,22.6333191538937,26.5895076048323,3934.36600578999,4622.07306492869
"CPV","1 to 5 months",56.4020906173778,1324.62896992806,4257.95387975253,52.169724450944,61.1230702024832,1225.2299091125,1435.50334100931
"CPV","6-11 months",45.9950246850158,912.91645842119,5038.25122887589,42.7051482841195,49.5854698769944,847.61847601728,984.18017729652
"CPV","12 to 23 months",27.6508396172725,272.56882921391,10144.5347573373,25.6930608100053,29.8909884461874,253.26997663862,294.65115119811
"CPV","2 to 4",31.7604027287514,102.63722774092,30944.3302667157,29.4559496356292,34.4400943724906,95.19013461187,111.29694543603
"DJI","0 to 6 days (early neonatal)",676.997341914203,102274.34532754,661.942483959273,639.228081398094,716.816976530835,96568.5232310039,108289.918520313
"DJI","7 to 27 days (late neonatal)",169.747531423051,8656.14038029066,1961.00714597412,157.303926538423,184.483632434097,8021.58864445564,9407.59613308071
"DJI","1 to 5 months",538.360046131075,3759.46793196437,14320.1127360002,498.767825766746,577.906950599892,3482.98812280201,4035.63129183372
"DJI","6-11 months",239.281183316647,1445.50486653915,16553.4678475028,220.767596876705,257.504172516079,1333.66373082972,1555.59049552825
"DJI","12 to 23 months",132.524084062323,410.32311162368,32297.4944155388,122.262850090533,143.25120089268,378.55212084722,443.53657608734
"DJI","2 to 4",218.923729396739,242.27340021091,90362.2639572303,201.928045343625,236.403870198968,223.46501349191,261.61791421124
"ERI","0 to 6 days (early neonatal)",2778.38600849673,74298.0314406957,3739.51497047996,2603.48856739278,2964.44360283017,69621.0227247366,79273.4786792333
"ERI","7 to 27 days (late neonatal)",873.798635999165,7875.26193223703,11095.4866456227,811.976786909576,946.232320586385,7318.0817826491,8528.08309187311
"ERI","1 to 5 months",1985.96818285917,2446.42026241619,81178.5372026694,1823.6213342155,2144.23453672555,2246.43285904828,2641.38109728718
"ERI","6-11 months",1517.64755931861,1612.14937018051,94138.1479526728,1405.88550497183,1635.57698293865,1493.42804755266,1737.42209562156
"ERI","12 to 23 months",1870.85310835859,1012.7128527448,184736.779363265,1738.7077649951,2021.29874844453,941.18116110281,1094.15069127619
"ERI","2 to 4",3681.25375015616,700.87573421425,525236.296600167,3389.31858780954,3969.96904971816,645.29405331437,755.84438383554
"ETH","0 to 6 days (early neonatal)",81977.0890860459,133583.264848914,61367.7837405485,77637.1025094604,86549.5914703708,126511.17211222,141034.246627329
"ETH","7 to 27 days (late neonatal)",22562.2071764794,12455.3042158776,181145.372167769,21013.7802420172,24437.600577081,11600.5062622053,13490.601655806
"ETH","1 to 5 months",39991.1041213342,3027.22587977305,1321047.90688207,37434.1002800145,43401.3834342365,2833.6671278157,3285.37543628318
"ETH","6-11 months",23181.7931401001,1517.51457862297,1527615.84413481,21559.6159994845,24896.0844391605,1411.32445583497,1629.73463091179
"ETH","12 to 23 months",20351.9612561001,677.24021719049,3005131.81874071,18963.0784046451,21867.5442992829,631.02318129231,727.67338067873
"ETH","2 to 4",34216.526292913,393.83999393288,8687925.76173571,31580.2952543496,36818.313352235,363.49637554961,423.7871542871
"GAB","0 to 6 days (early neonatal)",772.871788165948,79897.640581211,967.327423618188,730.938455681149,824.458275829764,75562.672765665,85230.5285366524
"GAB","7 to 27 days (late neonatal)",134.462210329217,4680.7507044745,2872.66335719781,124.743979273976,144.062643803797,4342.45032441462,5014.95044460505
"GAB","1 to 5 months",356.21716428625,1692.5208810379,21046.5447296466,328.218431184898,383.954202361136,1559.48843575527,1824.30991544323
"GAB","6-11 months",352.659551859875,1442.46042633759,24448.4732766831,326.477562474636,381.424859514853,1335.36993815479,1560.11729320793
"GAB","12 to 23 months",266.58378799303,555.60226124224,47981.0480607099,248.540592567587,287.41693653881,517.99742317657,599.02179747125
"GAB","2 to 4",352.894144264732,258.94407523424,136281.992142707,328.230458600977,379.150526548717,240.84653697847,278.21029072696
"GHA","0 to 6 days (early neonatal)",17571.3002620631,101984.209051752,17229.4323066688,16577.657735669,18482.1705329825,96217.0862080724,107270.919923629
"GHA","7 to 27 days (late neonatal)",2869.5342998833,5621.93338198638,51041.7698843208,2640.91553725976,3099.85950911493,5174.02814057003,6073.18185897617
"GHA","1 to 5 months",7266.25220902883,1949.46835079502,372729.939732828,6650.16282658954,7881.19804821595,1784.17726017834,2114.45263931982
"GHA","6-11 months",4344.4091625123,1006.78398001701,431513.537038889,4009.51301307097,4699.86487068389,929.17432917281,1089.15815316828
"GHA","12 to 23 months",4576.8502592748,545.22343704246,839444.885953861,4268.79476170212,4978.71278629623,508.52591196044,593.09585055592
"GHA","2 to 4",8986.72205235036,381.83222207274,2353578.75340295,8242.44191540922,9657.0860057008,350.20888523453,410.31497211376
"GIN","0 to 6 days (early neonatal)",11325.0379177184,127989.802576319,8848.39080126357,10768.7360217362,11905.6350033937,121702.762271738,134551.414723834
"GIN","7 to 27 days (late neonatal)",2728.56269095687,10477.0458048513,26043.2448400049,2521.97858899155,2930.74295478338,9683.81092481053,11253.370971199
"GIN","1 to 5 months",7119.3785008416,3772.64499119435,188710.533788862,6507.35623960576,7644.43805624251,3448.32697409807,4050.88041603204
"GIN","6-11 months",6017.96303433982,2786.10600862178,215999.0687977,5601.47569057066,6497.22407324935,2593.28696264745,3007.98707578434
"GIN","12 to 23 months",7138.08964818967,1683.89051589313,423904.617361874,6604.84142557558,7664.34128751181,1558.09612706748,1808.03439585302
"GIN","2 to 4",11589.3475876711,966.77088940067,1198768.77911122,10733.0535336274,12632.6936933961,895.33976198354,1053.80569743918
"GMB","0 to 6 days (early neonatal)",1748.31333259546,122892.611943266,1422.63501845218,1659.76638332499,1840.8651570643,116668.461115965,129398.273850109
"GMB","7 to 27 days (late neonatal)",330.414666032702,7843.45953437943,4212.61389294391,301.855517738617,355.078668950521,7165.5158865668,8428.93932304773
"GMB","1 to 5 months",643.383114591852,2080.98437497962,30917.248698619,588.635814616638,694.20993472396,1903.90749304588,2245.38069829923
"GMB","6-11 months",453.689349089564,1258.62581769462,36046.4041585108,421.556120117265,486.666081740329,1169.48175541591,1350.10992941282
"GMB","12 to 23 months",466.765444608229,660.24680458582,70695.6007005647,432.867622990371,502.738089680508,612.29782150633,711.13065692714
"GMB","2 to 4",823.485800946362,408.27607650817,201698.274361144,751.128084025889,891.017488089733,372.40183953234,441.75761588042
"GNB","0 to 6 days (early neonatal)",2089.32894272779,158256.30372776,1320.21846429698,1988.33143683669,2196.46213066698,150606.243633737,166371.111302144
"GNB","7 to 27 days (late neonatal)",371.133735615642,9541.32989599853,3889.7484906301,341.877328345382,400.740396076578,8789.18853414095,10302.4757781103
"GNB","1 to 5 months",910.27427280379,3206.70569176367,28386.5861198863,848.370579520255,972.923685556867,2988.63194023154,3427.4064568662
"GNB","6-11 months",583.122252696728,1774.30186854946,32864.8841007785,535.76237387286,628.34389009245,1630.19705844685,1911.90052021989
"GNB","12 to 23 months",602.301753948276,938.55581037322,64173.2486540964,562.055371356617,650.892707135711,875.84060826682,1014.27420426247
"GNB","2 to 4",1302.55215584832,721.78233603196,180463.290776714,1209.9774550974,1398.19386914623,670.48398036501,774.78021326575
"GNQ","0 to 6 days (early neonatal)",635.123218399674,80381.0804255961,790.140186019979,597.760728344191,673.424743401958,75652.490396062,85228.5145493069
"GNQ","7 to 27 days (late neonatal)",156.485157676477,6676.8382310078,2343.7014985588,143.473068071617,168.648820507961,6121.64425204498,7195.83191851297
"GNQ","1 to 5 months",567.7270387504,3312.56816249508,17138.5768050967,522.186734873763,616.604607778771,3046.850043689,3597.75852330634
"GNQ","6-11 months",376.235105429406,1897.02020432086,19832.951940757,349.370136804428,403.27122735793,1761.56397619493,2033.33940687469
"GNQ","12 to 23 months",293.761699855866,740.33642636649,39679.4875132139,267.788587060095,318.530050021037,674.87914749634,802.7574698765
"GNQ","2 to 4",368.572696362013,314.68685179653,117123.640297601,341.060542311938,399.795683023279,291.19701321213,341.34499406562
"KEN","0 to 6 days (early neonatal)",22277.3811901825,87252.5414465415,25532.0714111595,20843.321746767,23713.0419166038,81635.8430583776,92875.5114880315
"KEN","7 to 27 days (late neonatal)",3462.57632119187,4568.40257706165,75794.0278419807,3206.70459683801,3726.83526540884,4230.81433740864,4917.05662242775
"KEN","1 to 5 months",9946.99450057862,1785.44437001477,557115.901656255,9281.68091520864,10673.8928230043,1666.02333331629,1915.91961228745
"KEN","6-11 months",8937.61032369256,1371.08440304704,651864.342109792,8345.19909825559,9625.0294265059,1280.20487686838,1476.53872205281
"KEN","12 to 23 months",5961.01171684229,457.55449904103,1302798.18673748,5529.4499208648,6386.45329609147,424.42873939761,490.21048394952
"KEN","2 to 4",8215.24411261807,211.3455033931,3887115.63800713,7577.25219584979,8898.61986151735,194.93251298627,228.926039002
"LBR","0 to 6 days (early neonatal)",4914.71788635222,154854.497946854,3173.76501910777,4704.62016577485,5127.48322888094,148234.671988963,161558.376187611
"LBR","7 to 27 days (late neonatal)",910.242581500488,9709.92573882384,9374.35162723238,838.987236485408,989.210862651256,8949.81615633193,10552.3123303548
"LBR","1 to 5 months",3165.05911618481,4633.83034593694,68303.3015863435,2961.0253959304,3390.37187354425,4335.11313093307,4963.70130696891
"LBR","6-11 months",2555.96147297978,3241.16535853939,78859.3357708726,2360.65299239308,2750.9534461419,2993.49844798592,3488.43091214318
"LBR","12 to 23 months",2457.09548433076,1643.67257403758,149488.135480356,2275.46742989932,2651.41398360146,1522.1725942246,1773.66181943575
"LBR","2 to 4",2735.66138109034,660.13155595675,414411.545154126,2540.10057151974,2951.74562307064,612.94155561594,712.27398405922
"LSO","0 to 6 days (early neonatal)",1221.67450413609,136855.510765591,892.67468829121,1160.78062791295,1281.21586111297,130034.002659464,143525.505754568
"LSO","7 to 27 days (late neonatal)",234.045856350748,8878.48177320952,2636.10223379601,218.109671496407,253.472576863235,8273.94585460852,9615.43044930515
"LSO","1 to 5 months",689.773536895773,3574.01117006392,19299.7028849083,630.463847162333,737.389700119608,3266.70234729538,3820.73083983185
"LSO","6-11 months",433.936700762338,1928.48834935739,22501.3908384219,398.004767103166,468.210655328246,1768.80073752401,2080.80762069499
"LSO","12 to 23 months",284.310059580552,627.86037507795,45282.3702316386,262.558989202609,305.157376004747,579.82607328086,673.89885830564
"LSO","2 to 4",346.159847643259,255.58991790807,135435.642562304,319.421414260918,372.068672338612,235.84737977226,274.71990777276
"MDG","0 to 6 days (early neonatal)",19504.9665149343,109527.388924705,17808.3004684272,18431.0759001803,20573.3185009569,103497.107614829,115526.568845982
"MDG","7 to 27 days (late neonatal)",3135.92812154978,5954.15411677856,52667.9031151187,2877.09028728433,3402.08884396262,5462.70141227331,6459.51071286531
"MDG","1 to 5 months",10810.9445221609,2820.55040003095,383292.017119861,10036.5371611902,11675.6279105706,2618.50931219672,3046.14429444781
"MDG","6-11 months",9426.05847585279,2139.20260912055,440634.208076623,8696.75195876251,10195.1869287104,1973.68969529715,2313.75293652588
"MDG","12 to 23 months",8306.9211755942,973.98971603194,852875.655549713,7705.2447005389,8893.84876582658,903.44291695986,1042.8072026624
"MDG","2 to 4",13733.5852097747,580.95604432369,2363962.87532604,12735.8255863254,14820.4923561432,538.7489676448,626.93422603344
"MLI","0 to 6 days (early neonatal)",25554.3816598649,152492.474130805,16757.7985769611,24406.0265493227,26963.6852853289,145639.813232249,160902.311610303
"MLI","7 to 27 days (late neonatal)",5290.58795552659,10779.6771694717,49079.2801338214,4862.93655863235,5683.9882944478,9908.32902473894,11581.2381089324
"MLI","1 to 5 months",11324.9456170909,3195.40476166645,354413.492555002,10503.9433470102,12168.8938124214,2963.75379822204,3433.53006249697
"MLI","6-11 months",10053.2755149646,2494.63781403271,402995.395099578,9241.8219792736,10839.4714391702,2293.28227857045,2689.72588048849
"MLI","12 to 23 months",11512.8475953537,1482.91299088148,776367.033409704,10733.0918970861,12403.8945284574,1382.47651371127,1597.68434189961
"MLI","2 to 4",24232.2228913844,1145.45654887031,2115507.82221142,22150.0086275426,26160.9767197724,1047.0303345127,1236.62869241606
"MOZ","0 to 6 days (early neonatal)",23777.2480515257,115368.274963855,20609.867018446,22483.9319893991,25002.4361950413,109093.047370349,121312.942837835
"MOZ","7 to 27 days (late neonatal)",3407.24720517789,5592.94820846185,60920.4140317784,3160.28029543941,3694.14310261215,5187.55551101621,6063.88377578187
"MOZ","1 to 5 months",13732.9527296918,3097.30560907198,443383.845929445,12748.3842344681,14752.5920498405,2875.24779071377,3327.27323858976
"MOZ","6-11 months",11037.6458965482,2169.42317085189,508782.52084926,10218.6462177861,11894.6536725467,2008.45072286075,2337.86602037589
"MOZ","12 to 23 months",8751.72445474373,874.38786009732,1000897.29674079,8096.59864032602,9493.45330937964,808.93401018175,948.49425013865
"MOZ","2 to 4",13317.5692748943,463.41007746991,2873819.52235577,12230.7351792894,14417.5465539172,425.59162411366,501.68587281704
"MRT","0 to 6 days (early neonatal)",2777.65733330479,105817.240384536,2624.95725952679,2642.79359221576,2932.26347441413,100679.490404053,111707.09404018
"MRT","7 to 27 days (late neonatal)",581.545107236431,7479.04628063327,7775.65862565019,538.706266478941,629.719038211529,6928.11107604271,8098.59419669254
"MRT","1 to 5 months",1214.12389835193,2131.68513609142,56956.0615587957,1120.51307843435,1321.00507125582,1967.32893351069,2319.34061994815
"MRT","6-11 months",578.393861562466,873.33682458197,66228.0400049911,534.359272693904,622.670666053657,806.84748129891,940.19189758105
"MRT","12 to 23 months",561.43667133656,429.05819611857,130853.268021806,517.362789500981,600.642972725335,395.3762846907,459.02023067948
"MRT","2 to 4",974.742121971038,258.16976430509,377558.590021078,906.409445796682,1059.36352755567,240.07120212682,280.58255210046
"MWI","0 to 6 days (early neonatal)",12574.9872492674,108814.264312272,11556.3775840822,11866.3419807419,13235.4218149631,102682.193398446,114529.156897691
"MWI","7 to 27 days (late neonatal)",2127.03249766504,6219.22402886315,34200.930659413,1956.95247521046,2306.16330346816,5721.92755424875,6742.98406214114
"MWI","1 to 5 months",6244.49238726967,2497.57873776051,250021.842869662,5747.02546420914,6738.76417744212,2298.60935278566,2695.27018123575
"MWI","6-11 months",5250.94758747727,1811.67306676619,289839.689279597,4838.99508290761,5711.77447061638,1669.54190950695,1970.66677956118
"MWI","12 to 23 months",5095.87002682978,888.83724483017,573318.687585312,4726.16831315319,5516.26700657044,824.35274054274,962.16417256582
"MWI","2 to 4",8595.67266188729,515.20838336531,1668387.57664246,7950.46242981199,9235.6777752231,476.53570076396,553.56908098114
"NAM","0 to 6 days (early neonatal)",874.768759188005,72104.998219287,1213.18740835086,826.358832236092,922.963024596741,68114.6891690374,76077.5308285933
"NAM","7 to 27 days (late neonatal)",143.160331492821,3969.38985761773,3606.60798329193,134.436325087345,153.022142946946,3727.50034686715,4242.82715659259
"NAM","1 to 5 months",673.011063616505,2541.62699697903,26479.537100308,632.796667141978,713.065170560197,2389.7572859558,2692.89137441872
"NAM","6-11 months",350.967195269118,1135.81290636741,30900.0886767162,329.625807790116,372.654356335194,1066.7471256757,1205.9976922202
"NAM","12 to 23 months",408.526935834117,645.0644882077,63331.1774717597,384.50820113562,431.360075462722,607.13887927803,681.11804119712
"NAM","2 to 4",467.19858143405,243.41710854609,191933.337892553,440.387657301044,494.159250932527,229.44823558874,257.46400096952
"NER","0 to 6 days (early neonatal)",22302.0641726436,119483.126034907,18665.4508571596,21041.6282183874,23414.7479690017,112730.350739513,125444.320355221
"NER","7 to 27 days (late neonatal)",9248.20148130118,16768.7467363962,55151.4172566527,8512.20660190118,9966.12297569342,15434.2481577378,18070.4748335207
"NER","1 to 5 months",15375.1956053344,3851.20041324495,399231.251441925,14273.7989034515,16651.9988084154,3575.32103308498,4171.01585817053
"NER","6-11 months",16537.748309585,3631.65938042259,455377.186493206,15374.0421304566,17848.8387015075,3376.11162492568,3919.57244036726
"NER","12 to 23 months",25317.5346345158,2879.23812383332,879313.677633889,23444.776718943,27165.182280005,2666.25861911186,3089.36196160428
"NER","2 to 4",42000.2892874221,1741.00591968068,2412415.07640166,38912.9483331776,45872.3108237647,1613.02873265159,1901.50987168376
"NGA","0 to 6 days (early neonatal)",221296.034566867,144869.642964523,152755.284018377,211771.593525213,233342.984173729,138634.545368484,152756.080205813
"NGA","7 to 27 days (late neonatal)",46804.0149175213,10424.7618696622,448969.631179094,43477.5534276174,50081.5541270891,9683.85173701743,11154.7754344907
"NGA","1 to 5 months",114973.333219869,3525.61165667897,3261088.98017914,106444.183825476,122507.990071371,3264.06867376028,3756.65892025557
"NGA","6-11 months",109035.861174101,2912.3872979961,3743865.42782702,101278.306751534,116560.577470005,2705.18021290944,3113.37519248542
"NGA","12 to 23 months",118366.300610282,1624.58136501604,7285957.0569501,109861.149507362,127427.491275663,1507.84788667627,1748.94650462028
"NGA","2 to 4",253983.611871161,1250.42717343165,20311747.6385397,236483.582757926,271998.334657664,1164.26999274657,1339.11832451863
"RWA","0 to 6 days (early neonatal)",7157.16321578967,99839.6196782204,7168.66033630432,6721.78604501789,7577.18602586431,93766.2789095569,105698.773137445
"RWA","7 to 27 days (late neonatal)",1671.8371362838,7862.45058225823,21263.5630430077,1551.5866742848,1809.55623520221,7296.92700676062,8510.12707297548
"RWA","1 to 5 months",4149.02633322463,2666.05934989507,155623.929879428,3852.24743838914,4472.85069068422,2475.35674068489,2874.14068912772
"RWA","6-11 months",3233.0146264543,1789.14010189414,180702.149766335,2982.8908497248,3498.34370302461,1650.722392391,1935.97237639304
"RWA","12 to 23 months",3247.97368325217,910.39017248311,356767.217114531,3008.85487356703,3506.47127531802,843.36641070952,982.84570641825
"RWA","2 to 4",4733.83624584738,459.49665303133,1030222.13864191,4355.17094648081,5076.20869875686,422.74095878215,492.72952971565
"SEN","0 to 6 days (early neonatal)",10051.1372087791,104228.379058402,9643.37860722863,9487.97132744704,10545.5174715694,98388.4560991405,109355.008250579
"SEN","7 to 27 days (late neonatal)",2649.99852086836,9292.11174015204,28518.7973947566,2452.39366113064,2849.97155399686,8599.21835828016,9993.30902543894
"SEN","1 to 5 months",3940.37726235594,1892.67320308927,208191.105359571,3674.99008174019,4275.58456331936,1765.20033139411,2053.68262776401
"SEN","6-11 months",2329.10648495378,964.06263289545,241592.859787395,2155.72038290863,2501.38800022601,892.29474116317,1035.37331460345
"SEN","12 to 23 months",2461.9691116352,509.84309925611,482887.601151678,2274.72570309056,2628.5145396868,471.06732450065,544.33258038058
"SEN","2 to 4",4359.56632279056,309.58734576711,1408186.2138093,4017.72595701878,4697.2169372772,285.3121211967,333.56504212399
"SLE","0 to 6 days (early neonatal)",6933.38813469646,144518.387782414,4797.58198322509,6599.04874619201,7350.03099829206,137549.473240183,153202.822254871
"SLE","7 to 27 days (late neonatal)",1206.3693630245,8538.30208703976,14128.9140478602,1113.76548235734,1299.00307196054,7882.88100971223,9193.93427945211
"SLE","1 to 5 months",6260.26688050819,6133.73809751022,102062.833153071,5820.42586378722,6781.41806313772,5702.78688526893,6644.35608304852
"SLE","6-11 months",5863.36316495412,5070.27580164616,115641.897883552,5378.63752562021,6310.53590487086,4651.1148848805,5456.96328092555
"SLE","12 to 23 months",4500.10393211015,2090.83006713146,215230.496387692,4189.31570186056,4830.91939884661,1946.43220741098,2244.53294487819
"SLE","2 to 4",5894.81572069707,986.62264892393,597474.194123388,5467.37216944099,6384.80442561634,915.08088938682,1068.63266872708
"SOM","0 to 6 days (early neonatal)",15554.6185668903,111148.189107163,13994.4867224902,14738.8785563456,16522.4785833578,105319.179249776,118064.198501863
"SOM","7 to 27 days (late neonatal)",5980.46847482978,14504.3700493667,41232.1835038324,5530.40848909512,6406.1017284602,13412.8440919969,15536.6540990117
"SOM","1 to 5 months",13301.1211542096,4472.22521255957,297416.174768108,12324.4118693051,14313.6370470262,4143.8270393042,4812.66261264585
"SOM","6-11 months",11689.3011415305,3461.54059445215,337690.713789838,10830.308525505,12540.4556543131,3207.16800410603,3713.59209543372
"SOM","12 to 23 months",12086.6639317231,1853.6997265033,652029.223445081,11214.9153986091,13085.7475789475,1720.00195625491,2006.92654691261
"SOM","2 to 4",16380.2508396127,935.67821221564,1750628.64837101,15060.3719923293,17665.7510515942,860.28364761101,1009.10898882139
"SSD","0 to 6 days (early neonatal)",7091.78719628702,101020.503508919,7020.14635638882,6728.21765744882,7501.74920227603,95841.5582222965,106860.296373293
"SSD","7 to 27 days (late neonatal)",1899.50913547153,9142.90264255625,20775.777777947,1770.39171119869,2046.02335949071,8521.42206236883,9848.11919610789
"SSD","1 to 5 months",10174.6601918149,6670.25821421808,152537.725902828,9315.56625444047,11039.0640252487,6107.05725374115,7236.94021260089
"SSD","6-11 months",5273.51694198403,2955.79331516111,178412.912531287,4913.54320329542,5681.23880866068,2754.0289172925,3184.32042168719
"SSD","12 to 23 months",5178.76581966006,1473.83418012108,351380.493783542,4777.8697415714,5607.45535780229,1359.74245187175,1595.83569862492
"SSD","2 to 4",7977.90843784263,791.57530890149,1007852.10808482,7353.27961670457,8578.49392335923,729.59907090711,851.16594533503
"STP","0 to 6 days (early neonatal)",51.574346371993,49652.8660553595,103.86982760369,48.3025597157638,55.029754766673,46502.9747618912,52979.5379815554
"STP","7 to 27 days (late neonatal)",23.050769688459,7442.67037268568,309.71101142749,21.3506171675916,24.8255729321198,6893.72233463203,8015.72175871182
"STP","1 to 5 months",44.3846900807996,1940.7179910892,2287.02419849724,41.2317124729509,48.052230071902,1802.85422865414,2101.08096379025
"STP","6-11 months",40.0498097159192,1484.22547180657,2698.36426315817,37.1491265475973,43.4433932908643,1376.72763662078,1609.98994405663
"STP","12 to 23 months",38.6963653781206,712.77196898323,5428.99651810396,35.9287252040487,41.8496608395078,661.79311561976,770.85444243614
"STP","2 to 4",48.9127324299596,294.0207727083,16635.8084088454,45.4342090199724,52.5384470818343,273.11091774665,315.81541329786
"SWZ","0 to 6 days (early neonatal)",578.439075301826,96522.5193148628,599.278882697747,540.28605973881,612.378391510819,90156.0317471273,102185.878593636
"SWZ","7 to 27 days (late neonatal)",84.7974046380397,4755.63264936132,1783.09408842645,79.2145698303752,92.0712558773394,4442.53448791817,5163.5668849416
"SWZ","1 to 5 months",561.997569965683,4293.35971249711,13089.9250843068,516.181303989141,606.331542679948,3943.34803801115,4632.04746226442
"SWZ","6-11 months",441.485065334786,2887.56538455541,15289.1798639829,407.440399811965,476.684706376185,2664.89375778607,3117.79121324306
"SWZ","12 to 23 months",257.054649931425,855.86704776708,30034.4137097076,238.71558906834,275.741331799275,794.80688844339,918.08461608209
"SWZ","2 to 4",259.006737901848,295.64353585354,87607.779806205,236.261664848197,278.945613410368,269.68114632151,318.40278800287
"TCD","0 to 6 days (early neonatal)",18625.4403595614,137644.452417372,13531.5590512028,17746.0074181075,19488.0127821636,131145.327385835,144018.975998418
"TCD","7 to 27 days (late neonatal)",4827.05500009685,12115.276826122,39842.7132072553,4452.20718742545,5198.20703348967,11174.4578343995,13046.8198951448
"TCD","1 to 5 months",13795.9399230334,4808.39218570824,286913.783032058,12852.9610302384,14961.7381411711,4479.72937877378,5214.71571810107
"TCD","6-11 months",13871.2552661712,4270.37192413557,324825.460465696,12784.2318711092,15143.5572154839,3935.72346600562,4662.05980090751
"TCD","12 to 23 months",10516.2831117467,1680.09675073725,625933.18552232,9663.25161696754,11358.279436648,1543.81519313501,1814.61531348108
"TCD","2 to 4",18783.5615781379,1092.00584307407,1720097.16772768,17393.7986342918,20184.7769257817,1011.21023629553,1173.46724966977
"TGO","0 to 6 days (early neonatal)",5599.6442863541,117105.394412006,4781.71335698948,5288.69290125027,5898.97537116619,110602.46623775,123365.307176843
"TGO","7 to 27 days (late neonatal)",1077.02425500032,7614.781743843,14143.86244059,990.37389950151,1160.63259140493,7002.14600970197,8205.90978086825
"TGO","1 to 5 months",2529.01487602134,2443.16886867429,103513.715668522,2328.96544727735,2746.45732337527,2249.91000683939,2653.23035274877
"TGO","6-11 months",2348.77759136576,1954.72307957812,120159.096493233,2191.53650042045,2535.40685845245,1823.8623328396,2110.04154695458
"TGO","12 to 23 months",2425.19648309061,1026.42553349907,236275.930785076,2235.87343387316,2628.68785173213,946.29758792781,1112.54999313631
"TGO","2 to 4",5236.24373228474,775.19976045165,675470.2464348,4883.58744055159,5652.85042825269,722.99075589601,836.87630329967
"TZA","0 to 6 days (early neonatal)",42548.8797980153,113521.452033153,37480.9157529004,40238.0841085813,44777.5125209644,107356.192612417,119467.498649628
"TZA","7 to 27 days (late neonatal)",6388.05765106985,5754.93957949287,111001.298325234,5971.30167297957,6870.69066150629,5379.48813488979,6189.73900771427
"TZA","1 to 5 months",16271.4735389808,2006.66729202242,810870.521668872,15083.2273608987,17543.5482086048,1860.12772172991,2163.54494827336
"TZA","6-11 months",13174.724934536,1405.86773424297,937124.070325881,12185.7279972601,14210.9963461921,1300.33240881568,1516.44769312673
"TZA","12 to 23 months",12160.1443469395,661.19153270957,1839125.84256897,11307.8795475552,13027.2537546193,614.85077778907,708.33944328803
"TZA","2 to 4",14972.1894646962,288.09528454093,5196957.48875371,13878.9757073898,15999.9747741527,267.05963513121,307.87195794418
"UGA","0 to 6 days (early neonatal)",31706.2751534921,107625.253223391,29459.8843708934,29956.0933227993,33659.7673167503,101684.3547166,114256.277767358
"UGA","7 to 27 days (late neonatal)",5110.37225329876,5862.285221419,87173.7225378768,4748.2472128617,5515.90421626837,5446.87903031628,6327.48499855759
"UGA","1 to 5 months",16736.0725246821,2629.71810899076,636420.780899027,15518.1549173434,17937.1199239445,2438.34824114668,2818.43718217465
"UGA","6-11 months",15154.7613957331,2061.02826057829,735300.999292503,14108.9323098624,16450.4526773076,1918.79683604916,2237.24062569424
"UGA","12 to 23 months",14935.2093776639,1043.76690541365,1430895.08780172,13910.5256373854,16116.3172196574,972.1555239075,1126.31019262334
"UGA","2 to 4",19337.6383764756,481.88091740712,4012949.60599945,17989.6929983098,20845.2728315424,448.29102691484,519.45015208709
"ZMB","0 to 6 days (early neonatal)",11301.0776774266,92046.7714728508,12277.5383607668,10688.2981506753,12015.2420094298,87055.7096757281,97863.6079674143
"ZMB","7 to 27 days (late neonatal)",2415.7465330665,6645.67105876072,36350.678685517,2240.61469035608,2616.66841648185,6163.88681416504,7198.40319659396
"ZMB","1 to 5 months",6871.68616569405,2590.26507103483,265288.917436885,6390.60462760102,7404.69290259237,2408.92257744669,2791.18063963378
"ZMB","6-11 months",6059.23752509029,1979.38866683958,306116.611992372,5601.86427083928,6512.08058884737,1829.97722154944,2127.32022168391
"ZMB","12 to 23 months",6237.93556549641,1034.95063088166,602727.838349391,5787.01634308679,6692.65073076147,960.13755709956,1110.39349851332
"ZMB","2 to 4",7906.51211514753,463.85339584706,1704528.23800269,7339.48903787814,8481.4056758301,430.58770598476,497.58082540002
"ZWE","0 to 6 days (early neonatal)",9730.27207588792,107053.701956979,9089.15048990847,9161.5813839468,10277.2142874053,100796.893990464,113071.230351131
"ZWE","7 to 27 days (late neonatal)",2083.76367009666,7736.84144930714,26933.0021010482,1940.78915765322,2236.79614982403,7205.9889587195,8305.03833710012
"ZWE","1 to 5 months",5207.84125319796,2639.0634628693,197336.719122918,4806.77787631256,5591.24704186487,2435.82537384667,2833.35360328058
"ZWE","6-11 months",3931.7103497084,1708.56374668455,230117.861118021,3648.21115768816,4220.68850849818,1585.36635963998,1834.1420731064
"ZWE","12 to 23 months",3646.74759391121,801.95613026547,454731.55653839,3379.17760617762,3933.00595253817,743.11482402967,864.90719546229
"ZWE","2 to 4",4233.03917354399,321.13813691107,1318136.55464913,3929.70614420505,4567.12642668787,298.12587552821,346.48355745688
