"svkey","rule","jmp","ambiguous","dhs_api","year","rule_minus_api","jmp_minus_api","numeric_code_share"
"AO62FL",50.3952701219823,61.1718629922426,0,58.9,2011,-8.5047298780177,2.27186299224262,0
"AO71FL",43.1147241780575,69.3730909068089,0,66.9,2015,-23.7852758219425,2.47309090680888,0
"AO81FL",61.2410069884957,70.9563486216486,0,69.9,2023,-8.65899301150435,1.05634862164855,0
"BF43FL",59.0206299288534,59.0206299288534,0,60.6,2003,-1.57937007114658,-1.57937007114658,0
"BF62FL",76.5353141940644,76.6024717042631,0,77,2010,-0.464685805935645,-0.397528295736876,0
"BF81FL",82.4352326021411,83.4570177551076,0,84.4,2021,-1.96476739785886,-0.942982244892448,0
"BJ41FL",54.3967158387536,66.7230698974104,0,66.5,2001,-12.1032841612464,0.223069897410411,0
"BJ51FL",69.7630998024573,69.879235605222,0,71,2006,-1.23690019754268,-1.12076439477799,0
"BJ61FL",78.2759029977937,78.5094295987156,0,78.6,2012,-0.324097002206329,-0.0905704012843955,0
"BJ71FL",70.5357425564312,71.062729004423,0,71.7,2017,-1.16425744356883,-0.637270995576969,0
"BU61FL",75.2711160250052,75.2893351976807,0,75.3,2010,-0.0288839749947556,-0.0106648023193259,0
"BU71FL",82.7767036888057,82.8592015436225,0,82.9,2016,-0.123296311194295,-0.0407984563774875,0
"CD51FL",45.8083409897602,45.8778580638279,0,46.3,2007,-0.491659010239758,-0.422141936172096,0
"CD61FL",48.6878247450401,48.7236949053898,0,48.8,2013,-0.11217525495988,-0.0763050946102197,0
"CD81FL",51.703545422387,52.4517385684952,0,52.5,2023,-0.796454577613048,-0.0482614315047627,0
"CG51FL",5.26770844091663,15.3549178003547,0,66.3,2005,-61.0322915590834,-50.9450821996453,91.9151053998107
"CG61FL",77.1242066836732,77.1242066836732,0,75.7,2011,1.4242066836732,1.4242066836732,0
"CI62FL",78.1884557626401,78.2983732405802,0,78.4,2012,-0.211544237359945,-0.101626759419844,0
"CI81FL",82.9938065722787,83.7149983246549,0,84.9,2021,-1.90619342772133,-1.18500167534506,0
"CM44FL",46.3645853675615,65.6897036447162,0,59.6,2004,-13.2354146324385,6.08970364471624,0
"CM61FL",69.8496845106542,70.3386340011978,0,71.1,2011,-1.25031548934581,-0.761365998802233,0
"CM71FL",76.42694252222,76.9071653644045,0,78.8,2018,-2.37305747777997,-1.89283463559549,0
"ET41FL",15.5322285522472,23.1791041408889,0,25.3,2000,-9.76777144775278,-2.12089585911113,0
"ET51FL",59.9798833091776,60.1807136365171,0,61.6,2005,-1.62011669082239,-1.41928636348288,0
"ET61FL",51.3300506148963,51.9847167083214,0,54.4,2011,-3.06994938510366,-2.41528329167856,0
"ET71FL",62.5196033110727,63.0032703626507,0,65.2,2016,-2.68039668892735,-2.19672963734927,0
"ET81FL",68.5278174001134,69.0528844799946,0,68.7,2019,-0.172182599886568,0.352884479994643,0
"ET8AFL",72.1815197765728,74.0065827820491,0,74.9,2024,-2.71848022342718,-0.893417217950912,0
"GA41FL",83.4846818543891,83.4846818543891,0,78.8,2000,4.68468185438907,4.68468185438907,0
"GA61FL",93.8890238180739,93.8890238180739,0,93.1,2012,0.789023818073886,0.789023818073886,1.47853070919102
"GA71FL",94.1506715337965,94.4200063323473,0,92.5,2019,1.65067153379654,1.92000633234733,0
"GH4BFL",65.7481078838088,67.8121353180813,0,70,2003,-4.25189211619124,-2.18786468191865,0
"GH5AFL",85.9223519475767,86.6770613278,0,87.5,2008,-1.57764805242327,-0.822938672200038,0
"GH72FL",89.0833567735688,89.2825791205568,0,90.1,2014,-1.01664322643123,-0.81742087944319,0
"GH8CFL",89.2181595026576,89.3423198562686,0,90.5,2022,-1.28184049734244,-1.1576801437314,0
"GM61FL",90.5438949814695,90.5438949814695,0,91,2013,-0.456105018530451,-0.456105018530451,0
"GM81FL",94.1602736429761,94.1602736429761,0,94.9,2019,-0.73972635702394,-0.73972635702394,0
"GN52FL",28.1319152744298,60.9776040381877,0,61.9,2005,-33.7680847255702,-0.922395961812342,0
"GN62FL",75.037868240616,75.0900078830042,0,75,2012,0.0378682406160209,0.0900078830041764,0
"GN71FL",78.538253336334,78.8670807089505,0,79.3,2018,-0.761746663665946,-0.432919291049501,0
"KE42FL",31.7440160659465,43.7044276364078,0,45.4,2003,-13.6559839340535,-1.69557236359224,0
"KE52FL",62.7060560103353,63.9253808189812,0,64.8,2008,-2.09394398966472,-0.874619181018808,0
"KE72FL",69.4360444608424,71.1136309417696,0,73.1,2014,-3.6639555391576,-1.98636905823038,0
"KE8CFL",76.7943589611204,79.2657444332813,0,80.4,2022,-3.6056410388796,-1.13425556671871,0
"KM61FL",86.8006146002897,89.5315757016897,0,91,2012,-4.19938539971027,-1.46842429831027,0
"LB51FL",66.1888545618362,68.4966202023227,0,67.9,2007,-1.71114543816378,0.596620202322654,0
"LB5AFL",75.4754582477453,76.0155774529031,0,75.2,2009,0.275458247745306,0.815577452903085,0
"LB6AFL",72.1820899686133,75.1001104439153,0,75.5,2013,-3.31791003138672,-0.399889556084716,0
"LB7AFL",84.4734565600066,84.9846254733573,0,84,2019,0.473456560006554,0.98462547335734,0
"MD42FL",34.4084948568654,34.4163555391532,0,34.8,2004,-0.391505143134566,-0.383644460846824,0
"MD51FL",41.2901593120482,41.4012357093833,0,41.5,2008,-0.209840687951832,-0.0987642906166926,0
"MD81FL",46.10496922795,46.6384540490829,0,48,2021,-1.89503077205003,-1.36154595091706,0
"ML41FL",44.4219184555554,44.6127444698388,0,41.9,2001,2.52191845555537,2.71274446983876,0
"ML53FL",56.1567830976997,56.1567830976997,0,56,2006,0.156783097699694,0.156783097699694,0
"ML6AFL",66.4137696461328,66.5827467177927,0,66.2,2012,0.213769646132775,0.382746717792685,0
"ML7AFL",68.8006458891728,69.6148967611899,0,69.3,2018,-0.499354110827156,0.314896761189857,0
"ML8AFL",81.564709935139,82.6664302517086,0,83.1,2023,-1.53529006486103,-0.433569748291347,0
"MR71FL",68.7449101670155,79.4407431827421,0,80.5,2020,-11.7550898329845,-1.05925681725788,0
"MW41FL",64.8413355086412,64.8795179391252,0,65.2,2000,-0.358664491358809,-0.320482060874795,0
"MW4EFL",0,100,0,63.6,2004,-63.6,36.4,99.3035327811846
"MW61FL",79.9592148439582,80.0919785262297,0,79.8,2010,0.159214843958182,0.291978526229713,0
"MW7AFL",87.442079763812,87.4593732783867,0,87.2,2015,0.242079763812029,0.259373278386747,0
"MW81FL",88.7222427714433,88.7274457302237,0,88.5,2024,0.222242771443263,0.227445730223678,0
"MZ41FL",14.8491193676938,43.1109525127488,0,42,2003,-27.1508806323062,1.11095251274877,0
"MZ62FL",45.9545843031218,52.5121231787768,0,51.2,2011,-5.24541569687819,1.31212317877684,0
"MZ81FL",61.3774031764044,62.1550819645072,0,61.6,2022,-0.222596823595573,0.555081964507174,0
"NG4BFL",40.9622178339432,44.2289756672313,0,49.3,2003,-8.33778216605676,-5.07102433276869,0
"NG53FL",56.4816285566031,58.2037684060834,0,60.4,2008,-3.91837144339691,-2.1962315939166,0
"NG61FL",56.2222307807643,58.1285613440393,0,59.8,2010,-3.57776921923568,-1.67143865596066,0
"NG6AFL",64.1122037347938,65.9709986907915,0,68.3,2013,-4.18779626520619,-2.32900130920854,0
"NG7BFL",70.7929367879141,73.6404627730732,0,75.4,2018,-4.60706321208589,-1.75953722692685,0
"NG8BFL",74.4015577452085,76.1549834779704,0,78.3,2024,-3.89844225479155,-2.14501652202964,0
"NI51FL",40.6591552427701,40.6591552427701,0,41.4,2006,-0.74084475722988,-0.74084475722988,0
"NI61FL",66.7488524249216,66.7667540947307,0,67.1,2012,-0.3511475750784,-0.333245905269322,0
"NM41FL",79.7678066292912,79.9155532238994,0,79.6,2000,0.167806629291249,0.315553223899357,0
"NM51FL",88.3299600331581,89.0205714310153,0,89.2,2006,-0.870039966841915,-0.179428568984719,0
"NM61FL",86.5214760226627,87.1683260506565,0,87.5,2013,-0.978523977337261,-0.331673949343454,0
"RW41FL",40.0151705379492,40.172798626203,0,40.5,2000,-0.484829462050769,-0.327201373797024,0
"RW53FL",33.457184026424,33.469600598089,0,33.9,2005,-0.442815973575989,-0.430399401910947,0
"RW5AFL",41.6784169720068,41.7129811045879,0,41.6,2008,0.0784169720068064,0.112981104587853,0
"RW61FL",72.9100557307213,72.9223352001611,0,73.8,2010,-0.889944269278743,-0.877664799838911,0
"RW70FL",71.7444004278977,71.7984548173318,0,73,2015,-1.25559957210227,-1.20154518266818,0
"RW81FL",79.689739476701,79.8351115542082,0,80.4,2019,-0.710260523299056,-0.564888445791766,0
"SL51FL",50.5333548086767,50.8592002551869,0,51.4,2008,-0.866645191323272,-0.540799744813086,0
"SL61FL",59.5080656613554,59.7321291797039,0,60.9,2013,-1.39193433864464,-1.16787082029613,0
"SL7AFL",66.0572329815678,66.2333778969138,0,67,2019,-0.942767018432178,-0.76662210308622,0
"SN4AFL",68.0982632208001,68.0982632208001,0,70.6,2005,-2.50173677919985,-2.50173677919985,1.35163888371106
"SN5AFL",73.5767950426932,74.0063148911687,0,74.3,2008,-0.723204957306777,-0.293685108831312,0
"SN61FL",78.1755040128728,78.9652805929477,0,79.7,2010,-1.52449598712718,-0.734719407052296,0
"SN6DFL",74.741405352595,77.5316439919902,0,78.8,2012,-4.05859464740504,-1.2683560080098,0
"SN71FL",80.9143588450237,82.8634526210714,0,83.7,2014,-2.78564115497629,-0.836547378928628,0
"SN7AFL",74.0429915901446,77.2309928940143,0,78.6,2015,-4.55700840985544,-1.36900710598569,0
"SN7IFL",80.682210997301,84.7426869322887,0,85.6,2016,-4.91778900269901,-0.857313067711317,0
"SN7ZFL",79.8087175925382,83.7994063655666,0,85.1,2017,-5.29128240746181,-1.30059363443344,0
"SN81FL",80.3377792583351,85.2059901624884,0,85.6,2018,-5.26222074166485,-0.394009837511589,0
"SN8BFL",79.8981052795807,85.3537395632987,0,86.2,2019,-6.30189472041931,-0.846260436701343,0
"SN8SFL",87.3796402528727,90.4493727437937,0,90.9,2023,-3.52035974712726,-0.450627256206289,0
"ST51FL",94.4644907803112,94.4644907803112,0,94.2,2008,0.264490780311149,0.264490780311149,0
"SZ51FL",68.2438467334352,69.6888089660974,0,71.4,2006,-3.15615326656476,-1.71119103390262,0
"TD41FL",45.101897224762,39.3073569672612,0,40.4,2004,4.70189722476204,-1.09264303273881,0
"TD71FL",55.9611769939324,56.5263868929662,0,55.8,2014,0.161176993932415,0.726386892966232,0
"TG61FL",64.4477912215355,66.7739204074926,0,67.7,2013,-3.25220877846448,-0.92607959250742,0
"TZ4IFL",47.9020643129396,48.967235028583,0,51.3,2004,-3.39793568706038,-2.332764971417,0
"TZ63FL",49.2291763229151,51.2571983095067,0,51.8,2010,-2.57082367708492,-0.542801690493249,0
"TZ7BFL",61.4140997225169,63.6687155133197,0,64,2015,-2.58590027748308,-0.331284486680303,0
"TZ82FL",71.9760169297328,72.7370620914769,0,73.5,2022,-1.52398307026721,-0.762937908523114,0
"UG41FL",52.3015704195182,52.8889794085159,0,52.6,2000,-0.298429580481837,0.288979408515893,0
"UG52FL",67.2506092570503,68.3806557765705,0,68,2006,-0.749390742949686,0.380655776570549,0
"UG5AFL",71.0157676797133,71.0157676797133,0,70.3,2009,0.715767679713323,0.715767679713323,0
"UG61FL",70.7640893933433,71.9521347734867,0,71.4,2011,-0.635910606656708,0.552134773486699,0
"UG7BFL",78.2648231052375,78.8607597808439,0,79.2,2016,-0.935176894762478,-0.33924021915611,0
"ZA71FL",92.0261797317615,94.8232755697347,0,95.3,2016,-3.27382026823848,-0.476724430265264,0
"ZM42FL",52.8546120439336,52.880021385026,0,51.3,2002,1.55461204393363,1.58002138502597,0
"ZM51FL",42.1777455720918,42.2260774122742,0,41.1,2007,1.07774557209178,1.12607741227421,0
"ZM61FL",64.92693817194,65.0913871775266,0,64.7,2013,0.226938171940034,0.391387177526553,0
"ZM71FL",72.1119488700004,72.1283320571577,0,72.3,2018,-0.188051129999565,-0.171667942842291,0
"ZM81FL",70.2797958454372,70.8953529782162,0,71.4,2024,-1.12020415456276,-0.504647021783768,0
"ZW52FL",76.3902340792347,76.7176645149195,0,78.5,2005,-2.10976592076531,-1.78233548508047,0
"ZW62FL",77.6433933298969,77.8823617094786,0,79,2010,-1.35660667010313,-1.11763829052137,0
"ZW72FL",77.5091696140159,77.7962817338156,0,78.4,2015,-0.890830385984074,-0.60371826618443,0
