"svkey","regkey","recomputed","corrected","share_numeric_codes"
"AO62FL","hyperendemic",26.2111601115813,26.3416295764436,0
"AO62FL","luanda",59.5647245895175,60.2251687729554,0
"AO62FL","mesoendemicstable",54.0173029916252,54.4681146899806,0
"AO62FL","mesoendemicunstable",57.4406766361658,58.1947554486409,0
"AO71FL","bengo",16.3965968358431,16.676972148888,0
"AO71FL","benguela",47.1151721792317,47.3013859582985,0
"AO71FL","bie",49.7542968212557,50.0930629283321,0
"AO71FL","cabinda",79.90852586406,81.1292205185073,0
"AO71FL","cuandocubango",35.1938171357367,35.3189194280952,0
"AO71FL","cuanzanorte",46.9842280298535,47.7016953732694,0
"AO71FL","cuanzasul",22.535534051851,22.6281109146065,0
"AO71FL","cunene",41.6796014468626,41.9872069368121,0
"AO71FL","huambo",47.9301506978036,47.9301506978036,0
"AO71FL","huila",38.1116298331609,38.200356004587,0
"AO71FL","luanda",49.6683422018902,50.0277876935605,0
"AO71FL","lundanorte",33.4080988309709,33.5726871604234,0
"AO71FL","lundasul",23.499295222518,23.7564536062186,0
"AO71FL","malanje",49.4500054551654,49.9506021701696,0
"AO71FL","moxico",18.1044425481317,18.1459818219201,0
"AO71FL","namibe",53.303459882763,53.5172301876957,0
"AO71FL","uige",26.6702876302488,26.8878129443801,0
"AO71FL","zaire",32.3978726287291,32.8868209153907,0
"AO81FL","bengo",41.0437659401116,42.1192617441901,0
"AO81FL","benguela",68.6216841155874,68.7573806353393,0
"AO81FL","bie",47.6651939045447,48.0094700086602,0
"AO81FL","cabinda",85.1157160984269,86.4826803263466,0
"AO81FL","cuandocubango",51.7429924705949,52.2749775442023,0
"AO81FL","cunene",65.5101111562265,66.4143656071791,0
"AO81FL","huambo",45.1144703087201,45.371709035067,0
"AO81FL","huila",63.3138765104964,64.0789525938006,0
"AO81FL","luanda",74.4851592426388,75.180288461465,0
"AO81FL","malanje",58.5420702005102,58.8814056463068,0
"AO81FL","moxico",46.0016560600654,46.0870644115151,0
"AO81FL","namibe",70.5840786145187,71.0381882560568,0
"AO81FL","northcuanza",44.9710567377792,45.3052370684426,0
"AO81FL","northlunda",60.3445095946782,60.5810603307272,0
"AO81FL","southcuanza",52.2297974094697,52.4074158173501,0
"AO81FL","southlunda",73.3299534944435,73.5026015339657,0
"AO81FL","uige",34.3159539102075,34.6475026865786,0
"AO81FL","zaire",52.6349495297348,52.778640499025,0
"BU61FL","bujumburamairie",88.9449346132287,89.698222172551,0
"BU61FL","centraleast",77.9125856215541,78.0521620361959,0
"BU61FL","north",81.3071688524727,81.4763043851694,0
"BU61FL","south",68.0471579614187,68.1959538466055,0
"BU61FL","west",64.3210645903857,64.5255613219835,0
"BU71FL","bubanza",77.3297757359379,77.7021532859216,0
"BU71FL","bujumburamairie",96.8589457374045,97.2234340532061,0
"BU71FL","bujumburarural",91.938652523586,92.115533000837,0
"BU71FL","bururi",70.9377073380068,71.2744181836343,0
"BU71FL","cankuzo",66.6511802577585,66.6511802577585,0
"BU71FL","cibitoke",79.7269599629279,80.3355670796625,0
"BU71FL","gitega",77.7809411405218,77.9462439359908,0
"BU71FL","karusi",93.1754761386039,93.6661688884286,0
"BU71FL","kayanza",96.0602522758472,96.5590942564183,0
"BU71FL","kirundo",77.141132035145,77.4063470241505,0
"BU71FL","makamba",85.4047068184371,85.4047068184371,0
"BU71FL","muramvya",95.0735791331444,95.3173996111682,0
"BU71FL","muyinga",81.2589641745575,81.2589641745575,0
"BU71FL","mwaro",90.1641379854947,90.1824743295868,0
"BU71FL","ngozi",84.7234058652956,84.7234058652956,0
"BU71FL","rumonge",82.2206647397232,82.5628141265997,0
"BU71FL","rutana",53.3593238974032,53.7071340631636,0
"BU71FL","ruyigi",73.1249647046601,73.2496890385835,0
"BJ41FL","atacoradonga",20.3805152482723,20.7100496788767,0
"BJ41FL","atlantique",78.4266600462125,80.4086045555699,0
"BJ41FL","borgoualibori",32.3046330747883,33.068514448669,0
"BJ41FL","monocouffo",33.6217856735796,34.487044504751,0
"BJ41FL","quemeplateau",57.2035174867137,58.2789255593909,0
"BJ41FL","zoucollines",69.2567709555203,70.3558655041011,0
"BJ51FL","alibori",59.0972874621212,59.0972874621212,0
"BJ51FL","atacora",46.0771921827504,46.0771921827504,0
"BJ51FL","atlantique",70.2243156770599,70.2243156770599,0
"BJ51FL","borgou",68.43233146073,68.43233146073,0
"BJ51FL","collines",76.0394850885001,76.0394850885001,0
"BJ51FL","couffo",67.7865542679813,67.7865542679813,0
"BJ51FL","donga",41.7149258576521,41.7149258576521,0
"BJ51FL","littoral",98.3181194392625,98.3181194392625,0
"BJ51FL","mono",62.82176206372,62.82176206372,0
"BJ51FL","oueme",67.5658054833808,67.5658054833808,0
"BJ51FL","plateau",75.7427366469935,75.7427366469935,0
"BJ51FL","zou",69.1996380768817,69.1996380768817,0
"BJ61FL","alibori",57.4327006237975,57.7505717536618,0
"BJ61FL","atacora",69.8235785062976,70.3910882217316,0
"BJ61FL","atlantique",75.6114173613656,75.7866404538547,0
"BJ61FL","borgou",69.270904068718,69.5946459952322,0
"BJ61FL","collines",86.594478719767,86.594478719767,0
"BJ61FL","couffo",77.4575073695115,77.5505840286903,0
"BJ61FL","donga",60.3545460404245,60.5538174970517,0
"BJ61FL","littoral",97.7240683605075,98.5874691267033,0
"BJ61FL","mono",80.2219264562186,80.3630154601044,0
"BJ61FL","oueme",78.7774290222071,78.9823745710358,0
"BJ61FL","plateau",80.7798744466766,80.9467634305692,0
"BJ61FL","zou",75.2007400900175,75.2635568578627,0
"BJ71FL","alibori",36.621143010248,36.9995836147519,0
"BJ71FL","atacora",59.8659960429512,61.1042152348215,0
"BJ71FL","atlantic",76.0974102552597,76.8441268565233,0
"BJ71FL","borgou",64.3944341956724,64.8938815618732,0
"BJ71FL","collines",83.3606653841069,84.6072840293119,0
"BJ71FL","couffo",62.6035955214504,63.2614375283519,0
"BJ71FL","donga",48.6404066869526,49.0194533865812,0
"BJ71FL","littoral",97.6374813675459,98.2234223446517,0
"BJ71FL","mono",77.2497434320877,77.738154891544,0
"BJ71FL","oueme",83.1379906840259,83.4750648864419,0
"BJ71FL","plateau",76.467879024126,77.4556138512145,0
"BJ71FL","zou",77.1977383113465,78.4271084432708,0
"BF43FL","boucledumouhoun",32.717889818126,32.898792367298,0
"BF43FL","cascades",66.1996127971137,66.6186232606081,0
"BF43FL","centre",72.5324485725243,73.9754909935759,0
"BF43FL","centreest",79.6206964214578,80.1116351853313,0
"BF43FL","centrenord",65.5353676591464,65.7257504829352,0
"BF43FL","centreouest",46.9562450354295,47.1247832894288,0
"BF43FL","centresud",64.4114847999774,65.0985793268459,0
"BF43FL","est",62.453568285003,62.7546464165734,0
"BF43FL","hautsbassins",46.2623918240992,47.1434988247979,0
"BF43FL","nord",49.9367328466634,50.7043045451746,0
"BF43FL","ouagadougou",95.4898547456635,98.5513970618269,0
"BF43FL","plateaucentral",65.8648451573442,66.0985166171626,0
"BF43FL","sahel",33.4964856410708,33.6837998038904,0
"BF43FL","sudouest",39.3657254003223,39.8685587954209,0
"BF62FL","boucledumouhoun",61.7631674724626,61.918474499781,0
"BF62FL","cascades",91.1791622179625,92.0429498191177,0
"BF62FL","centre",96.7538462291014,97.6550718081685,0
"BF62FL","centreest",87.4781195505376,87.4781195505376,0
"BF62FL","centrenord",86.1553817174834,86.5193601213923,0
"BF62FL","centreouest",66.8990261036829,67.3859986183703,0
"BF62FL","centresud",84.6115121095646,85.4718026986787,0
"BF62FL","est",65.3178867514063,65.5831926601332,0
"BF62FL","hautsbassins",77.8160194769718,78.2022251629273,0
"BF62FL","nord",69.7264903772645,69.7745750329437,0
"BF62FL","plateaucentral",93.5585386765391,93.9411326973961,0
"BF62FL","sahel",59.3797771272031,59.7482876762825,0
"BF62FL","sudouest",52.2219442505558,52.7478506465126,0
"BF81FL","boucledumouhoun",50.640046946134,50.7650304975224,0
"BF81FL","cascades",93.019725557742,93.0749809759501,0
"BF81FL","centre",95.353778118077,96.9069974557643,0
"BF81FL","centreest",92.8912391756673,92.8912391756673,0
"BF81FL","centrenord",86.8763522346374,87.4299131118071,0
"BF81FL","centreouest",65.7473677513464,66.1077400971333,0
"BF81FL","centresud",96.8228850364172,97.7907240797329,0
"BF81FL","est",87.3817077861848,87.4683476437678,0
"BF81FL","hautsbassins",78.6757325853801,79.0188240096551,0
"BF81FL","nord",63.4750136788618,63.5587346479457,0
"BF81FL","plateaucentral",94.6706404755,95.0919017330781,0
"BF81FL","sahel",79.4911045209821,80.5272295484439,0
"BF81FL","sudouest",76.511318423559,77.8819929683887,0
"CI62FL","abidjan",98.8036109349884,98.9640414028205,0
"CI62FL","central",76.0757376667225,77.7275844614984,0
"CI62FL","eastcentral",78.6711636130174,80.0667227661929,0
"CI62FL","north",86.525501381502,88.2116799712496,0
"CI62FL","northcentral",85.3539948355039,87.0354495441332,0
"CI62FL","northeast",79.6793783291168,81.1154862215667,0
"CI62FL","northwest",76.8783309052295,78.3505117363272,0
"CI62FL","south",73.8017775935047,75.119654254299,0
"CI62FL","southwest",48.3904391613691,48.942371829012,0
"CI62FL","west",65.7357706151421,67.209742577261,0
"CI62FL","westcentral",70.8121924719827,70.9812949417457,0
"CI81FL","abidjan",96.3506315600158,98.4182237696041,0
"CI81FL","bassassandra",67.8625678262958,68.3984297350578,0
"CI81FL","comoe",79.6825770374321,80.8057958163368,0
"CI81FL","denguele",88.0270235861261,88.289705983438,0
"CI81FL","gohdjiboua",76.3324118049982,77.366026092301,0
"CI81FL","lacs",86.6926873754579,89.2988877533842,0
"CI81FL","lagunes",77.237592001754,78.0532367433565,0
"CI81FL","montagnes",62.358809244308,62.8288121244223,0
"CI81FL","sassandramarahoue",75.7644781980776,76.9803970611269,0
"CI81FL","savanes",84.7985229119417,85.256801620017,0
"CI81FL","valleedubandama",91.3729301533122,92.3905147722414,0
"CI81FL","woroba",73.5541910051672,73.8760040069823,0
"CI81FL","yamoussoukro",93.3281681504979,96.4928274777651,0
"CI81FL","zanzan",82.3371235013944,83.0997764848727,0
"CM44FL","adamawa",56.6767823337347,57.4354100998037,0
"CM44FL","centre",43.142171967844,46.1020309674897,0
"CM44FL","douala",15.7258064516128,16.2162162162161,0
"CM44FL","east",70.2487612473602,75.2496487975698,0
"CM44FL","farnorth",59.8568873540288,60.2428716328248,0
"CM44FL","littoral",34.3534765558069,36.130009356327,0
"CM44FL","north",65.7116274315274,67.1785599305139,0
"CM44FL","northwest",48.0541707557044,49.2283541349332,0
"CM44FL","south",52.4314987248972,56.1639354895696,0
"CM44FL","southwest",32.4642479984037,33.8610959634778,0
"CM44FL","west",48.6499119426995,52.4975435612831,0
"CM44FL","yaounde",8.40517241379316,8.78378378378386,0
"CM61FL","adamawa",69.2019111634576,70.9439925234409,0
"CM61FL","centre",70.1204637723826,71.7957186672886,0
"CM61FL","douala",96.2376964870881,98.7938412785734,0
"CM61FL","east",54.601894701023,55.1398554191885,0
"CM61FL","farnorth",54.211937357692,54.685536310771,0
"CM61FL","littoral",69.8298689725559,71.9214596880661,0
"CM61FL","north",52.4871065163424,53.2811077147292,0
"CM61FL","northwest",62.8492560400247,64.3197341906315,0
"CM61FL","south",70.6523741487922,72.5459126092706,0
"CM61FL","southwest",65.3431283389994,66.476256964463,0
"CM61FL","west",65.9064732405773,67.8727100979949,0
"CM61FL","yaounde",96.331099302766,98.0002931572582,0
"CM71FL","adamawa",59.172737006581,60.1701783730181,0
"CM71FL","centre",63.2319710957473,65.4411508876246,0
"CM71FL","douala",97.3902442514836,99.8870902830329,0
"CM71FL","east",66.1181961474242,69.9014664899526,0
"CM71FL","farnorth",74.879459114568,75.2836874362684,0
"CM71FL","littoral",83.8632231716741,87.152575398453,0
"CM71FL","north",39.8764537252004,40.5105558966525,0
"CM71FL","northwest",78.9498411058658,81.1665126315918,0
"CM71FL","south",78.6863271465561,83.188844097613,0
"CM71FL","southwest",95.9676530790704,97.5958362448045,0
"CM71FL","west",70.4599247890189,75.4503659181937,0
"CM71FL","yaounde",96.2925114994328,98.4459916923269,0
"CD51FL","bandundu",30.0273816889168,30.1276642799609,0
"CD51FL","bascongo",51.4023701254436,51.8325053985598,0
"CD51FL","equateur",11.6749295735601,11.7558244011476,0
"CD51FL","kasaioccident",24.2024383811275,24.3964344549513,0
"CD51FL","kasaioriental",65.7166859238383,66.3608485159976,0
"CD51FL","katanga",46.7147574787609,46.8082508105173,0
"CD51FL","kinshasa",91.9452492591784,93.1044391237955,0
"CD51FL","maniema",43.7949708821677,43.9963843473393,0
"CD51FL","nordkivu",72.0152139983748,73.4136480268781,0
"CD51FL","orientale",35.46334875266,35.9482074757684,0
"CD51FL","sudkivu",62.7763989167037,63.1232981613382,0
"CD61FL","bandundu",28.3941932743398,28.619536850541,0
"CD61FL","bascongo",60.4494907654945,60.6192404761901,0
"CD61FL","equateur",21.1577962106767,21.2121829687687,0
"CD61FL","kasaioccidental",29.1902639247942,29.4043343880704,0
"CD61FL","kasaioriental",38.5330988254377,38.7460429625077,0
"CD61FL","katanga",47.4837739047159,47.901691396369,0
"CD61FL","kinshasa",97.0870950629199,99.149312613895,0
"CD61FL","maniema",64.0727397943332,64.2470488460772,0
"CD61FL","nordkivu",79.2548508529068,80.1876907388416,0
"CD61FL","orientale",48.6300491507314,49.1649749735271,0
"CD61FL","sudkivu",71.6354157168827,71.6713825508889,0
"CD81FL","basuele",31.2246285543354,31.3706982942232,0
"CD81FL","equateur",25.5929623683852,25.6038278197028,0
"CD81FL","hautkatanga",87.517372713915,87.8247142663298,0
"CD81FL","hautlomami",44.1011713386329,44.1357421116254,0
"CD81FL","hautuele",46.6742255469874,46.6820019606274,0
"CD81FL","ituri",44.8782637482282,44.9566456119913,0
"CD81FL","kasai",24.454868372064,24.6018181820513,0
"CD81FL","kasaicentral",40.8617882388617,41.0739026436565,0
"CD81FL","kasaioriental",85.0909682353736,85.5469235873652,0
"CD81FL","kinshasa",98.5201571272493,99.3925661219042,0
"CD81FL","kongocentral",42.4174785894383,42.7584154107609,0
"CD81FL","kwango",4.04550557518769,4.05125102366926,0
"CD81FL","kwilu",33.4552210956062,33.9434050586091,0
"CD81FL","lomami",52.2374062881718,52.616071827168,0
"CD81FL","lualaba",39.939938545342,39.9466274965873,0
"CD81FL","maindombe",27.3584334198435,27.4749651293986,0
"CD81FL","maniema",32.1503166298279,32.3191717791787,0
"CD81FL","mongala",13.3285310066331,13.375809964029,0
"CD81FL","nordkivu",79.3211022889114,79.7900082957297,0
"CD81FL","nordubangi",48.1734398864001,48.3491378412743,0
"CD81FL","sankuru",5.78265969346251,5.78668537145659,0
"CD81FL","sudkivu",59.8370167239803,60.3123277205153,0
"CD81FL","sudubangi",20.3597190564109,20.6096942931523,0
"CD81FL","tanganyika",35.9861873629109,36.1758851280389,0
"CD81FL","tshopo",42.304431724185,42.7797414234885,0
"CD81FL","tshuapa",2.29883110817329,2.3035854429911,0
"CG51FL","brazzaville",0.549091204479205,90.7292332007085,95.3950591432444
"CG51FL","north",0.45210900656182,38.3828144816519,90.0744736385771
"CG51FL","pointenoire",0,91.8460384790905,92.5346142618402
"CG51FL","south",0.0101654263921499,25.9357891134916,89.3079867236167
"CG61FL","bouenza",54.8800883883334,57.6495263189599,0
"CG61FL","brazzaville",93.7529520905015,95.4909240196843,0
"CG61FL","cuvette",56.8879011693932,60.1657848297893,0
"CG61FL","cuvetteouest",20.2800141415848,21.0819157988102,0
"CG61FL","kouilou",33.1540926169834,35.0836026060565,0
"CG61FL","lekoumou",44.8973696321331,45.4952832862354,0
"CG61FL","likouala",52.7543668604343,53.6185488776045,0
"CG61FL","niari",53.0881294962005,55.0421311658339,0
"CG61FL","plateaux",47.8316447642093,48.9561747792781,0
"CG61FL","pointenoire",95.7575072313808,96.9967033212342,0
"CG61FL","pool",44.5111368826849,45.6940843751277,0
"CG61FL","sangha",49.7688156246984,51.7453537997982,0
"KM61FL","mwali",90.5872263870323,90.9734689338047,0
"KM61FL","ndzuwani",88.3466892219669,88.4219509117116,0
"KM61FL","ngazidja",83.9064607403273,84.2025934387285,0
"ET41FL","addisababa",95.9225584067045,95.9225584067045,0
"ET41FL","affar",10.9835199090663,10.9835199090663,0
"ET41FL","amhara",9.89191534616259,9.89191534616259,0
"ET41FL","benishangulgumuz",4.21136204503633,4.21136204503633,0
"ET41FL","diredawa",78.8594601901407,78.8594601901407,0
"ET41FL","gambela",17.5418867583597,17.5418867583597,0
"ET41FL","harari",50.4833168084644,50.4833168084644,0
"ET41FL","oromiya",13.5452076766123,13.5452076766123,0
"ET41FL","snnp",12.1058482073649,12.1058482073649,0
"ET41FL","somali",14.556996336034,14.556996336034,0
"ET41FL","tigray",20.9762615999688,20.9762615999688,0
"ET51FL","addisababa",97.3684620225108,99.1667617539787,0
"ET51FL","affar",38.5481271793064,38.6047864640433,0
"ET51FL","amhara",60.5266189581753,60.7763657150334,0
"ET51FL","benishangulgumuz",56.148082348739,56.2456242120017,0
"ET51FL","diredawa",90.5845393269602,91.8621300482903,0
"ET51FL","gambela",56.7562160970857,57.0971308479617,0
"ET51FL","harari",79.0847562718412,80.0708520481304,0
"ET51FL","oromiya",60.0320906620846,60.3130296178593,0
"ET51FL","snnp",55.7212058774648,56.0166858350283,0
"ET51FL","somali",30.6920214231477,30.6920214231477,0
"ET51FL","tigray",69.3678261278619,69.583012483361,0
"ET61FL","addisababa",99.0336571267969,99.8540823439909,0
"ET61FL","affar",41.430637441264,41.6515223448511,0
"ET61FL","amhara",54.279048610461,54.9984272370947,0
"ET61FL","benishangulgumuz",54.548049530867,55.2910030913893,0
"ET61FL","diredawa",83.1672962246793,84.3429644117385,0
"ET61FL","gambela",66.5401271500654,67.1137956021645,0
"ET61FL","harari",79.0557135188293,80.1323569413751,0
"ET61FL","oromiya",44.0281211900952,44.7942490844253,0
"ET61FL","snnp",44.1434477352504,44.4096314065232,0
"ET61FL","somali",46.5779113396106,47.2016014741317,0
"ET61FL","tigray",65.1291240351889,65.9163867686278,0
"ET71FL","addisababa",97.6299758675365,99.2783596469018,0
"ET71FL","affar",54.1509176168126,54.2986169449457,0
"ET71FL","amhara",59.2446705379618,60.3617131372389,0
"ET71FL","benishangulgumuz",81.1942956287669,81.3435480421368,0
"ET71FL","diredawa",84.8843048480578,86.2601174443651,0
"ET71FL","gambela",81.9842655075426,82.2497702162194,0
"ET71FL","harari",78.9199916048342,79.2033154345519,0
"ET71FL","oromiya",60.6220302627126,61.0426619029153,0
"ET71FL","snnp",57.7865018692398,58.095687889621,0
"ET71FL","somali",40.1341477472873,40.2126282401249,0
"ET71FL","tigray",76.3365643681758,76.944210821721,0
"ET81FL","addisababa",95.9863604644509,96.5022653609535,0
"ET81FL","afar",49.8214286635632,49.8214286635632,0
"ET81FL","amhara",66.9723644668622,67.5508735979945,0
"ET81FL","benishangulgumuz",83.2428996041672,84.0922735528524,0
"ET81FL","diredawa",85.1793141291851,85.9813550582053,0
"ET81FL","gambela",67.4947623854443,67.4947623854443,0
"ET81FL","harari",86.8042999426908,86.9836931935784,0
"ET81FL","oromia",66.0668131762733,66.2984303695633,0
"ET81FL","snnpr",72.1901104268047,72.4372239818734,0
"ET81FL","somali",39.479560681084,39.5547058688671,0
"ET81FL","tigray",76.7342220638167,77.1130160107481,0
"ET8AFL","addisababa",83.2250632305244,84.4230931766693,0
"ET8AFL","afar",38.8249634446211,39.1178393064772,0
"ET8AFL","amhara",83.4948569842955,84.4408865586612,0
"ET8AFL","benishangulgumuz",84.0696008406521,84.5147816204141,0
"ET8AFL","centralethiopia",77.5999181624104,79.2546445450921,0
"ET8AFL","diredawa",75.1789946633337,76.1236703954524,0
"ET8AFL","gambella",65.7429519651609,65.964790245976,0
"ET8AFL","harari",70.1063962908206,70.823964500208,0
"ET8AFL","oromia",68.1888046492568,68.6791660640265,0
"ET8AFL","sidama",67.4921548737063,68.084693472397,0
"ET8AFL","somali",36.4173160502882,36.5910837056187,0
"ET8AFL","southethiopia",62.4452084361632,63.429053986846,0
"ET8AFL","southwestethiopia",47.0264756978482,47.4918166098246,0
"ET8AFL","tigray",75.1965711906032,75.5487666578677,0
"GA41FL","east",72.1321867536293,72.1321867536293,0
"GA41FL","librevilleportgentil",99.6966632962588,99.6966632962588,0
"GA41FL","north",43.8590110989659,43.8590110989659,0
"GA41FL","south",65.1583872370439,65.1583872370439,0
"GA41FL","west",67.0770528785794,67.0770528785794,0
"GA61FL","estuaire",84.8109842112515,91.7609375332473,3.58537454558064
"GA61FL","hautogooue",88.6814182361857,92.3344355205371,2.79980369647881
"GA61FL","libervilleportgentil",97.5328044231047,99.1326620505313,0.0990498335962838
"GA61FL","moyenogooue",82.5025957804965,86.7799127207713,3.2022716560003
"GA61FL","ngounie",75.9984282069486,78.4195741284291,0.56924306695588
"GA61FL","nyanga",81.4619849968289,84.4650977816333,1.32552174687531
"GA61FL","ogooueivindo",71.5061670626792,84.8215618610681,12.477382468213
"GA61FL","ogoouelolo",72.51113536052,77.7072335491793,2.55207566630404
"GA61FL","ogoouemaritime",86.6414615967883,91.8419872642087,3.31168886516183
"GA61FL","woleuntem",78.6064998373719,83.367552320445,3.25143925294733
"GA71FL","estuaire",94.0399355823764,95.3685738791298,0
"GA71FL","hautogooue",93.5774809299813,94.3982487946866,0
"GA71FL","liberville",97.0336153705355,98.4830003302597,0
"GA71FL","moyenogooue",84.0277968734829,84.7243219711024,0
"GA71FL","ngounie",85.8652540480126,87.3734494418672,0
"GA71FL","nyanga",84.4896196980089,86.0414704115978,0
"GA71FL","ogooueivindo",58.2424413681719,60.7970959842769,0
"GA71FL","ogoouelolo",71.5558087977124,73.1429531434662,0
"GA71FL","ogoouemaritime",80.1099696708189,80.8140752726118,0
"GA71FL","portgentil",98.1244449808034,100,0
"GA71FL","woleuntem",79.8511608071366,81.4236254909121,0
"GH4BFL","ashanti",70.9174478080789,71.1555703567961,0
"GH4BFL","brongahafo",65.3469687455938,65.3469687455938,0
"GH4BFL","central",56.5411587382639,56.5411587382639,0
"GH4BFL","eastern",60.5663648632007,60.7457012658416,0
"GH4BFL","greateraccra",81.642979742628,82.5251950791107,0
"GH4BFL","northern",41.229761023407,41.5939933160995,0
"GH4BFL","uppereast",65.2897368180135,65.8696169858242,0
"GH4BFL","upperwest",69.0345693355106,69.5502664061318,0
"GH4BFL","volta",59.4515199589759,60.0457285749606,0
"GH4BFL","western",70.4858187626222,71.4457033782432,0
"GH5AFL","ashanti",94.3526600634328,95.3299676211357,0
"GH5AFL","brongahafo",78.3929798126545,78.3929798126545,0
"GH5AFL","central",84.9149394578159,86.4994542720378,0
"GH5AFL","eastern",85.6756607908993,86.5249686362371,0
"GH5AFL","greateraccra",97.6528192034991,97.8996872481173,0
"GH5AFL","northern",72.942642247243,72.942642247243,0
"GH5AFL","uppereast",95.848897631138,95.848897631138,0
"GH5AFL","upperwest",97.180217302647,97.5533302205327,0
"GH5AFL","volta",70.4477058979761,71.4148691687542,0
"GH5AFL","western",73.2449169735351,73.2449169735351,0
"GH72FL","ashanti",93.2589060911024,95.200230355536,0
"GH72FL","brongahafo",84.344257785381,86.5255450068695,0
"GH72FL","central",86.4266102659436,88.4947143503142,0
"GH72FL","eastern",79.9761010904817,81.0857007430479,0
"GH72FL","greateraccra",97.2040199922554,97.9300347356222,0
"GH72FL","northern",75.8407574234696,76.7515775618218,0
"GH72FL","uppereast",88.9034005898774,89.2549003317415,0
"GH72FL","upperwest",93.0362379740977,95.5859079391534,0
"GH72FL","volta",81.8178585868378,82.3100975043417,0
"GH72FL","western",82.8792210201641,85.6389459586656,0
"GH8CFL","ahafo",83.5342617067152,84.6653473110135,0
"GH8CFL","ashanti",95.3577438409714,96.7835618894762,0
"GH8CFL","bono",91.2819238739101,92.2075586730451,0
"GH8CFL","bonoeast",82.2819301497931,83.3230366989981,0
"GH8CFL","central",89.9017005887419,91.6488620046135,0
"GH8CFL","eastern",87.9755728099713,89.2676976681015,0
"GH8CFL","greateraccra",98.2289869527732,98.6374477297169,0
"GH8CFL","northeast",57.9847836533786,58.5889239788163,0
"GH8CFL","northern",70.2836064555394,70.4856056862082,0
"GH8CFL","oti",63.3283190882931,63.9230625635244,0
"GH8CFL","savannah",58.3747241271221,58.9158352754059,0
"GH8CFL","uppereast",95.5973121738071,96.1666879223122,0
"GH8CFL","upperwest",96.7603311687715,97.2974718932167,0
"GH8CFL","volta",86.2374463037925,87.5941395835942,0
"GH8CFL","western",90.553199023341,92.3807216739167,0
"GH8CFL","westernnorth",82.778951580042,83.7339002897848,0
"GN52FL","boke",20.9682148820793,21.125870255798,0
"GN52FL","conakry",93.4377340317592,95.0559019279219,0
"GN52FL","faranah",21.4605918441013,21.8346394207435,0
"GN52FL","kankan",17.7904277521591,17.9790019374852,0
"GN52FL","kindia",20.9890116843832,21.2110898701855,0
"GN52FL","labe",9.25018604137643,9.26434943913366,0
"GN52FL","mamou",18.4481039427836,19.4370187044126,0
"GN52FL","nzerekore",17.1398498232718,17.5280605096468,0
"GN62FL","boke",71.1244205218044,71.430683120145,0
"GN62FL","conakry",97.7687420948941,98.8645668404792,0
"GN62FL","faranah",78.0184399378816,78.5369603815502,0
"GN62FL","kankan",79.7220026245078,80.3725419211184,0
"GN62FL","kindia",53.9156911114426,54.2419094411255,0
"GN62FL","labe",61.2547305179463,61.7368446475679,0
"GN62FL","mamou",53.3785530194136,55.0957044551334,0
"GN62FL","nzerekore",80.4913421130337,81.2711304617847,0
"GN71FL","boke",66.7869947049907,66.9541367557946,0
"GN71FL","conakry",95.8202735863701,96.8306680274753,0
"GN71FL","faranah",85.6576584957458,86.3134346213198,0
"GN71FL","kankan",90.4848063733017,90.4848063733017,0
"GN71FL","kindia",61.3603098845316,61.6274846262869,0
"GN71FL","labe",61.5787833310899,62.612634366137,0
"GN71FL","mamou",63.1355223602802,64.1060593548706,0
"GN71FL","nzerekore",88.7788658538651,90.0238872568844,0
"GM61FL","banjul",99.0093579952233,99.0093579952233,0
"GM61FL","basse",92.2362797705601,92.2362797705601,0
"GM61FL","brikama",86.8765705842337,87.2658144343333,0
"GM61FL","janjanbureh",77.5572237160436,79.2789566504488,0
"GM61FL","kanifing",98.4240650501959,98.7906001773419,0
"GM61FL","kerewan",88.5002786727136,88.7816836587595,0
"GM61FL","kuntaur",82.6733815945652,83.1933822189544,0
"GM61FL","mansakonko",95.8291154711726,96.4601934415739,0
"GM81FL","banjul",99.0819543613957,100,0
"GM81FL","basse",95.956056243635,97.4103047090871,0
"GM81FL","brikama",90.1249629691428,91.4590207311252,0
"GM81FL","janjanbureh",86.3160117991471,86.6978281178673,0
"GM81FL","kanifing",99.516910674702,100,0
"GM81FL","kerewan",94.960810107654,96.5359602899275,0
"GM81FL","kuntaur",87.3300599546912,90.0532516913374,0
"GM81FL","mansakonko",89.64774351955,91.3294759160089,0
"KE42FL","central",41.1813185374117,42.1334983890122,0
"KE42FL","coast",55.5833067866784,56.3286570502367,0
"KE42FL","eastern",29.1041450895423,29.4825570044107,0
"KE42FL","nairobiarea",92.0973481461202,94.5623536735167,0
"KE42FL","northeastern",3.56746816582802,3.59857235522079,0
"KE42FL","nyanza",16.131771496096,16.5078609960434,0
"KE42FL","riftvalley",18.8973460685895,19.5048324723985,0
"KE42FL","western",8.40809879705485,8.47990469962183,0
"KE52FL","central",66.7542374049009,68.032821046126,0
"KE52FL","coast",63.205550532884,65.1456461952881,0
"KE52FL","eastern",50.2681136363536,50.6760466294945,0
"KE52FL","nairobiarea",96.9401835125908,98.3310108675843,0
"KE52FL","northeastern",68.4726767243549,68.7805588028602,0
"KE52FL","nyanza",55.5001156747773,55.911610329653,0
"KE52FL","riftvalley",56.7750160436277,56.8806260690703,0
"KE52FL","western",75.5134614600722,75.9223621012977,0
"KE72FL","central",80.1511927030275,80.9379426564187,0
"KE72FL","coast",69.875936470621,70.8723846199933,0
"KE72FL","eastern",54.6612304545082,55.2182983618434,0
"KE72FL","nairobi",94.0451072402554,96.4138119140378,0
"KE72FL","northeastern",52.2136692229063,52.6927113665267,0
"KE72FL","nyanza",62.8652865598108,63.7709826750576,0
"KE72FL","riftvalley",60.4466373559905,60.9117859735693,0
"KE72FL","western",75.2559750421962,76.2969996051798,0
"KE8CFL","baringo",54.6336182847996,54.9284832117581,0
"KE8CFL","bomet",80.4758058967561,81.5082748122009,0
"KE8CFL","bungoma",86.4816386871397,88.4202046004074,0
"KE8CFL","busia",71.668085930266,72.6549889034169,0
"KE8CFL","elgeyomarakwet",68.7358257770608,69.5053869017959,0
"KE8CFL","embu",80.6414174926143,81.5073571737569,0
"KE8CFL","garissa",60.3014646696832,60.5374635789578,0
"KE8CFL","homabay",63.429200527138,65.2726904104319,0
"KE8CFL","isiolo",85.1820957109607,86.8711193989277,0
"KE8CFL","kajiado",85.9090703689781,86.1179012821167,0
"KE8CFL","kakamega",86.4586072893628,88.1453917240067,0
"KE8CFL","kericho",67.2059587012141,67.7361854212194,0
"KE8CFL","kiambu",92.7930767972523,95.3115933526192,0
"KE8CFL","kilifi",70.2345908273286,71.3762282426836,0
"KE8CFL","kirinyaga",74.8015162009915,76.4088134090996,0
"KE8CFL","kisii",66.8561441499519,68.2282282488916,0
"KE8CFL","kisumu",82.5369538820008,83.0429996961266,0
"KE8CFL","kitui",40.5093313535864,40.6786793366726,0
"KE8CFL","kwale",59.9241094195828,60.8915507586066,0
"KE8CFL","laikipia",72.1298296789692,73.5591681700769,0
"KE8CFL","lamu",74.878710663305,77.3405805620383,0
"KE8CFL","machakos",73.8420535250612,75.3930877121819,0
"KE8CFL","makueni",61.4573230132715,62.1591010360768,0
"KE8CFL","mandera",37.1273862347759,37.431005524093,0
"KE8CFL","marsabit",74.8193224737139,74.8193224737139,0
"KE8CFL","meru",73.7193189944902,77.152810539621,0
"KE8CFL","migori",56.2300048719304,57.2623016984428,0
"KE8CFL","mombasa",48.1626606838388,49.289911549455,0
"KE8CFL","muranga",77.4068725347135,79.5122236775729,0
"KE8CFL","nairobi",97.047512120574,97.8346582026574,0
"KE8CFL","nakuru",80.4409060556425,80.8799065154107,0
"KE8CFL","nandi",47.0234842057877,47.8268245517567,0
"KE8CFL","narok",59.7063535789386,59.8686166916445,0
"KE8CFL","nyamira",77.1774355417662,78.235765895675,0
"KE8CFL","nyandarua",91.1620607900335,93.2688262145213,0
"KE8CFL","nyeri",88.8235023959988,91.4073630494485,0
"KE8CFL","samburu",36.3910732262263,36.781962466248,0
"KE8CFL","siaya",53.6635187009728,54.5986037255772,0
"KE8CFL","taitataveta",80.4923187332703,80.6940940805071,0
"KE8CFL","tanariver",56.6858649893088,56.9810736021156,0
"KE8CFL","tharakanithi",63.998823151669,65.9874179221048,0
"KE8CFL","transnzoia",86.2369413753272,87.701147028798,0
"KE8CFL","turkana",62.3669895630859,63.692099043471,0
"KE8CFL","uasingishu",83.1001352323884,83.8397808425366,0
"KE8CFL","vihiga",83.8189186538906,85.7569265914807,0
"KE8CFL","wajir",67.435192116045,68.2488352847153,0
"KE8CFL","westpokot",43.9272882123751,43.9272882123751,0
"LB51FL","monrovia",81.7215542856691,81.9650124951251,0
"LB51FL","northcentral",61.7523807147624,61.9840375966786,0
"LB51FL","northwestern",70.7443277636533,71.8341679133335,0
"LB51FL","southcentral",49.8750118049947,50.5834390187805,0
"LB51FL","southeasterna",59.8851712657013,60.1485320178808,0
"LB51FL","southeasternb",55.5368922803585,55.6891525077724,0
"LB5AFL","monrovia",94.7142763637694,95.2331537742458,0
"LB5AFL","northcentral",77.4176401073772,77.5230411460233,0
"LB5AFL","northwestern",61.1654257590112,62.2873250410157,0
"LB5AFL","southcentral",64.2624330131855,65.3007623536664,0
"LB5AFL","southeasterna",45.4908132843556,45.7647372498432,0
"LB5AFL","southeasternb",63.235317422514,63.3352273120513,0
"LB6AFL","northcentral",69.1417352900008,69.9058841151939,0
"LB6AFL","northwestern",65.7894646480454,67.0900253399747,0
"LB6AFL","southcentral",77.1326417945145,77.7721157051673,0
"LB6AFL","southeasterna",54.4145057184522,55.1465369351442,0
"LB6AFL","southeasternb",63.4126234625738,64.6452277422775,0
"LB7AFL","northcentral",80.0464946677027,80.8329517199593,0
"LB7AFL","northwestern",77.6481195651696,78.9123069877234,0
"LB7AFL","southcentral",88.1789490727717,89.2249877184967,0
"LB7AFL","southeasterna",74.3911798754174,75.4777173146949,0
"LB7AFL","southeasternb",83.2919143506224,84.011777624554,0
"MD42FL","antananarivo",53.986664624891,54.5388551115768,0
"MD42FL","antsiranana",31.3658642317841,31.941504483398,0
"MD42FL","fianarantsoa",18.979571562792,19.3917260052795,0
"MD42FL","mahajanga",29.9663841389666,30.2769481680698,0
"MD42FL","toamasina",20.6632661763166,20.931508876156,0
"MD42FL","toliara",29.2931778286689,29.7224290507719,0
"MD51FL","alaotramangoro",56.0896425985652,56.3084249395941,0
"MD51FL","amoronimania",29.9906262231443,30.1357052374408,0
"MD51FL","analamanga",76.2765761526696,76.8904218239272,0
"MD51FL","analanjirofo",19.8073823785692,19.9298687881987,0
"MD51FL","androy",19.3244131274221,19.3244131274221,0
"MD51FL","anosy",26.3401514697271,26.4384967448944,0
"MD51FL","atsimoandrefana",29.1519304960507,29.3976605257318,0
"MD51FL","atsimoatsinanana",10.1670878214578,10.188249215134,0
"MD51FL","atsinanana",36.7469497033292,37.0387686334141,0
"MD51FL","betsiboka",28.0729198795315,28.0912969770122,0
"MD51FL","boeny",40.4331779227306,40.7352012223526,0
"MD51FL","bongolava",69.6546139416704,69.7803028913618,0
"MD51FL","diana",36.8932074348213,36.9769247781462,0
"MD51FL","hautematsiatra",37.1701385480817,37.3601013701032,0
"MD51FL","ihorombe",45.9246356848854,45.9595029295044,0
"MD51FL","itasy",55.046720367954,55.2599171006698,0
"MD51FL","melaky",7.74751938617765,7.76892884347972,0
"MD51FL","menabe",41.5638185564602,41.8116724801077,0
"MD51FL","sava",35.7151427088843,35.7945701196365,0
"MD51FL","sofia",25.7419380304469,25.7419380304469,0
"MD51FL","vakinankaratra",36.0437913183728,36.0437913183728,0
"MD51FL","vatovavyfitovinany",18.5126794049737,18.7315975520512,0
"MD81FL","alaotramangoro",44.6433462209045,45.0089829216862,0
"MD81FL","amoronimania",30.8904834411376,30.9840845507482,0
"MD81FL","analamangaexcludingcapital",73.900079336543,74.6530553813839,0
"MD81FL","analanjirofo",44.0248496776516,44.2517163667366,0
"MD81FL","androy",26.0666118093832,26.240086076941,0
"MD81FL","anosy",25.0051783923898,25.0051783923898,0
"MD81FL","antananarivocapital",99.0894384688597,99.2463933829193,0
"MD81FL","atsimoandrefana",51.3798148918447,51.4516061492797,0
"MD81FL","atsimoatsinanana",14.908374441226,14.9443175043247,0
"MD81FL","atsinanana",27.8539526791758,28.0725530011236,0
"MD81FL","betsiboka",27.3320350462197,27.3856378969003,0
"MD81FL","boeny",46.3006167455869,46.5496247308273,0
"MD81FL","bongolava",66.3709819899422,67.2481553291512,0
"MD81FL","diana",63.512778183152,63.7547277115695,0
"MD81FL","hautematsiatra",35.1043182524758,35.30640296012,0
"MD81FL","ihorombe",36.1250550438477,36.1250550438477,0
"MD81FL","itasy",57.9890649758187,58.5800743910318,0
"MD81FL","melaky",32.3772535419071,32.6259026389332,0
"MD81FL","menabe",28.9379804258796,29.1012480884783,0
"MD81FL","sava",47.4281016034968,47.7105605847861,0
"MD81FL","sofia",16.7618589939475,16.7879019956626,0
"MD81FL","vakinankaratra",57.2884349496594,57.4548356718265,0
"MD81FL","vatovavyfitovinany",25.9786766949281,25.9786766949281,0
"ML41FL","bamako",88.9530103636257,90.3690183468727,0
"ML41FL","kayes",35.6299306455583,36.1994004338894,0
"ML41FL","kidalgaotimbouctou",24.7475985378427,24.7475985378427,0
"ML41FL","koulikoro",31.7690873426574,31.7909382654204,0
"ML41FL","mopti",34.8888680764457,35.2884849531003,0
"ML41FL","segou",31.473188255826,31.6366376185116,0
"ML41FL","sikasso",48.6179441712498,48.7258857332067,0
"ML53FL","bamako",95.1195218773608,95.4917448804755,0
"ML53FL","gao",54.6478774808073,54.8413214026497,0
"ML53FL","kayes",57.540384663852,57.8402948564105,0
"ML53FL","kidal",28.02885332403,28.02885332403,0
"ML53FL","koulikoro",39.8415338709174,40.3305365755166,0
"ML53FL","mopti",49.3242833213656,50.1557533830402,0
"ML53FL","segou",50.7375423340814,51.0846233995939,0
"ML53FL","sikasso",56.0043638814865,56.0366157617373,0
"ML53FL","tombouctou",47.3370467774673,47.7363786985656,0
"ML6AFL","bamako",97.345628733644,97.8425423335086,0
"ML6AFL","kayes",67.1595214567093,67.2041129849955,0
"ML6AFL","koulikoro",57.0299652499882,57.0942746144867,0
"ML6AFL","mopti",57.8595879487631,57.9015894323995,0
"ML6AFL","segou",62.0940777458446,62.2269375814017,0
"ML6AFL","sikasso",67.8605765409539,67.876759342348,0
"ML7AFL","bamako",94.3695828381708,94.6344301742376,0
"ML7AFL","gao",64.3269441083063,64.3785024944009,0
"ML7AFL","kayes",64.6066419989493,64.693940127819,0
"ML7AFL","kidal",48.2144994648283,48.6462541745843,0
"ML7AFL","koulikoro",70.786701181686,71.105940491088,0
"ML7AFL","mopti",46.6665821319936,46.6665821319936,0
"ML7AFL","segou",63.3114142533697,63.4516535786103,0
"ML7AFL","sikasso",66.8113493440136,66.9928366014557,0
"ML7AFL","tombouctou",72.3288296282895,73.1938907818771,0
"ML8AFL","bamako",97.4448833946876,97.8144862127138,0
"ML8AFL","gao",74.3750840495818,75.0863680786866,0
"ML8AFL","kayes",69.1915338122474,69.6827397646195,0
"ML8AFL","kidal",87.729851802862,87.729851802862,0
"ML8AFL","koulikoro",80.6193278473191,81.0555448568594,0
"ML8AFL","mopti",83.3236583721437,83.8798680252602,0
"ML8AFL","segou",80.384369672389,81.0204766617495,0
"ML8AFL","sikasso",77.3507876794114,77.8937950762814,0
"ML8AFL","tombouctou",88.9480833720083,89.384371347947,0
"MZ41FL","cabodelgado",22.9965011105155,23.5452280181074,0
"MZ41FL","gaza",33.295110130671,33.67367562959,0
"MZ41FL","inhambane",23.9544923144581,24.7080707573271,0
"MZ41FL","manica",24.4871774162122,24.7899923343406,0
"MZ41FL","maputo",11.4811542813612,11.771168215302,0
"MZ41FL","maputocity",0.49913554169978,0.502453077668696,0
"MZ41FL","nampula",4.91235984337878,4.96319980296926,0
"MZ41FL","niassa",14.2782496104243,14.342590415084,0
"MZ41FL","sofala",20.1468578025391,20.428530075409,0
"MZ41FL","tete",27.9726534748246,28.0273005517817,0
"MZ41FL","zambezia",7.23738484700805,7.24448449922769,0
"MZ62FL","cabodelgado",33.978886795296,34.0529341628337,0
"MZ62FL","gaza",59.5882839022201,60.0175978604339,0
"MZ62FL","inhambane",56.6862074581293,57.2584034331477,0
"MZ62FL","manica",76.243344172981,76.6615735967041,0
"MZ62FL","maputo",69.8754540827441,70.479723287601,0
"MZ62FL","maputocity",80.9815786272906,81.2918437972842,0
"MZ62FL","nampula",34.1690676999979,34.285432523106,0
"MZ62FL","niassa",46.1584094980004,46.2329208838604,0
"MZ62FL","sofala",55.0539911954105,55.8519166514584,0
"MZ62FL","tete",41.7310862258195,41.8548336658048,0
"MZ62FL","zambezia",22.0105010400336,22.122220445928,0
"MZ81FL","cabodelgado",70.0152166304324,70.3175823254677,0
"MZ81FL","gaza",93.083551590944,94.3101734728636,0
"MZ81FL","inhambane",70.0975047753095,71.0513231665173,0
"MZ81FL","manica",59.4019018811687,59.647508859316,0
"MZ81FL","maputo",95.7742676415978,96.1308178993542,0
"MZ81FL","maputocity",98.5962302780966,99.5734554346697,0
"MZ81FL","nampula",43.0499629769877,43.4403446538613,0
"MZ81FL","niassa",50.1177698420491,50.4317864988646,0
"MZ81FL","sofala",67.7759955266389,68.185213591276,0
"MZ81FL","tete",67.1720982285519,67.6118182827336,0
"MZ81FL","zambezia",45.1190122831355,45.3988709126001,0
"MR71FL","adrar",69.3670251553975,69.703564676685,0
"MR71FL","assaba",59.0509279706234,59.7554225435771,0
"MR71FL","brakna",89.1295881067075,90.6064320380751,0
"MR71FL","easternbasinregion",48.167511364745,49.2879446561546,0
"MR71FL","gorgol",57.3851404522554,58.1908124972752,0
"MR71FL","guidimagha",59.2694295848463,60.106741407343,0
"MR71FL","northnouakchott",74.0401982689631,74.4724731945659,0
"MR71FL","southnouakchott",78.5736812085754,79.1608150806456,0
"MR71FL","tagant",74.0013208873462,76.1525710091471,0
"MR71FL","tiriszemourandinchiri",38.2733990767682,38.9811573409602,0
"MR71FL","trarza",96.4756714773101,96.9761584163673,0
"MR71FL","westernbasinregion",56.1070497156918,57.7809852640133,0
"MR71FL","westnouakchott",73.3476653436404,73.8398406327861,0
"MW41FL","central",59.4522113709803,60.2849841088698,0
"MW41FL","northern",67.1579673375098,68.5563798797788,0
"MW41FL","southern",66.7929540637666,67.8645203657375,0
"MW4EFL","central",0,56.4387627078075,99.2522828879807
"MW4EFL","northern",0,67.3151769778945,98.7789349222215
"MW4EFL","southern",0,67.8075419013121,99.4833739477791
"MW61FL","central",73.6258191717244,74.0859145464479,0
"MW61FL","northern",83.035172935233,84.1296383811133,0
"MW61FL","southern",83.6586807688765,84.3434937973957,0
"MW7AFL","central",85.820653975203,86.3984163381296,0
"MW7AFL","northern",87.0808926918339,87.5828946266941,0
"MW7AFL","southern",88.1504408298423,88.3449740376671,0
"MW81FL","central",85.249175054979,85.513642469149,0
"MW81FL","northern",81.9236702049414,82.5991722103695,0
"MW81FL","southern",93.2233810765553,93.4163431595901,0
"NM41FL","caprivi",73.5150136599049,73.5150136599049,0
"NM41FL","erongo",97.2918058318189,100,0
"NM41FL","kavango",52.3803635918953,52.6240622618887,0
"NM41FL","khomas",91.6415588515512,92.5456362614425,0
"NM41FL","kunene",75.5727895799431,78.8846249533404,0
"NM41FL","ohangwena",65.7622287684593,65.9825022330311,0
"NM41FL","omaheke",82.5278364358595,83.4260503259342,0
"NM41FL","omusati",51.8724489565819,51.8724489565819,0
"NM41FL","oshana",81.6892396169182,83.2333429022104,0
"NM41FL","oshikoto",69.4094575684488,72.0686208813523,0
"NM41FL","otjozondjupa",91.4317709551874,94.3555609231641,0
"NM51FL","caprivi",86.3067661160834,87.1238587352203,0
"NM51FL","erongo",90.62632794273,96.2504978802389,0
"NM51FL","kavango",69.3887499422846,70.7484054106532,0
"NM51FL","khomas",96.3282063502902,98.3048582963239,0
"NM51FL","kunene",71.487748616623,73.4524650703986,0
"NM51FL","ohangwena",85.4998047371786,86.8617735765454,0
"NM51FL","omaheke",91.5792865865989,96.2987401599475,0
"NM51FL","omusati",62.9526584875877,64.1545643818378,0
"NM51FL","oshana",94.1840315729467,97.1462796568955,0
"NM51FL","oshikoto",84.954822960595,86.1611792071803,0
"NM51FL","otjozondjupa",95.1277319068921,97.174230163716,0
"NM61FL","erongo",97.6425263524691,99.4540058826173,0
"NM61FL","kavango",68.0252991200636,68.3348537051676,0
"NM61FL","khomas",97.6143502776258,99.3458754756413,0
"NM61FL","kunene",84.8663605982815,86.9400534285723,0
"NM61FL","ohangwena",65.5011491339305,66.1141169776775,0
"NM61FL","omaheke",93.8684038591915,96.3927774102682,0
"NM61FL","omusati",64.0980263000653,65.2908482352385,0
"NM61FL","oshana",90.932764720111,91.6298948544707,0
"NM61FL","oshikoto",82.0386864055083,83.2991046943128,0
"NM61FL","otjozondjupa",97.2505186776743,98.9689460998005,0
"NM61FL","zambezi",84.7687890308851,86.5289373494831,0
"NI51FL","agadez",67.0439331806829,67.1662898059891,0
"NI51FL","diffa",56.6387588857905,57.237949502441,0
"NI51FL","dosso",34.8463257441619,35.1903526960023,0
"NI51FL","maradi",38.1150793442378,38.212788073675,0
"NI51FL","niamey",93.103339058234,94.3778176975665,0
"NI51FL","tahoua",32.9874774210815,33.1304395987843,0
"NI51FL","tillaberi",23.0200781350559,23.1638228353726,0
"NI51FL","zinder",41.8485008603728,42.5980951159162,0
"NI61FL","agadez",72.9219374424051,73.2355464185317,0
"NI61FL","diffa",72.6602781456157,72.6602781456157,0
"NI61FL","dosso",45.3579066840261,45.7966860898777,0
"NI61FL","maradi",73.668028665165,73.6937551853099,0
"NI61FL","niamey",96.7042257056544,96.9729326568756,0
"NI61FL","tahoua",56.3268017309632,56.3268017309632,0
"NI61FL","tillaberi",74.2441666468047,74.6717130457126,0
"NI61FL","zinder",67.1065399639918,67.1992787631825,0
"NG4BFL","northcentral",30.2066765357434,30.6340155495615,0
"NG4BFL","northeast",22.3135942991292,22.3502417912012,0
"NG4BFL","northwest",34.5523600981624,34.6753990089168,0
"NG4BFL","southeast",73.0893259633335,74.1318795557312,0
"NG4BFL","southsouth",53.7669086572803,54.5967893498465,0
"NG4BFL","southwest",59.1657349562971,59.7397054541829,0
"NG53FL","northcentral",48.1891340885698,48.4720730383148,0
"NG53FL","northeast",32.4946649529398,32.6157832754902,0
"NG53FL","northwest",49.2954582614326,49.3523466871288,0
"NG53FL","southeast",68.2270805237771,68.9073904976947,0
"NG53FL","southsouth",57.2925063988357,58.4828564391906,0
"NG53FL","southwest",78.066774730852,78.4088929030221,0
"NG61FL","northcentral",39.3467769516949,39.6886054236716,0
"NG61FL","northeast",54.4251476335661,54.5523781517663,0
"NG61FL","northwest",47.4250995653822,47.4250995653822,0
"NG61FL","southeast",76.3966231270666,76.3966231270666,0
"NG61FL","southsouth",68.9130255280533,69.1369412364318,0
"NG61FL","southwest",63.5337071282162,63.7618179192171,0
"NG6AFL","northcentral",55.4202609594801,55.7947074730464,0
"NG6AFL","northeast",49.038151969354,49.175550172155,0
"NG6AFL","northwest",56.5352860899616,56.5972936959849,0
"NG6AFL","southeast",70.5549208884009,71.4092161878881,0
"NG6AFL","southsouth",72.7810198369698,74.0321591290699,0
"NG6AFL","southwest",85.2546558903638,85.7979350342422,0
"NG7BFL","northcentral",68.2525545398423,68.685426192007,0
"NG7BFL","northeast",53.7529728693778,53.9973740223977,0
"NG7BFL","northwest",58.0223247657599,58.158923538014,0
"NG7BFL","southeast",81.0845355523693,82.9615685733177,0
"NG7BFL","southsouth",80.47137739703,81.2842621200376,0
"NG7BFL","southwest",90.7243585556987,91.4565857185057,0
"NG8BFL","northcentral",63.7224637449442,64.0086878495265,0
"NG8BFL","northeast",65.3893611706294,65.4604759717652,0
"NG8BFL","northwest",67.9216490478844,68.0348831254543,0
"NG8BFL","southeast",82.1085559171613,83.5944024644977,0
"NG8BFL","southsouth",85.4716682957147,86.2573496935599,0
"NG8BFL","southwest",95.2664997101495,95.5031102642042,0
"RW41FL","butare",31.5298501721262,31.8964663710582,0
"RW41FL","byumba",46.1065573770493,46.1065573770493,0
"RW41FL","cyangugu",42.7419354838713,42.9149797570854,0
"RW41FL","gikongoro",31.4031180400887,31.9727891156459,0
"RW41FL","gisenyi",42.5882352941181,42.6886792452835,0
"RW41FL","gitarama",28.051001821494,28.051001821494,0
"RW41FL","kibungo",50.4672897196263,50.8474576271188,0
"RW41FL","kibuye",29.5409181636727,29.6,0
"RW41FL","kigalicity",81.781914893617,82.6612903225806,0
"RW41FL","kigalirural",42.0880913539973,42.4342105263164,0
"RW41FL","ruhengeri",40.9948542024017,41.1359724612739,0
"RW41FL","umutara",12.0588235294119,12.130177514793,0
"RW53FL","cityofkigali",60.7115355731978,61.1328096283459,0
"RW53FL","east",38.6753070275218,38.9181157549865,0
"RW53FL","north",31.1123742462748,31.2195235036753,0
"RW53FL","south",20.3051703446329,20.424620438588,0
"RW53FL","west",34.8218544686584,34.8681950903977,0
"RW5AFL","cityofkigali",77.8052537761819,78.4533121351737,0
"RW5AFL","east",45.1265031803639,45.1265031803639,0
"RW5AFL","north",41.8054340853695,41.862316236264,0
"RW5AFL","south",29.8695638721637,30.0956262130726,0
"RW5AFL","west",38.7166780305129,38.740799740468,0
"RW61FL","cityofkigali",92.3873405275464,92.7824431070555,0
"RW61FL","east",63.8244559233311,64.4177687403404,0
"RW61FL","north",72.435082148211,72.8307924390272,0
"RW61FL","south",73.6148985747322,73.9566096543002,0
"RW61FL","west",72.0424363801249,72.3891480859488,0
"RW70FL","cityofkigali",89.5216033527192,90.1430440673486,0
"RW70FL","east",62.7398213249629,63.2872973233791,0
"RW70FL","north",79.6984523499296,79.8925080860852,0
"RW70FL","south",67.7355904245041,68.2020973200401,0
"RW70FL","west",69.8072008439597,70.0153160745427,0
"RW81FL","east",72.3701150429118,72.9664634282755,0
"RW81FL","kigali",96.6325679511391,97.2415003644045,0
"RW81FL","north",80.8381564618099,81.6509370351171,0
"RW81FL","south",79.877227747188,80.3358351237275,0
"RW81FL","west",74.439850755423,74.8934401324602,0
"SN4AFL","dakar",96.1552659646437,97.6255664737138,1.50606092458967
"SN4AFL","diourbel",72.1278362529103,73.4200369859302,1.76001100798624
"SN4AFL","fatick",40.2727735774085,40.5140011638587,0.595417829689341
"SN4AFL","kaolack",66.0376611702108,66.5477490361205,0.766499052631917
"SN4AFL","kolda",15.7219483292401,16.09455844938,2.31513105073247
"SN4AFL","louga",77.1609347080597,77.1609347080597,0
"SN4AFL","matam",59.9241063002939,60.3511337570775,0.707571556985917
"SN4AFL","saintlouis",72.2560498960585,72.9212983499247,0.912282788320521
"SN4AFL","tambacounda",37.6865129856665,38.1756432324901,1.28126262036973
"SN4AFL","thies",75.9669041156416,76.7815026354438,1.06093068231531
"SN4AFL","ziguinchor",28.484957341008,29.8248921261713,4.49267269599807
"SN5AFL","dakar",97.4793368770098,98.6653136865062,0
"SN5AFL","diourbel",94.6886873171278,94.6886873171278,0
"SN5AFL","fatick",53.8254996783886,54.3413685388512,0
"SN5AFL","kaolack",73.0768618251565,73.4834321792891,0
"SN5AFL","kolda",33.1752334712959,33.3263081428667,0
"SN5AFL","louga",81.6408225552433,81.9385597308483,0
"SN5AFL","matam",63.0118724067434,63.7087605599983,0
"SN5AFL","saintlouis",76.7699999465888,77.1580737329054,0
"SN5AFL","tambacounda",41.0211482671375,41.3639007256499,0
"SN5AFL","thies",65.8340381466158,66.7678359568617,0
"SN5AFL","ziguinchor",38.6556651532158,38.7621591112945,0
"SN61FL","dakar",94.6747196434285,96.706414028765,0
"SN61FL","diourbel",86.7050699236047,87.3611877814148,0
"SN61FL","fatick",62.330880027465,62.418605564885,0
"SN61FL","kaffrine",83.5357380595829,85.1125288852329,0
"SN61FL","kaolack",78.0450543454514,79.1968541959784,0
"SN61FL","kedougou",71.4345512624836,71.9186060147064,0
"SN61FL","kolda",27.022889159894,27.4480190682295,0
"SN61FL","louga",93.3333467054798,93.5857842126583,0
"SN61FL","matam",80.7291939914799,81.5420898939933,0
"SN61FL","saintlouis",74.4626664401927,75.5040080732275,0
"SN61FL","sedhiou",19.3616562885775,19.4977552515059,0
"SN61FL","tambacounda",49.0079017136693,49.6920556489925,0
"SN61FL","thies",83.7542542010034,84.5998718114982,0
"SN61FL","ziguinchor",46.3587953619509,47.4606765938192,0
"SN6DFL","center",71.7694303317155,73.1133746455076,0
"SN6DFL","north",80.9576139201679,82.5326489948745,0
"SN6DFL","south",32.3254159298192,32.7782927311797,0
"SN6DFL","west",90.2701579970742,92.2059105636788,0
"SN71FL","center",74.6370253860773,75.7694033471687,0
"SN71FL","north",90.5635917236868,92.0869780360618,0
"SN71FL","south",37.9228156859894,38.2576362331826,0
"SN71FL","west",94.87713648628,97.3195573976651,0
"SN7AFL","center",67.9819046894819,68.484550123121,0
"SN7AFL","north",81.6685302872841,82.3026223729,0
"SN7AFL","south",35.6197286805277,36.0658938884238,0
"SN7AFL","west",91.1297256689225,92.5782110549461,0
"SN7IFL","center",72.2082827685197,73.4106314724775,0
"SN7IFL","north",84.8287464919014,86.0974235853381,0
"SN7IFL","south",44.2667513281344,44.8073154683392,0
"SN7IFL","west",95.1601674898951,96.762267439492,0
"SN7ZFL","dakar",98.1239633362298,99.4599497905207,0
"SN7ZFL","diourbel",62.3011832987151,63.493813391448,0
"SN7ZFL","fatick",57.6638266203795,59.268670880861,0
"SN7ZFL","kaffrine",92.3162283894828,93.2099500183947,0
"SN7ZFL","kaolack",85.2461077418055,86.7636417457805,0
"SN7ZFL","kedougou",74.020073767217,75.9971461683613,0
"SN7ZFL","kolda",23.4579078980889,23.6365957700486,0
"SN7ZFL","louga",96.0639447384503,96.970304026821,0
"SN7ZFL","matam",83.124209774376,85.182356308773,0
"SN7ZFL","saintlouis",83.087894102998,85.9711973974376,0
"SN7ZFL","sedhiou",24.6298302669403,24.8175303382037,0
"SN7ZFL","tambacounda",57.6872924949907,58.7854648087309,0
"SN7ZFL","thies",90.1428716532059,92.2251945536189,0
"SN7ZFL","ziguinchor",37.2583833525085,37.9379691827904,0
"SN81FL","center",71.7729000625978,73.3977982895743,0
"SN81FL","north",86.4260358018068,87.6710660986923,0
"SN81FL","south",39.6511188304902,40.2095682538326,0
"SN81FL","west",95.919483075321,97.9369301656065,0
"SN8BFL","center",70.1929503459094,71.717345508086,0
"SN8BFL","north",89.121911565615,89.8191744890523,0
"SN8BFL","south",50.6609505158975,51.9898484249789,0
"SN8BFL","west",93.5151924668202,94.9058707207133,0
"SN8SFL","dakar",97.7701487103753,99.5775287887326,0
"SN8SFL","diourbel",77.5032196512627,77.5032196512627,0
"SN8SFL","fatick",78.7302270191613,80.4057867165074,0
"SN8SFL","kaffrine",94.5497036816414,95.8786032033506,0
"SN8SFL","kaolack",92.0516056928231,93.1041017396221,0
"SN8SFL","kedougou",84.841810517605,84.9907348841509,0
"SN8SFL","kolda",37.5095807470477,37.7595223313526,0
"SN8SFL","louga",98.3613514290635,99.2545020277537,0
"SN8SFL","matam",93.5797752988891,95.910639804287,0
"SN8SFL","saintlouis",87.7543135980302,89.2180687818612,0
"SN8SFL","sedhiou",43.7884963624944,44.0737549405902,0
"SN8SFL","tambacounda",78.666842574338,78.8517992608228,0
"SN8SFL","thies",94.5643081149582,95.5282951484464,0
"SN8SFL","ziguinchor",69.5736582842218,70.0490427746081,0
"SL51FL","eastern",47.3378888620783,47.659763744805,0
"SL51FL","northern",35.731643038879,35.8779921044614,0
"SL51FL","southern",43.3475445417311,43.5696573688823,0
"SL51FL","western",92.6927832236279,92.8295469312813,0
"SL61FL","eastern",66.256864380754,66.5146223459531,0
"SL61FL","northern",43.3454923358422,43.378953587354,0
"SL61FL","southern",55.1721452305954,55.4709773725287,0
"SL61FL","western",91.4179055479893,91.9172618761908,0
"SL7AFL","eastern",65.167504718112,65.3372856899098,0
"SL7AFL","northern",57.903194581165,58.1320767974255,0
"SL7AFL","northwestern",47.0872288785515,47.3450894276654,0
"SL7AFL","southern",58.625295767277,58.9028416162905,0
"SL7AFL","western",94.9639143337258,95.1016413488929,0
"ST51FL","central",97.2364558888894,97.5481019360665,0
"ST51FL","north",93.3872258830976,93.5125548410008,0
"ST51FL","principe",60.5324993678489,60.8028021330101,0
"ST51FL","south",94.1396089969154,94.2661255737879,0
"SZ51FL","hhohho",74.7932604202159,77.2994874145862,0
"SZ51FL","lubombo",57.3509517244545,59.0777052080256,0
"SZ51FL","shiselweni",53.6722042651043,54.5026108060682,0
"TD41FL","zone1",62.4805041080618,63.1052616794098,0
"TD41FL","zone2",53.0343268532023,53.6563541594844,0
"TD41FL","zone3",38.6344206010737,38.6625302325669,0
"TD41FL","zone4",67.250181346555,67.5457300236177,0
"TD41FL","zone5",61.6627690281316,62.2824386699146,0
"TD41FL","zone6",46.3774930556778,46.8062323491001,0
"TD41FL","zone7",22.0641298254541,22.4335853693995,0
"TD41FL","zone8",35.6250076556608,36.0289121662765,0
"TD71FL","barhelgazal",89.4109118733573,89.5726335989232,0
"TD71FL","batha",62.3904288032874,62.925267056183,0
"TD71FL","borkoutibesti",30.4430866844383,30.5867543350354,0
"TD71FL","charibaguirmi",86.4651837350231,86.7622265810083,0
"TD71FL","ennediestennediouest",7.59586073732276,7.63271942518364,0
"TD71FL","guera",55.0308011068405,55.0308011068405,0
"TD71FL","hadjerlamis",94.8472168203662,94.8472168203662,0
"TD71FL","kanem",75.9979238033644,76.644178624143,0
"TD71FL","lac",80.0066777999677,80.5711173062649,0
"TD71FL","logoneoccidental",54.2890733205256,54.3638479184407,0
"TD71FL","logoneoriental",39.65072458341,39.9230676748764,0
"TD71FL","mandoul",30.7992789515607,30.8514251906092,0
"TD71FL","mayokebbiest",51.456322038276,51.6496383149137,0
"TD71FL","mayokebbiouest",32.935779113489,33.0810668305368,0
"TD71FL","moyenchari",48.6549551229254,48.9426532224192,0
"TD71FL","ndjamena",97.0534119279158,97.28356452657,0
"TD71FL","ouaddai",26.2508852435124,26.3936339069015,0
"TD71FL","salamat",47.7556859881278,47.7556859881278,0
"TD71FL","sila",52.3705903480603,52.6883852238753,0
"TD71FL","tandjile",34.6393041032035,35.1305890623526,0
"TD71FL","wadifira",9.2390361478234,9.2390361478234,0
"TG61FL","centrale",72.2398109919774,73.7010136294085,0
"TG61FL","greaterlomearea",86.5064041381689,87.4710027978803,0
"TG61FL","kara",69.0723169512073,70.484430748585,0
"TG61FL","maritimeexcludinggreaterlomearea",50.5183068593851,51.0956565377594,0
"TG61FL","plateaux",46.303949346343,47.0768019248008,0
"TG61FL","savanes",51.5972472156314,51.6970385118201,0
"TZ4IFL","central",53.0917275679245,53.9349828536809,0
"TZ4IFL","eastern",63.6178723337318,65.3176476713525,0
"TZ4IFL","lake",32.1428742568192,32.6217684070276,0
"TZ4IFL","northern",55.6563452783717,56.6920471301776,0
"TZ4IFL","southern",38.2978063025545,39.2869541241932,0
"TZ4IFL","southernhighlands",46.9748560317933,47.3622516730761,0
"TZ4IFL","western",37.0818566238014,38.3231077618373,0
"TZ4IFL","zanzibar",78.9824347902578,81.7189791373192,0
"TZ63FL","central",40.4637180922694,40.8878702869433,0
"TZ63FL","eastern",68.054442923599,70.3847147078616,0
"TZ63FL","lake",35.1045433953912,35.7581667603889,0
"TZ63FL","northern",56.6301484517283,57.4372359437101,0
"TZ63FL","southern",43.4802354123378,44.3640959780954,0
"TZ63FL","southernhighlands",49.8210560682012,50.2238232966616,0
"TZ63FL","western",37.1902937580735,37.9123903721058,0
"TZ63FL","zanzibar",77.1163520337537,79.3447191289877,0
"TZ7BFL","central",55.4742012679551,56.5566043786655,0
"TZ7BFL","eastern",71.6348133954928,73.5210757528438,0
"TZ7BFL","lake",53.3303791374678,54.32432752509,0
"TZ7BFL","northern",78.9344695452624,80.241763656195,0
"TZ7BFL","southern",58.7440542759406,61.0343479229981,0
"TZ7BFL","southernhighlands",60.1126793221086,60.9835621552853,0
"TZ7BFL","southwesthighlands",46.0584646902843,46.6537356729108,0
"TZ7BFL","western",46.2181360535342,47.3535978346582,0
"TZ7BFL","zanzibar",95.1239027026619,97.6121815247712,0
"TZ82FL","central",63.0263761950115,63.6280422419454,0
"TZ82FL","eastern",85.5304464528307,87.151409843126,0
"TZ82FL","lake",67.9810113538365,68.9809836469526,0
"TZ82FL","northern",69.077694928788,70.535525844762,0
"TZ82FL","southern",65.2946652993509,65.8635939418591,0
"TZ82FL","southernhighlands",78.1777727600392,79.176897288729,0
"TZ82FL","southwesthighlands",65.0968849235187,66.1570850322852,0
"TZ82FL","western",59.9729676141098,60.8387716219887,0
"TZ82FL","zanzibar",94.9789051113769,97.6921300529457,0
"UG41FL","central",53.3293826887047,55.0256486601109,0
"UG41FL","eastern",57.6639390376482,59.0271930914126,0
"UG41FL","northern",60.8593536803652,62.1140906940716,0
"UG41FL","western",34.9056388370837,35.3555584370827,0
"UG52FL","central1",44.4524266887664,44.4524266887664,0
"UG52FL","central2",63.7735617078391,63.7735617078391,0
"UG52FL","eastcentral",77.1850669947543,77.1850669947543,0
"UG52FL","eastern",79.0212708312961,79.0212708312961,0
"UG52FL","kampala",91.0749729380983,91.0749729380983,0
"UG52FL","north",71.2501412907007,71.2501412907007,0
"UG52FL","southwest",49.1225444621803,49.1225444621803,0
"UG52FL","western",60.6273917424028,60.6273917424028,0
"UG52FL","westnile",70.3362600180122,70.3362600180122,0
"UG5AFL","central1",74.5852437595671,75.7638378885592,0
"UG5AFL","central2",66.8864016072899,67.017242021788,0
"UG5AFL","eastcentral",79.4475342799898,79.8966324813546,0
"UG5AFL","kampala",95.9405907061757,97.2313399278123,0
"UG5AFL","mideastern",57.5342640287611,57.7667873592803,0
"UG5AFL","midnorthern",77.4288583869509,78.4542659839817,0
"UG5AFL","midwestern",60.6544731318934,60.9687377101481,0
"UG5AFL","northeast",96.5709191363558,96.9577686199507,0
"UG5AFL","southwestern",43.874440602774,44.2469118719491,0
"UG5AFL","westnile",80.031814886603,80.3727591487968,0
"UG61FL","central1",48.7913765931604,49.3698463872814,0
"UG61FL","central2",65.4925099618006,66.2142517631285,0
"UG61FL","eastcentral",84.4799180525857,84.9845831110837,0
"UG61FL","eastern",86.3491991796374,87.2105584074309,0
"UG61FL","kampala",92.2932353303417,93.2895135091524,0
"UG61FL","karamoja",90.1193754587644,91.1265154940154,0
"UG61FL","north",76.1062567970016,76.2719737366416,0
"UG61FL","southwest",40.1457439278299,40.675840260611,0
"UG61FL","western",66.7345114833346,67.3704837252916,0
"UG61FL","westnile",73.3616950630139,74.2126721304847,0
"UG7BFL","acholi",80.5969890690916,81.1995841595136,0
"UG7BFL","ankole",50.8652544677,51.3364741254362,0
"UG7BFL","bugishu",84.7598217394409,86.1645523712777,0
"UG7BFL","bukedi",93.4866396723328,94.5228099966965,0
"UG7BFL","bunyoro",77.2351233420706,77.792281152799,0
"UG7BFL","busoga",89.3332148548678,90.521596086775,0
"UG7BFL","kampala",97.7495848853489,98.9458343664527,0
"UG7BFL","karamoja",89.7296286625211,90.2226851938778,0
"UG7BFL","kigezi",62.9135278063679,64.0343434908294,0
"UG7BFL","lango",83.2776570500876,84.4777516468933,0
"UG7BFL","teso",92.5684189447821,95.4228876256852,0
"UG7BFL","tooro",62.9986441777509,63.6347876189895,0
"UG7BFL","westnile",83.6220938115947,85.7066345179449,0
"ZA71FL","freestate",95.353549753397,97.2013218575256,0
"ZA71FL","gauteng",96.2897979357603,98.1795826305106,0
"ZA71FL","kwazulunatal",85.7690918422055,87.7416356945942,0
"ZA71FL","limpopo",83.0566538109623,85.471009496211,0
"ZA71FL","mpumalanga",88.1661335801345,91.0607879644406,0
"ZA71FL","northwest",92.9635866081771,95.880220762849,0
"ZM42FL","central",31.7929759704251,32.5757575757576,0
"ZM42FL","copperbelt",78.761061946903,79.7491039426526,0
"ZM42FL","eastern",42.6332288401253,43.0379746835442,0
"ZM42FL","luapula",26.9315673289187,27.1111111111114,0
"ZM42FL","lusaka",93.0357142857141,94.0433212996388,0
"ZM42FL","northern",29.3187347931879,30.0498753117212,0
"ZM42FL","northwestern",35.1612903225801,35.5628058727564,0
"ZM42FL","southern",60.3139013452916,60.7223476297969,0
"ZM42FL","western",24.9448123620308,25.5079006772008,0
"ZM51FL","central",45.1488993549558,45.9808063557453,0
"ZM51FL","copperbelt",66.4381869927643,67.8223230018795,0
"ZM51FL","eastern",16.5329788351638,16.5329788351638,0
"ZM51FL","luapula",30.3389664945448,30.4691621066753,0
"ZM51FL","lusaka",85.0110302233886,85.0110302233886,0
"ZM51FL","northern",20.0711479761707,20.3414165753263,0
"ZM51FL","northwestern",17.1873420010693,17.3973242616037,0
"ZM51FL","southern",41.363843721476,41.9421190206772,0
"ZM51FL","western",29.2184726072964,29.6311779501442,0
"ZM61FL","central",54.7143474570983,55.582030435054,0
"ZM61FL","copperbelt",75.5449282130711,76.1490415085793,0
"ZM61FL","eastern",72.7646297810109,73.5001334045761,0
"ZM61FL","luapula",42.9508703200605,43.1035427874016,0
"ZM61FL","lusaka",96.259803478839,96.9392228120513,0
"ZM61FL","muchinga",35.0534352209679,35.503260888989,0
"ZM61FL","northern",30.4475769716422,30.8683942581778,0
"ZM61FL","northwestern",49.4881332396172,49.5658492125981,0
"ZM61FL","southern",66.7413898361153,67.8396471832027,0
"ZM61FL","western",43.4938625398287,43.8511693086604,0
"ZM71FL","central",73.1873696018656,73.5594517592824,0
"ZM71FL","copperbelt",80.9812712738986,81.8016938965472,0
"ZM71FL","eastern",79.1588230255361,79.8175922514493,0
"ZM71FL","luapula",55.8696377708218,56.7688316043317,0
"ZM71FL","lusaka",96.2848724799321,98.3128508814952,0
"ZM71FL","muchinga",51.4782382533669,52.1978827602715,0
"ZM71FL","northern",38.4895941363347,38.7424171122352,0
"ZM71FL","northwestern",66.3669480944594,67.0347343131554,0
"ZM71FL","southern",69.3984850065114,69.963024952003,0
"ZM71FL","western",45.9139858321682,46.1446903034295,0
"ZM81FL","central",70.305051614104,70.9365056908065,0
"ZM81FL","copperbelt",74.2750829988274,74.589910373145,0
"ZM81FL","eastern",77.9641721360598,78.4112995005957,0
"ZM81FL","luapula",44.7717993986235,45.1502552179375,0
"ZM81FL","lusaka",96.9577007818601,97.3441111400091,0
"ZM81FL","muchinga",45.6772976558225,45.9080054464373,0
"ZM81FL","northern",38.5924497487211,38.8406731906819,0
"ZM81FL","northwestern",58.7114890667717,59.1559834781224,0
"ZM81FL","southern",74.7606478759779,75.7986666667981,0
"ZM81FL","western",60.1497156771333,61.0108003162527,0
"ZW52FL","bulawayo",98.2950379022759,98.8973769772825,0
"ZW52FL","harare",97.7998162839236,98.9142102535298,0
"ZW52FL","manicaland",74.5319819640318,75.5580062168476,0
"ZW52FL","mashonalandcentral",71.0914812751131,72.2697530899666,0
"ZW52FL","mashonalandeast",78.5858543473457,79.1339965210476,0
"ZW52FL","mashonalandwest",70.4170014024976,71.2697541384618,0
"ZW52FL","masvingo",47.6044798958874,48.483481527513,0
"ZW52FL","matabelelandnorth",80.9399162886703,81.8261194982338,0
"ZW52FL","matabelelandsouth",71.8616640243477,72.5889567910545,0
"ZW52FL","midlands",71.017708760085,72.0267253981922,0
"ZW62FL","bulawayo",98.5798127286294,100,0
"ZW62FL","harare",87.5686731900369,89.5344176018784,0
"ZW62FL","manicaland",73.7939804140751,75.8743556686305,0
"ZW62FL","mashonalandcentral",71.2953316083625,72.8338290382742,0
"ZW62FL","mashonalandeast",78.9222230180854,80.506865475061,0
"ZW62FL","mashonalandwest",73.0213134584601,73.921410189946,0
"ZW62FL","masvingo",66.8777731132389,67.7864536732287,0
"ZW62FL","matabelelandnorth",66.1245664180196,67.1194088293131,0
"ZW62FL","matabelelandsouth",68.6891261012873,71.5926282502869,0
"ZW62FL","midlands",72.286037768548,74.6082988988735,0
"ZW72FL","bulawayo",99.2942202337309,99.8122590870046,0
"ZW72FL","hararechitungwiza",94.6968224157978,96.6767519558822,0
"ZW72FL","manicaland",72.662794098812,75.0655544924462,0
"ZW72FL","mashonalandcentral",65.7738930874295,67.3593283869183,0
"ZW72FL","mashonalandeast",71.4002832427333,72.4758900853545,0
"ZW72FL","mashonalandwest",72.653159839688,74.3248220741083,0
"ZW72FL","masvingo",63.3433557567383,64.6858600387299,0
"ZW72FL","matabelelandnorth",79.0861371678706,80.9678901095885,0
"ZW72FL","matabelelandsouth",81.3904132257489,83.4163977542039,0
"ZW72FL","midlands",67.6577631764809,69.9580928455348,0
