"svkey","regkey","imp_water","imp_sanit","imp_water_api","imp_water_api_source","imp_sanit_api","imp_sanit_api_source"
"AO62FL","hyperendemic",26.2111601115813,7.8926909264192,30.7,"regional",24.5,"regional"
"AO62FL","luanda",59.5647245895175,28.8970239761726,97.7,"regional",92.7,"regional"
"AO62FL","mesoendemicstable",54.0173029916252,10.3397784668249,58.9,"national",44.2,"national"
"AO62FL","mesoendemicunstable",57.4406766361658,8.94226374492699,58.9,"national",44.2,"national"
"AO71FL","bengo",16.3965968358431,64.1491944475463,41.9,"regional",62.3,"regional"
"AO71FL","benguela",47.1151721792317,48.9244673582043,60.6,"regional",48.3,"regional"
"AO71FL","bie",49.7542968212557,66.4329962539936,56.7,"regional",70,"regional"
"AO71FL","cabinda",79.90852586406,66.0068708337489,85.3,"regional",70.9,"regional"
"AO71FL","cuandocubango",35.1938171357367,40.8373057296348,54.3,"regional",46.1,"regional"
"AO71FL","cuanzanorte",46.9842280298535,50.3527181364771,79.3,"regional",49.6,"regional"
"AO71FL","cuanzasul",22.535534051851,27.8042220374239,35.8,"regional",28.4,"regional"
"AO71FL","cunene",41.6796014468626,17.4263778337041,65,"regional",15.2,"regional"
"AO71FL","huambo",47.9301506978036,76.3965883500641,53.9,"regional",77.7,"regional"
"AO71FL","huila",38.1116298331609,31.19707939485,50.7,"regional",31.5,"regional"
"AO71FL","luanda",49.6683422018902,92.3008326210212,96.7,"regional",95.5,"regional"
"AO71FL","lundanorte",33.4080988309709,51.9183059122929,54.3,"regional",46.8,"regional"
"AO71FL","lundasul",23.499295222518,47.1023310809216,60.6,"regional",48,"regional"
"AO71FL","malanje",49.4500054551654,58.073168798375,54.7,"regional",53.7,"regional"
"AO71FL","moxico",18.1044425481317,38.0558722697519,41.1,"regional",58.6,"regional"
"AO71FL","namibe",53.303459882763,40.5203433316858,73.3,"regional",41.3,"regional"
"AO71FL","uige",26.6702876302488,57.2003199867132,40,"regional",53.6,"regional"
"AO71FL","zaire",32.3978726287291,74.7070475172113,70.2,"regional",73.6,"regional"
"AO81FL","bengo",41.0437659401116,49.546283555726,48.8,"regional",51.9,"regional"
"AO81FL","benguela",68.6216841155874,60.9458168532511,77.8,"regional",59.9,"regional"
"AO81FL","bie",47.6651939045447,33.3838839995321,43.8,"regional",32.8,"regional"
"AO81FL","cabinda",85.1157160984269,92.7630971649135,89.9,"regional",94.6,"regional"
"AO81FL","cuandocubango",51.7429924705949,54.0322923485629,49.8,"regional",46,"regional"
"AO81FL","cunene",65.5101111562265,28.481375194954,67.9,"regional",27.4,"regional"
"AO81FL","huambo",45.1144703087201,84.5828587391081,42,"regional",84.1,"regional"
"AO81FL","huila",63.3138765104964,45.3021695637886,63,"regional",43.3,"regional"
"AO81FL","luanda",74.4851592426388,96.5359039382782,99.9,"regional",97.4,"regional"
"AO81FL","malanje",58.5420702005102,45.2715984112287,60.4,"regional",45,"regional"
"AO81FL","moxico",46.0016560600654,43.3212795819333,45.7,"regional",43.6,"regional"
"AO81FL","namibe",70.5840786145187,51.5111737778427,80.4,"regional",53.4,"regional"
"AO81FL","northcuanza",44.9710567377792,43.0519495783114,69.9,"national",66.8,"national"
"AO81FL","northlunda",60.3445095946782,58.7783350388362,69.9,"national",66.8,"national"
"AO81FL","southcuanza",52.2297974094697,51.4168499253112,69.9,"national",66.8,"national"
"AO81FL","southlunda",73.3299534944435,86.8257869938069,69.9,"national",66.8,"national"
"AO81FL","uige",34.3159539102075,58.1969499331041,32.4,"regional",56.6,"regional"
"AO81FL","zaire",52.6349495297348,57.1660885385074,58.4,"regional",58.8,"regional"
"BU61FL","bujumburamairie",88.9449346132287,83.1493894152331,89.2,"regional",85.8,"regional"
"BU61FL","centraleast",77.9125856215541,44.6902692668291,75.3,"national",39.9,"national"
"BU61FL","north",81.3071688524727,18.3371872835759,81.3,"regional",17.2,"regional"
"BU61FL","south",68.0471579614187,52.1554725889603,68.1,"regional",54.2,"regional"
"BU61FL","west",64.3210645903857,40.9094093922109,64.9,"regional",41.2,"regional"
"BU71FL","bubanza",77.3297757359379,53.7408499532623,78.1,"regional",54.6,"regional"
"BU71FL","bujumburamairie",96.8589457374045,79.8868393038985,98.4,"regional",81.8,"regional"
"BU71FL","bujumburarural",91.938652523586,43.958586158628,91.9,"regional",42.4,"regional"
"BU71FL","bururi",70.9377073380068,75.0211506724024,73.8,"regional",75.1,"regional"
"BU71FL","cankuzo",66.6511802577585,52.7714513712384,67.3,"regional",53.8,"regional"
"BU71FL","cibitoke",79.7269599629279,58.7665598999181,80.7,"regional",58.8,"regional"
"BU71FL","gitega",77.7809411405218,44.5168889750658,77.9,"regional",43.6,"regional"
"BU71FL","karusi",93.1754761386039,83.7706976219011,93.6,"regional",84.9,"regional"
"BU71FL","kayanza",96.0602522758472,43.3948779678502,95.9,"regional",42.7,"regional"
"BU71FL","kirundo",77.141132035145,21.8382631435653,76.3,"regional",20,"regional"
"BU71FL","makamba",85.4047068184371,77.1296804138957,85.2,"regional",75,"regional"
"BU71FL","muramvya",95.0735791331444,74.5226856458673,95.4,"regional",73,"regional"
"BU71FL","muyinga",81.2589641745575,33.6437181556218,81.3,"regional",31.2,"regional"
"BU71FL","mwaro",90.1641379854947,64.0925295694162,89.9,"regional",65,"regional"
"BU71FL","ngozi",84.7234058652956,16.5880238075961,84.6,"regional",16.7,"regional"
"BU71FL","rumonge",82.2206647397232,62.7218649651226,82.2,"regional",63.1,"regional"
"BU71FL","rutana",53.3593238974032,54.6873962459214,54.4,"regional",52.8,"regional"
"BU71FL","ruyigi",73.1249647046601,33.8154304199091,71.8,"regional",31.9,"regional"
"BJ41FL","atacoradonga",20.3805152482723,8.72466826132681,40.2,"regional",2,"regional"
"BJ41FL","atlantique",78.4266600462125,55.7981636299165,63,"regional",12.4,"regional"
"BJ41FL","borgoualibori",32.3046330747883,21.8548725028253,52.8,"regional",5.6,"regional"
"BJ41FL","monocouffo",33.6217856735796,26.1211129258891,54.8,"regional",13.7,"regional"
"BJ41FL","quemeplateau",57.2035174867137,39.6733313479877,66.5,"national",17.1,"national"
"BJ41FL","zoucollines",69.2567709555203,21.5215400559007,77.2,"regional",5.1,"regional"
"BJ51FL","alibori",59.0972874621212,10.3982106159343,59,"regional",9,"regional"
"BJ51FL","atacora",46.0771921827504,9.23004830119617,47.8,"regional",7.2,"regional"
"BJ51FL","atlantique",70.2243156770599,41.1313852713955,70.5,"regional",22,"regional"
"BJ51FL","borgou",68.43233146073,27.0544937915719,71,"regional",18.6,"regional"
"BJ51FL","collines",76.0394850885001,16.4197911578305,78.3,"regional",8.1,"regional"
"BJ51FL","couffo",67.7865542679813,25.8735974430641,68.1,"regional",15.6,"regional"
"BJ51FL","donga",41.7149258576521,23.2678002839431,40.4,"regional",11.8,"regional"
"BJ51FL","littoral",98.3181194392625,88.4054488608351,71,"national",18,"national"
"BJ51FL","mono",62.82176206372,27.4883690728409,64.1,"regional",12.2,"regional"
"BJ51FL","oueme",67.5658054833808,47.204899399424,69.1,"regional",28.7,"regional"
"BJ51FL","plateau",75.7427366469935,28.6550348682523,77.5,"regional",25.6,"regional"
"BJ51FL","zou",69.1996380768817,36.2012098102984,71.8,"regional",25.8,"regional"
"BJ61FL","alibori",57.4327006237975,7.3316571869861,58.7,"regional",7.1,"regional"
"BJ61FL","atacora",69.8235785062976,9.34750979839324,68.3,"regional",9.4,"regional"
"BJ61FL","atlantique",75.6114173613656,42.1580218676377,75.6,"regional",43.1,"regional"
"BJ61FL","borgou",69.270904068718,24.889897179344,72,"regional",25.6,"regional"
"BJ61FL","collines",86.594478719767,19.7825799564716,86.4,"regional",21.3,"regional"
"BJ61FL","couffo",77.4575073695115,14.586691284778,77.9,"regional",14.7,"regional"
"BJ61FL","donga",60.3545460404245,18.0795915901565,60.9,"regional",16.6,"regional"
"BJ61FL","littoral",97.7240683605075,84.83965768682,78.6,"national",33.7,"national"
"BJ61FL","mono",80.2219264562186,16.5884117132925,78.6,"regional",17.1,"regional"
"BJ61FL","oueme",78.7774290222071,41.3027774563964,78.5,"regional",41.3,"regional"
"BJ61FL","plateau",80.7798744466766,13.6339838525324,82.8,"regional",15.1,"regional"
"BJ61FL","zou",75.2007400900175,25.9454181211784,74.7,"regional",24.5,"regional"
"BJ71FL","alibori",36.621143010248,11.5923532918662,38.5,"regional",13,"regional"
"BJ71FL","atacora",59.8659960429512,7.94893161456543,62.6,"regional",8.9,"regional"
"BJ71FL","atlantic",76.0974102552597,52.484694740891,71.7,"national",34.4,"national"
"BJ71FL","borgou",64.3944341956724,16.3689900639322,65.9,"regional",18.1,"regional"
"BJ71FL","collines",83.3606653841069,20.1260140175452,84.3,"regional",20.8,"regional"
"BJ71FL","couffo",62.6035955214504,21.9873564688695,63.2,"regional",21.6,"regional"
"BJ71FL","donga",48.6404066869526,22.3166033073033,46.7,"regional",21.2,"regional"
"BJ71FL","littoral",97.6374813675459,85.8176236691992,71.7,"national",34.4,"national"
"BJ71FL","mono",77.2497434320877,33.3276327904262,77,"regional",33.4,"regional"
"BJ71FL","oueme",83.1379906840259,44.2349610369682,82.9,"regional",43.8,"regional"
"BJ71FL","plateau",76.467879024126,27.2331321450074,77.4,"regional",27.2,"regional"
"BJ71FL","zou",77.1977383113465,47.4435634441628,80.6,"regional",46.9,"regional"
"BF43FL","boucledumouhoun",32.717889818126,11.8565532557826,60.6,"national",21.4,"national"
"BF43FL","cascades",66.1996127971137,27.4973372207411,67.8,"regional",30.2,"regional"
"BF43FL","centre",72.5324485725243,17.8139119462806,60.6,"national",21.4,"national"
"BF43FL","centreest",79.6206964214578,9.20629912888332,79.7,"regional",10.1,"regional"
"BF43FL","centrenord",65.5353676591464,11.3860629574341,67.3,"regional",13.6,"regional"
"BF43FL","centreouest",46.9562450354295,15.93299407026,47.3,"regional",17.6,"regional"
"BF43FL","centresud",64.4114847999774,7.00496144124409,65.4,"regional",9.2,"regional"
"BF43FL","est",62.453568285003,2.76701125413211,64.6,"regional",3.4,"regional"
"BF43FL","hautsbassins",46.2623918240992,35.9338191211466,52.7,"regional",39.4,"regional"
"BF43FL","nord",49.9367328466634,16.1847177090691,50.7,"regional",17.2,"regional"
"BF43FL","ouagadougou",95.4898547456635,73.6412374956787,98.3,"regional",77.4,"regional"
"BF43FL","plateaucentral",65.8648451573442,7.23692220613135,65.7,"regional",7.5,"regional"
"BF43FL","sahel",33.4964856410708,7.93472508261354,34.8,"regional",7,"regional"
"BF43FL","sudouest",39.3657254003223,6.71180437602535,37.6,"regional",6.8,"regional"
"BF62FL","boucledumouhoun",61.7631674724626,25.6499840343158,77,"national",31.3,"national"
"BF62FL","cascades",91.1791622179625,36.6124103123177,92.1,"regional",37.8,"regional"
"BF62FL","centre",96.7538462291014,84.3644306521613,77,"national",31.3,"national"
"BF62FL","centreest",87.4781195505376,17.2810072041248,86.8,"regional",17.7,"regional"
"BF62FL","centrenord",86.1553817174834,21.8455541540075,88.1,"regional",21.7,"regional"
"BF62FL","centreouest",66.8990261036829,20.1320765863946,69.9,"regional",23.3,"regional"
"BF62FL","centresud",84.6115121095646,14.0820916908076,86.3,"regional",15.1,"regional"
"BF62FL","est",65.3178867514063,5.01828515288134,65.6,"regional",6.1,"regional"
"BF62FL","hautsbassins",77.8160194769718,41.1116070545464,77.7,"regional",43.3,"regional"
"BF62FL","nord",69.7264903772645,31.2696727536095,70.8,"regional",32,"regional"
"BF62FL","plateaucentral",93.5585386765391,34.0406565872798,93.7,"regional",33.9,"regional"
"BF62FL","sahel",59.3797771272031,7.84861725949791,60.5,"regional",8.7,"regional"
"BF62FL","sudouest",52.2219442505558,10.9377883471871,54.2,"regional",12.9,"regional"
"BF81FL","boucledumouhoun",50.640046946134,55.6092564750686,84.4,"national",64.3,"national"
"BF81FL","cascades",93.019725557742,81.6556194342097,93.5,"regional",82.1,"regional"
"BF81FL","centre",95.353778118077,91.7119214250221,84.4,"national",64.3,"national"
"BF81FL","centreest",92.8912391756673,54.0650678087295,94.1,"regional",54.9,"regional"
"BF81FL","centrenord",86.8763522346374,50.1355907635804,88.8,"regional",51.2,"regional"
"BF81FL","centreouest",65.7473677513464,49.2954067993275,69.4,"regional",53.2,"regional"
"BF81FL","centresud",96.8228850364172,46.2092966896758,97.2,"regional",47.3,"regional"
"BF81FL","est",87.3817077861848,35.003773458309,89.9,"regional",36.6,"regional"
"BF81FL","hautsbassins",78.6757325853801,77.5145233240636,81.5,"regional",79.1,"regional"
"BF81FL","nord",63.4750136788618,55.8585737361056,63.8,"regional",55.7,"regional"
"BF81FL","plateaucentral",94.6706404755,58.0077736808426,96.4,"regional",59.3,"regional"
"BF81FL","sahel",79.4911045209821,45.6491762834758,83.1,"regional",47.6,"regional"
"BF81FL","sudouest",76.511318423559,35.9430034919949,80.3,"regional",36.7,"regional"
"CI62FL","abidjan",98.8036109349884,88.529594376148,99,"regional",88.6,"regional"
"CI62FL","central",76.0757376667225,32.5863502529701,78.4,"national",46.8,"national"
"CI62FL","eastcentral",78.6711636130174,58.0021697777028,78.4,"national",46.8,"national"
"CI62FL","north",86.525501381502,39.5273476994805,78.4,"national",46.8,"national"
"CI62FL","northcentral",85.3539948355039,47.0014566304536,78.4,"national",46.8,"national"
"CI62FL","northeast",79.6793783291168,21.2333130231718,78.4,"national",46.8,"national"
"CI62FL","northwest",76.8783309052295,42.4533224352478,78.4,"national",46.8,"national"
"CI62FL","south",73.8017775935047,52.27659525608,78.4,"national",46.8,"national"
"CI62FL","southwest",48.3904391613691,25.8537823388955,78.4,"national",46.8,"national"
"CI62FL","west",65.7357706151421,33.2761610069062,78.4,"national",46.8,"national"
"CI62FL","westcentral",70.8121924719827,25.9440745212684,78.4,"national",46.8,"national"
"CI81FL","abidjan",96.3506315600158,88.9099806467704,99,"regional",90.5,"regional"
"CI81FL","bassassandra",67.8625678262958,49.119984187011,69.8,"regional",54.5,"regional"
"CI81FL","comoe",79.6825770374321,79.5751114536419,83.6,"regional",77.6,"regional"
"CI81FL","denguele",88.0270235861261,60.2461690566359,89.5,"regional",61.8,"regional"
"CI81FL","gohdjiboua",76.3324118049982,70.9528709946964,79.7,"regional",72.5,"regional"
"CI81FL","lacs",86.6926873754579,38.388525832598,88,"regional",41.4,"regional"
"CI81FL","lagunes",77.237592001754,56.8456987723711,80.6,"regional",59,"regional"
"CI81FL","montagnes",62.358809244308,46.8318226254057,63.7,"regional",47.6,"regional"
"CI81FL","sassandramarahoue",75.7644781980776,49.1579051139051,79,"regional",52.5,"regional"
"CI81FL","savanes",84.7985229119417,40.192896910773,87.9,"regional",40.9,"regional"
"CI81FL","valleedubandama",91.3729301533122,51.8150244447795,95,"regional",54.1,"regional"
"CI81FL","woroba",73.5541910051672,42.6193220988923,74.7,"regional",43.9,"regional"
"CI81FL","yamoussoukro",93.3281681504979,72.5845555216823,97.1,"regional",74.1,"regional"
"CI81FL","zanzan",82.3371235013944,47.9300501197274,87.3,"regional",52.8,"regional"
"CM44FL","adamawa",56.6767823337347,4.98805968430127,59.6,"national",35.4,"national"
"CM44FL","centre",43.142171967844,1.46680017020517,62.9,"regional",35.9,"regional"
"CM44FL","douala",15.7258064516128,23.1854838709676,85.2,"regional",55.6,"regional"
"CM44FL","east",70.2487612473602,4.67272159402051,59.6,"national",35.4,"national"
"CM44FL","farnorth",59.8568873540288,1.04959805932677,59.6,"national",35.4,"national"
"CM44FL","littoral",34.3534765558069,5.42087063837262,68.2,"regional",47.4,"regional"
"CM44FL","north",65.7116274315274,1.62729097283004,59.6,"national",35.4,"national"
"CM44FL","northwest",48.0541707557044,4.48433318731647,59.6,"national",35.4,"national"
"CM44FL","south",52.4314987248972,5.76551859311073,59.6,"national",35.4,"national"
"CM44FL","southwest",32.4642479984037,11.9203745741861,59.6,"national",35.4,"national"
"CM44FL","west",48.6499119426995,5.28059365758988,59.6,"national",35.4,"national"
"CM44FL","yaounde",8.40517241379316,21.5517241379312,96.6,"regional",63.1,"regional"
"CM61FL","adamawa",69.2019111634576,77.7866534686224,71.1,"national",59.2,"national"
"CM61FL","centre",70.1204637723826,52.2241428829186,74.1,"regional",56.7,"regional"
"CM61FL","douala",96.2376964870881,93.6238586647349,99,"regional",96.4,"regional"
"CM61FL","east",54.601894701023,37.5437287747226,71.1,"national",59.2,"national"
"CM61FL","farnorth",54.211937357692,42.9995463892322,71.1,"national",59.2,"national"
"CM61FL","littoral",69.8298689725559,67.9220174695772,74.2,"regional",69.2,"regional"
"CM61FL","north",52.4871065163424,36.9674039616153,71.1,"national",59.2,"national"
"CM61FL","northwest",62.8492560400247,43.1942578588203,71.1,"national",59.2,"national"
"CM61FL","south",70.6523741487922,42.6964779677179,71.1,"national",59.2,"national"
"CM61FL","southwest",65.3431283389994,55.2113951976975,71.1,"national",59.2,"national"
"CM61FL","west",65.9064732405773,57.2335339105101,71.1,"national",59.2,"national"
"CM61FL","yaounde",96.331099302766,90.2621371254147,98.3,"regional",91.2,"regional"
"CM71FL","adamawa",59.172737006581,38.4970194962253,78.8,"national",61.3,"national"
"CM71FL","centre",63.2319710957473,52.836393216754,68.6,"regional",57.2,"regional"
"CM71FL","douala",97.3902442514836,90.9672001315508,99.9,"regional",93.3,"regional"
"CM71FL","east",66.1181961474242,38.416877928976,78.8,"national",61.3,"national"
"CM71FL","farnorth",74.879459114568,31.8883102755638,78.8,"national",61.3,"national"
"CM71FL","littoral",83.8632231716741,68.9205279808462,87.6,"regional",70.4,"regional"
"CM71FL","north",39.8764537252004,38.9682074358631,78.8,"national",61.3,"national"
"CM71FL","northwest",78.9498411058658,44.6884084780639,78.8,"national",61.3,"national"
"CM71FL","south",78.6863271465561,54.4304750676275,78.8,"national",61.3,"national"
"CM71FL","southwest",95.9676530790704,94.0186623158186,78.8,"national",61.3,"national"
"CM71FL","west",70.4599247890189,68.5554302102881,78.8,"national",61.3,"national"
"CM71FL","yaounde",96.2925114994328,87.4236504512873,98.2,"regional",90.8,"regional"
"CD51FL","bandundu",30.0273816889168,0,33.7,"regional",10,"regional"
"CD51FL","bascongo",51.4023701254436,0,52.2,"regional",28,"regional"
"CD51FL","equateur",11.6749295735601,0,12.1,"regional",20.1,"regional"
"CD51FL","kasaioccident",24.2024383811275,0,24.7,"regional",26.1,"regional"
"CD51FL","kasaioriental",65.7166859238383,0,67,"regional",67.4,"regional"
"CD51FL","katanga",46.7147574787609,0,49,"regional",51.6,"regional"
"CD51FL","kinshasa",91.9452492591784,0,92.4,"regional",61.7,"regional"
"CD51FL","maniema",43.7949708821677,0,43.3,"regional",57.7,"regional"
"CD51FL","nordkivu",72.0152139983748,0,74.9,"regional",23.7,"regional"
"CD51FL","orientale",35.46334875266,0,32.9,"regional",35.7,"regional"
"CD51FL","sudkivu",62.7763989167037,0,60.5,"regional",44.7,"regional"
"CD61FL","bandundu",28.3941932743398,38.4623917057447,27.6,"regional",38.8,"regional"
"CD61FL","bascongo",60.4494907654945,26.6155473713917,61.1,"regional",25.8,"regional"
"CD61FL","equateur",21.1577962106767,27.7486737956276,21.4,"regional",26.8,"regional"
"CD61FL","kasaioccidental",29.1902639247942,25.5393300691492,48.8,"national",39.7,"national"
"CD61FL","kasaioriental",38.5330988254377,38.6090730771525,38.8,"regional",36.4,"regional"
"CD61FL","katanga",47.4837739047159,32.6586303288909,46.4,"regional",32.7,"regional"
"CD61FL","kinshasa",97.0870950629199,62.3184826880684,99,"regional",64.9,"regional"
"CD61FL","maniema",64.0727397943332,70.5145914901112,63.8,"regional",74.4,"regional"
"CD61FL","nordkivu",79.2548508529068,49.0609104146478,82,"regional",49.7,"regional"
"CD61FL","orientale",48.6300491507314,67.3110591493776,47.8,"regional",66.8,"regional"
"CD61FL","sudkivu",71.6354157168827,6.45475401173716,71.7,"regional",7.5,"regional"
"CD81FL","basuele",31.2246285543354,16.7964510179172,29.1,"regional",18.2,"regional"
"CD81FL","equateur",25.5929623683852,27.8842810574243,22,"regional",50.7,"regional"
"CD81FL","hautkatanga",87.517372713915,59.9528941534343,88,"regional",60.8,"regional"
"CD81FL","hautlomami",44.1011713386329,11.8637657135156,52.5,"national",33.5,"national"
"CD81FL","hautuele",46.6742255469874,8.53696190998658,42.1,"regional",9.4,"regional"
"CD81FL","ituri",44.8782637482282,17.4228030757687,48.3,"regional",19.2,"regional"
"CD81FL","kasai",24.454868372064,5.55539008349292,22.8,"regional",4.1,"regional"
"CD81FL","kasaicentral",40.8617882388617,5.93538499101503,41.7,"regional",6.5,"regional"
"CD81FL","kasaioriental",85.0909682353736,42.8753659269463,57.4,"regional",33.1,"regional"
"CD81FL","kinshasa",98.5201571272493,78.941642606999,99.7,"regional",80.5,"regional"
"CD81FL","kongocentral",42.4174785894383,14.6757370122983,52.5,"national",33.5,"national"
"CD81FL","kwango",4.04550557518769,9.42404745818902,4.7,"regional",8.6,"regional"
"CD81FL","kwilu",33.4552210956062,4.97598256011833,35.8,"regional",4.9,"regional"
"CD81FL","lomami",52.2374062881718,24.0076274927688,52.5,"national",33.5,"national"
"CD81FL","lualaba",39.939938545342,16.1909302685636,39,"regional",18.9,"regional"
"CD81FL","maindombe",27.3584334198435,21.9579892054964,28.2,"regional",19.8,"regional"
"CD81FL","maniema",32.1503166298279,34.1172001291668,33.8,"regional",35.1,"regional"
"CD81FL","mongala",13.3285310066331,83.2332845363065,14,"regional",83.2,"regional"
"CD81FL","nordkivu",79.3211022889114,35.0605696555257,85,"regional",35.2,"regional"
"CD81FL","nordubangi",48.1734398864001,42.9899909719636,48,"regional",41.8,"regional"
"CD81FL","sankuru",5.78265969346251,33.3031077930223,6.2,"regional",29.2,"regional"
"CD81FL","sudkivu",59.8370167239803,26.628141994997,59.6,"regional",31.5,"regional"
"CD81FL","sudubangi",20.3597190564109,59.5931501992324,21.7,"regional",59.4,"regional"
"CD81FL","tanganyika",35.9861873629109,8.5656423587686,52.5,"national",33.5,"national"
"CD81FL","tshopo",42.304431724185,21.4564493905597,40.9,"regional",23.2,"regional"
"CD81FL","tshuapa",2.29883110817329,56.1518595095103,2.3,"regional",56,"regional"
"CG51FL","brazzaville",0.549091204479205,38.5275753444221,66.3,"national",19.9,"national"
"CG51FL","north",0.45210900656182,2.56046287196345,66.3,"national",19.9,"national"
"CG51FL","pointenoire",0,27.8435832732012,66.3,"national",19.9,"national"
"CG51FL","south",0.0101654263921499,6.87185405133817,66.3,"national",19.9,"national"
"CG61FL","bouenza",54.8800883883334,42.1460004021998,52.9,"regional",41.2,"regional"
"CG61FL","brazzaville",93.7529520905015,59.514220178772,75.7,"national",41.6,"national"
"CG61FL","cuvette",56.8879011693932,12.8881189213786,60.6,"regional",12.4,"regional"
"CG61FL","cuvetteouest",20.2800141415848,3.81331854398146,20.1,"regional",4.1,"regional"
"CG61FL","kouilou",33.1540926169834,8.91982950399056,34.1,"regional",7.9,"regional"
"CG61FL","lekoumou",44.8973696321331,14.3877733846896,44.9,"regional",15.9,"regional"
"CG61FL","likouala",52.7543668604343,11.0482725638088,52.6,"regional",11.9,"regional"
"CG61FL","niari",53.0881294962005,40.5004660029124,49.9,"regional",36.5,"regional"
"CG61FL","plateaux",47.8316447642093,2.89855275606994,48,"regional",3.3,"regional"
"CG61FL","pointenoire",95.7575072313808,48.8842092818616,75.7,"national",41.6,"national"
"CG61FL","pool",44.5111368826849,9.89263318179052,44,"regional",8.9,"regional"
"CG61FL","sangha",49.7688156246984,14.2528228100872,50,"regional",13.3,"regional"
"KM61FL","mwali",90.5872263870323,48.0696377462382,90.4,"regional",49.4,"regional"
"KM61FL","ndzuwani",88.3466892219669,51.711894483067,91,"regional",52.6,"regional"
"KM61FL","ngazidja",83.9064607403273,20.0010067862807,91.1,"regional",23.7,"regional"
"ET41FL","addisababa",95.9225584067045,8.81525363338249,98.4,"regional",9.7,"regional"
"ET41FL","affar",10.9835199090663,0.613406330582764,25.3,"national",0.6,"national"
"ET41FL","amhara",9.89191534616259,0.252322427376555,17.7,"regional",0.3,"regional"
"ET41FL","benishangulgumuz",4.21136204503633,0,27.1,"regional",0,"regional"
"ET41FL","diredawa",78.8594601901407,7.12219954504774,84.2,"regional",7,"regional"
"ET41FL","gambela",17.5418867583597,2.35628773379655,36.3,"regional",2.5,"regional"
"ET41FL","harari",50.4833168084644,3.40007905796685,64.6,"regional",3.9,"regional"
"ET41FL","oromiya",13.5452076766123,0.167478404156555,25.3,"national",0.6,"national"
"ET41FL","snnp",12.1058482073649,0,25.3,"national",0.6,"national"
"ET41FL","somali",14.556996336034,0,24.2,"regional",0,"regional"
"ET41FL","tigray",20.9762615999688,1.42153462418344,40.5,"regional",1.3,"regional"
"ET51FL","addisababa",97.3684620225108,69.3122282496869,99.4,"regional",71.3,"regional"
"ET51FL","affar",38.5481271793064,8.38321073762946,61.6,"national",12.9,"national"
"ET51FL","amhara",60.5266189581753,7.4701228637441,62.5,"regional",8.5,"regional"
"ET51FL","benishangulgumuz",56.148082348739,5.53355062393557,57.4,"regional",6.3,"regional"
"ET51FL","diredawa",90.5845393269602,48.296818170099,93.8,"regional",53.3,"regional"
"ET51FL","gambela",56.7562160970857,6.86149007225177,58,"regional",6.9,"regional"
"ET51FL","harari",79.0847562718412,36.0540095870924,85.1,"regional",40.8,"regional"
"ET51FL","oromiya",60.0320906620846,7.6889350214076,61.6,"national",12.9,"national"
"ET51FL","snnp",55.7212058774648,14.6837927855392,61.6,"national",12.9,"national"
"ET51FL","somali",30.6920214231477,12.1313196296015,33.6,"regional",11.7,"regional"
"ET51FL","tigray",69.3678261278619,10.7671044419417,71.6,"regional",13.4,"regional"
"ET61FL","addisababa",99.0336571267969,69.8505626741037,100,"regional",71.5,"regional"
"ET61FL","affar",41.430637441264,15.109065727747,54.4,"national",17.8,"national"
"ET61FL","amhara",54.279048610461,16.2382756541321,56.5,"regional",18.2,"regional"
"ET61FL","benishangulgumuz",54.548049530867,12.0280039812582,56.8,"regional",14,"regional"
"ET61FL","diredawa",83.1672962246793,49.7596673310097,87.6,"regional",56.8,"regional"
"ET61FL","gambela",66.5401271500654,24.0508324675672,67.8,"regional",24.7,"regional"
"ET61FL","harari",79.0557135188293,35.0798584008993,87.6,"regional",40,"regional"
"ET61FL","oromiya",44.0281211900952,10.9602736149724,54.4,"national",17.8,"national"
"ET61FL","snnp",44.1434477352504,9.18218174328814,54.4,"national",17.8,"national"
"ET61FL","somali",46.5779113396106,31.6743011320239,61.8,"regional",32.3,"regional"
"ET61FL","tigray",65.1291240351889,20.6789539020655,68.8,"regional",22.3,"regional"
"ET71FL","addisababa",97.6299758675365,78.1985375950712,99.6,"regional",78.7,"regional"
"ET71FL","affar",54.1509176168126,17.2190540940298,65.2,"national",14.8,"national"
"ET71FL","amhara",59.2446705379618,4.74750068919897,64.4,"regional",7.7,"regional"
"ET71FL","benishangulgumuz",81.1942956287669,3.43063667912753,82.3,"regional",4.4,"regional"
"ET71FL","diredawa",84.8843048480578,58.9901660459703,90.5,"regional",64.2,"regional"
"ET71FL","gambela",81.9842655075426,15.5583794351173,84.7,"regional",18.5,"regional"
"ET71FL","harari",78.9199916048342,38.3161623194152,83.4,"regional",44.2,"regional"
"ET71FL","oromiya",60.6220302627126,8.51020694372699,65.2,"national",14.8,"national"
"ET71FL","snnp",57.7865018692398,11.5768889003394,65.2,"national",14.8,"national"
"ET71FL","somali",40.1341477472873,28.6061035843291,48,"regional",29,"regional"
"ET71FL","tigray",76.3365643681758,19.6402626008527,77.2,"regional",20.5,"regional"
"ET81FL","addisababa",95.9863604644509,79.3019153426126,98.7,"regional",79.8,"regional"
"ET81FL","afar",49.8214286635632,16.8886043909665,54.3,"regional",18.6,"regional"
"ET81FL","amhara",66.9723644668622,17.4161178710143,67.4,"regional",18.7,"regional"
"ET81FL","benishangulgumuz",83.2428996041672,15.3710081437294,84.9,"regional",13.4,"regional"
"ET81FL","diredawa",85.1793141291851,67.8532076419656,88.1,"regional",73.4,"regional"
"ET81FL","gambela",67.4947623854443,16.2796895123395,72,"regional",17.5,"regional"
"ET81FL","harari",86.8042999426908,43.876337965299,87.8,"regional",47,"regional"
"ET81FL","oromia",66.0668131762733,13.9428429940654,64.9,"regional",13.5,"regional"
"ET81FL","snnpr",72.1901104268047,8.73452955680089,71.6,"regional",10.3,"regional"
"ET81FL","somali",39.479560681084,24.3209009680519,48.8,"regional",26.5,"regional"
"ET81FL","tigray",76.7342220638167,31.8804557875538,78,"regional",33,"regional"
"ET8AFL","addisababa",83.2250632305244,85.3307110790383,98.5,"regional",87.2,"regional"
"ET8AFL","afar",38.8249634446211,18.9746558895836,47.3,"regional",21.8,"regional"
"ET8AFL","amhara",83.4948569842955,46.2520350719405,85.8,"regional",46.7,"regional"
"ET8AFL","benishangulgumuz",84.0696008406521,50.3479021755636,85.3,"regional",53.6,"regional"
"ET8AFL","centralethiopia",77.5999181624104,53.6359495107025,78.3,"regional",55.4,"regional"
"ET8AFL","diredawa",75.1789946633337,80.7950176837223,93.6,"regional",83.9,"regional"
"ET8AFL","gambella",65.7429519651609,44.0798583416508,74.9,"national",47,"national"
"ET8AFL","harari",70.1063962908206,69.2160204858841,85.2,"regional",70.8,"regional"
"ET8AFL","oromia",68.1888046492568,40.3686175640662,70.6,"regional",41.7,"regional"
"ET8AFL","sidama",67.4921548737063,49.8603421100285,70.5,"regional",49.2,"regional"
"ET8AFL","somali",36.4173160502882,32.5831880151232,49.9,"regional",33.8,"regional"
"ET8AFL","southethiopia",62.4452084361632,52.1455160443821,62.4,"regional",52.6,"regional"
"ET8AFL","southwestethiopia",47.0264756978482,50.3095058225718,46.1,"regional",50.4,"regional"
"ET8AFL","tigray",75.1965711906032,31.3411152089872,74.5,"regional",31.9,"regional"
"GA41FL","east",72.1321867536293,35.4326570399322,64.6,"regional",29.2,"regional"
"GA41FL","librevilleportgentil",99.6966632962588,68.4848484848482,99.7,"regional",67.6,"regional"
"GA41FL","north",43.8590110989659,12.455053201706,44.7,"regional",13.1,"regional"
"GA41FL","south",65.1583872370439,16.119018512169,61.1,"regional",14.5,"regional"
"GA41FL","west",67.0770528785794,36.3314659626134,59.5,"regional",30.1,"regional"
"GA61FL","estuaire",84.8109842112515,61.639773037874,93.1,"national",64.6,"national"
"GA61FL","hautogooue",88.6814182361857,43.7587278729781,88.7,"regional",43.3,"regional"
"GA61FL","libervilleportgentil",97.5328044231047,84.0451933765381,93.1,"national",64.6,"national"
"GA61FL","moyenogooue",82.5025957804965,32.9414690455918,77.5,"regional",28.6,"regional"
"GA61FL","ngounie",75.9984282069486,23.2761208117983,87.8,"regional",24.2,"regional"
"GA61FL","nyanga",81.4619849968289,33.6419392259507,75.8,"regional",31.5,"regional"
"GA61FL","ogooueivindo",71.5061670626792,13.1611307508845,74.8,"regional",12.6,"regional"
"GA61FL","ogoouelolo",72.51113536052,27.2212473913439,73.3,"regional",26.1,"regional"
"GA61FL","ogoouemaritime",86.6414615967883,60.3563728543158,93.1,"national",64.6,"national"
"GA61FL","woleuntem",78.6064998373719,22.9723637439462,92.8,"regional",23.7,"regional"
"GA71FL","estuaire",94.0399355823764,84.6249566840361,92.5,"national",73.2,"national"
"GA71FL","hautogooue",93.5774809299813,68.2726045303452,90.9,"regional",63.5,"regional"
"GA71FL","liberville",97.0336153705355,85.3746712170538,92.5,"national",73.2,"national"
"GA71FL","moyenogooue",84.0277968734829,44.3568820586987,77.5,"regional",41.1,"regional"
"GA71FL","ngounie",85.8652540480126,48.0055565774247,81.4,"regional",48.1,"regional"
"GA71FL","nyanga",84.4896196980089,50.8698577837198,78.8,"regional",44.8,"regional"
"GA71FL","ogooueivindo",58.2424413681719,26.9754650945572,59.3,"regional",28.2,"regional"
"GA71FL","ogoouelolo",71.5558087977124,43.9249202830628,67.3,"regional",43,"regional"
"GA71FL","ogoouemaritime",80.1099696708189,61.1860943634523,92.5,"national",73.2,"national"
"GA71FL","portgentil",98.1244449808034,80.7924526136737,99.9,"regional",81.3,"regional"
"GA71FL","woleuntem",79.8511608071366,44.5856837439253,78.9,"regional",44,"regional"
"GH4BFL","ashanti",70.9174478080789,40.9364004997172,72,"regional",41.5,"regional"
"GH4BFL","brongahafo",65.3469687455938,21.4962071544723,69,"regional",22.9,"regional"
"GH4BFL","central",56.5411587382639,30.1277263273732,68.6,"regional",33.5,"regional"
"GH4BFL","eastern",60.5663648632007,34.7893847893702,63.1,"regional",33.9,"regional"
"GH4BFL","greateraccra",81.642979742628,63.4086442990081,93.8,"regional",68,"regional"
"GH4BFL","northern",41.229761023407,11.1982262618024,70,"national",36.7,"national"
"GH4BFL","uppereast",65.2897368180135,16.4714276904797,66,"regional",20.8,"regional"
"GH4BFL","upperwest",69.0345693355106,12.313776721095,67.9,"regional",15.3,"regional"
"GH4BFL","volta",59.4515199589759,24.6271035109827,70,"national",36.7,"national"
"GH4BFL","western",70.4858187626222,32.6235865944417,70,"national",36.7,"national"
"GH5AFL","ashanti",94.3526600634328,80.7213137846549,94.7,"regional",83.9,"regional"
"GH5AFL","brongahafo",78.3929798126545,82.8012973201374,78.6,"regional",82.6,"regional"
"GH5AFL","central",84.9149394578159,81.1189623892952,93.4,"regional",83.8,"regional"
"GH5AFL","eastern",85.6756607908993,71.9317522319186,85.4,"regional",75,"regional"
"GH5AFL","greateraccra",97.6528192034991,85.9115601911435,99.2,"regional",89.9,"regional"
"GH5AFL","northern",72.942642247243,26.4359985516353,87.5,"national",71.3,"national"
"GH5AFL","uppereast",95.848897631138,11.6296835946155,96.2,"regional",11.2,"regional"
"GH5AFL","upperwest",97.180217302647,30.0908181876124,95.8,"regional",37.4,"regional"
"GH5AFL","volta",70.4477058979761,53.2893775506088,87.5,"national",71.3,"national"
"GH5AFL","western",73.2449169735351,61.7778702528964,87.5,"national",71.3,"national"
"GH72FL","ashanti",93.2589060911024,78.6657996801183,94.7,"regional",79.2,"regional"
"GH72FL","brongahafo",84.344257785381,74.1675167604166,87.9,"regional",78.1,"regional"
"GH72FL","central",86.4266102659436,79.1570821307295,90.5,"regional",81.7,"regional"
"GH72FL","eastern",79.9761010904817,73.2241255256913,82.4,"regional",74.9,"regional"
"GH72FL","greateraccra",97.2040199922554,88.6422155201906,98.8,"regional",88.5,"regional"
"GH72FL","northern",75.8407574234696,26.1412119552727,90.1,"national",74.5,"national"
"GH72FL","uppereast",88.9034005898774,20.2104801246204,89.7,"regional",20.1,"regional"
"GH72FL","upperwest",93.0362379740977,36.3557809141849,95.9,"regional",40.6,"regional"
"GH72FL","volta",81.8178585868378,57.4148072820659,90.1,"national",74.5,"national"
"GH72FL","western",82.8792210201641,83.4505097049387,90.1,"national",74.5,"national"
"GH8CFL","ahafo",83.5342617067152,50.1925687445168,83.3,"regional",54.2,"regional"
"GH8CFL","ashanti",95.3577438409714,80.6986005738064,96.8,"regional",84.7,"regional"
"GH8CFL","bono",91.2819238739101,70.408316252813,92.2,"regional",71.3,"regional"
"GH8CFL","bonoeast",82.2819301497931,52.8111793242955,86.4,"regional",57.2,"regional"
"GH8CFL","central",89.9017005887419,72.5473747529601,91.8,"regional",72,"regional"
"GH8CFL","eastern",87.9755728099713,72.7300244833643,88.7,"regional",74.7,"regional"
"GH8CFL","greateraccra",98.2289869527732,91.1583427943109,98.5,"regional",91.4,"regional"
"GH8CFL","northeast",57.9847836533786,20.2907071890572,59.3,"regional",21.9,"regional"
"GH8CFL","northern",70.2836064555394,26.6455020095618,90.5,"national",69.1,"national"
"GH8CFL","oti",63.3283190882931,42.0392876794801,66.9,"regional",48.7,"regional"
"GH8CFL","savannah",58.3747241271221,25.5319257011823,61.9,"regional",26.5,"regional"
"GH8CFL","uppereast",95.5973121738071,26.6417646186667,96.8,"regional",30,"regional"
"GH8CFL","upperwest",96.7603311687715,24.2601467225498,97.9,"regional",26.9,"regional"
"GH8CFL","volta",86.2374463037925,68.9423005240919,90.5,"national",69.1,"national"
"GH8CFL","western",90.553199023341,68.3641600243161,90.5,"national",69.1,"national"
"GH8CFL","westernnorth",82.778951580042,49.1439980484267,83.4,"regional",51.7,"regional"
"GN52FL","boke",20.9682148820793,10.8518265013944,50.3,"regional",20,"regional"
"GN52FL","conakry",93.4377340317592,13.6112162093392,96.4,"regional",73.7,"regional"
"GN52FL","faranah",21.4605918441013,0.748996139823302,67,"regional",13.6,"regional"
"GN52FL","kankan",17.7904277521591,0.278606471746747,79.6,"regional",20,"regional"
"GN52FL","kindia",20.9890116843832,3.51807009770765,56.8,"regional",27.9,"regional"
"GN52FL","labe",9.25018604137643,0.501724844516059,53.7,"regional",14,"regional"
"GN52FL","mamou",18.4481039427836,0.292514446663955,48.1,"regional",18.3,"regional"
"GN52FL","nzerekore",17.1398498232718,1.48244541373569,45.6,"regional",21.2,"regional"
"GN62FL","boke",71.1244205218044,36.4891725765007,70.2,"regional",35.9,"regional"
"GN62FL","conakry",97.7687420948941,90.5614222076829,99.5,"regional",91.3,"regional"
"GN62FL","faranah",78.0184399378816,22.6867878172109,78.6,"regional",23.3,"regional"
"GN62FL","kankan",79.7220026245078,29.1644899312852,80.9,"regional",30.7,"regional"
"GN62FL","kindia",53.9156911114426,42.5262519278112,56,"regional",41.3,"regional"
"GN62FL","labe",61.2547305179463,32.6666084709958,60.1,"regional",32.8,"regional"
"GN62FL","mamou",53.3785530194136,26.833835289,56.4,"regional",28.6,"regional"
"GN62FL","nzerekore",80.4913421130337,36.9940654049645,81.3,"regional",38.1,"regional"
"GN71FL","boke",66.7869947049907,44.0033008411516,67.8,"regional",44.8,"regional"
"GN71FL","conakry",95.8202735863701,93.0975364786393,98.5,"regional",94.4,"regional"
"GN71FL","faranah",85.6576584957458,30.9362353267412,86.7,"regional",32.7,"regional"
"GN71FL","kankan",90.4848063733017,60.1748078999669,90.9,"regional",59.1,"regional"
"GN71FL","kindia",61.3603098845316,42.0022921904221,62.5,"regional",43.1,"regional"
"GN71FL","labe",61.5787833310899,34.0288559857795,62.7,"regional",37,"regional"
"GN71FL","mamou",63.1355223602802,46.1650126984862,63.7,"regional",46.3,"regional"
"GN71FL","nzerekore",88.7788658538651,35.6811071624811,90.5,"regional",37.2,"regional"
"GM61FL","banjul",99.0093579952233,97.809966535065,98.9,"regional",97.4,"regional"
"GM61FL","basse",92.2362797705601,43.7306228758691,92.7,"regional",41.4,"regional"
"GM61FL","brikama",86.8765705842337,58.9962284657858,87.2,"regional",61.6,"regional"
"GM61FL","janjanbureh",77.5572237160436,55.0505455483531,80.8,"regional",53.4,"regional"
"GM61FL","kanifing",98.4240650501959,81.3771640427736,98.5,"regional",82.7,"regional"
"GM61FL","kerewan",88.5002786727136,57.6629266579062,89.7,"regional",57.8,"regional"
"GM61FL","kuntaur",82.6733815945652,19.0607303299945,82,"regional",19.3,"regional"
"GM61FL","mansakonko",95.8291154711726,25.0280845935521,96.8,"regional",25.2,"regional"
"GM81FL","banjul",99.0819543613957,96.9100601666266,100,"regional",97.6,"regional"
"GM81FL","basse",95.956056243635,50.0277354423057,97.4,"regional",54,"regional"
"GM81FL","brikama",90.1249629691428,73.0826120231278,92.4,"regional",75.7,"regional"
"GM81FL","janjanbureh",86.3160117991471,21.8911102418387,87.8,"regional",23.6,"regional"
"GM81FL","kanifing",99.516910674702,89.0757581220127,100,"regional",89.6,"regional"
"GM81FL","kerewan",94.960810107654,58.0589311883223,96.6,"regional",59.1,"regional"
"GM81FL","kuntaur",87.3300599546912,38.350369309452,89.9,"regional",39.5,"regional"
"GM81FL","mansakonko",89.64774351955,46.7134781964556,92.4,"regional",51.4,"regional"
"KE42FL","central",41.1813185374117,14.7612996058266,55,"regional",15.1,"regional"
"KE42FL","coast",55.5833067866784,25.7823311130495,61.2,"regional",26.9,"regional"
"KE42FL","eastern",29.1041450895423,11.8348219152821,42.1,"regional",13.7,"regional"
"KE42FL","nairobiarea",92.0973481461202,69.3888274029624,45.4,"national",19.4,"national"
"KE42FL","northeastern",3.56746816582802,1.35921716962115,11.5,"regional",1.7,"regional"
"KE42FL","nyanza",16.131771496096,6.61934147903944,27,"regional",7.6,"regional"
"KE42FL","riftvalley",18.8973460685895,14.3957686901407,39.6,"regional",16.6,"regional"
"KE42FL","western",8.40809879705485,8.24050172940587,26.4,"regional",9.8,"regional"
"KE52FL","central",66.7542374049009,57.2214133458096,69.7,"regional",57.1,"regional"
"KE52FL","coast",63.205550532884,53.672170715414,69.8,"regional",62,"regional"
"KE52FL","eastern",50.2681136363536,35.3502304059941,51.7,"regional",37.8,"regional"
"KE52FL","nairobiarea",96.9401835125908,92.7569799510603,64.8,"national",49,"national"
"KE52FL","northeastern",68.4726767243549,27.9312575950451,74.5,"regional",30.5,"regional"
"KE52FL","nyanza",55.5001156747773,32.0945427777967,56.1,"regional",32.3,"regional"
"KE52FL","riftvalley",56.7750160436277,44.0472471327509,58.2,"regional",44.3,"regional"
"KE52FL","western",75.5134614600722,48.8208740350108,75.1,"regional",49.3,"regional"
"KE72FL","central",80.1511927030275,49.8770934767689,81.4,"regional",50.3,"regional"
"KE72FL","coast",69.875936470621,61.5662312957075,81.3,"regional",68,"regional"
"KE72FL","eastern",54.6612304545082,48.2065827499119,58,"regional",49.6,"regional"
"KE72FL","nairobi",94.0451072402554,88.0392540550087,98.2,"regional",88.7,"regional"
"KE72FL","northeastern",52.2136692229063,37.3424063815391,60.9,"regional",35.1,"regional"
"KE72FL","nyanza",62.8652865598108,46.2377467249868,64.7,"regional",47.7,"regional"
"KE72FL","riftvalley",60.4466373559905,47.4932321522302,65.1,"regional",49.5,"regional"
"KE72FL","western",75.2559750421962,22.7602795815315,78,"regional",24.4,"regional"
"KE8CFL","baringo",54.6336182847996,63.2101842536928,58.9,"regional",65.2,"regional"
"KE8CFL","bomet",80.4758058967561,93.812472944645,81.5,"regional",95.5,"regional"
"KE8CFL","bungoma",86.4816386871397,55.9715991697217,88.8,"regional",59.4,"regional"
"KE8CFL","busia",71.668085930266,57.2722794057145,72.1,"regional",58.6,"regional"
"KE8CFL","elgeyomarakwet",68.7358257770608,45.2338881812734,67.1,"regional",43.6,"regional"
"KE8CFL","embu",80.6414174926143,61.8971464921594,83.4,"regional",63,"regional"
"KE8CFL","garissa",60.3014646696832,80.6024182917293,85.5,"regional",80.5,"regional"
"KE8CFL","homabay",63.429200527138,47.9098367272164,67.7,"regional",51.6,"regional"
"KE8CFL","isiolo",85.1820957109607,63.6704861034818,88,"regional",64.6,"regional"
"KE8CFL","kajiado",85.9090703689781,80.9600143003423,92.3,"regional",84.2,"regional"
"KE8CFL","kakamega",86.4586072893628,46.0292282515235,87.5,"regional",46.8,"regional"
"KE8CFL","kericho",67.2059587012141,45.7006868150695,71.4,"regional",49.2,"regional"
"KE8CFL","kiambu",92.7930767972523,90.8875630773187,96.6,"regional",93.1,"regional"
"KE8CFL","kilifi",70.2345908273286,59.9054486950238,81.4,"regional",65,"regional"
"KE8CFL","kirinyaga",74.8015162009915,95.0155881825678,80.9,"regional",95.8,"regional"
"KE8CFL","kisii",66.8561441499519,42.5296988840373,70.3,"regional",46.8,"regional"
"KE8CFL","kisumu",82.5369538820008,69.7982297438723,83.1,"regional",70.4,"regional"
"KE8CFL","kitui",40.5093313535864,65.394992625842,43.1,"regional",66,"regional"
"KE8CFL","kwale",59.9241094195828,52.773512597577,67.5,"regional",57.8,"regional"
"KE8CFL","laikipia",72.1298296789692,53.9518541718894,77,"regional",52.7,"regional"
"KE8CFL","lamu",74.878710663305,57.9391409234858,82.5,"regional",60.7,"regional"
"KE8CFL","machakos",73.8420535250612,84.4781564495927,82.3,"regional",85.2,"regional"
"KE8CFL","makueni",61.4573230132715,66.987893534165,64.7,"regional",69.7,"regional"
"KE8CFL","mandera",37.1273862347759,68.799117527065,73.4,"regional",69.1,"regional"
"KE8CFL","marsabit",74.8193224737139,48.1113483150394,86.3,"regional",50.7,"regional"
"KE8CFL","meru",73.7193189944902,55.7652506873032,82.4,"regional",62.4,"regional"
"KE8CFL","migori",56.2300048719304,36.9030091413149,59,"regional",39.2,"regional"
"KE8CFL","mombasa",48.1626606838388,93.127581214767,58.4,"regional",95.8,"regional"
"KE8CFL","muranga",77.4068725347135,84.6245779716759,83.5,"regional",84.2,"regional"
"KE8CFL","nairobi",97.047512120574,93.3081857064496,100,"regional",93.9,"regional"
"KE8CFL","nakuru",80.4409060556425,79.1373421854693,82.3,"regional",78.4,"regional"
"KE8CFL","nandi",47.0234842057877,57.0344449872865,54.2,"regional",62.7,"regional"
"KE8CFL","narok",59.7063535789386,51.1431305985828,64.4,"regional",52.2,"regional"
"KE8CFL","nyamira",77.1774355417662,35.4915513637283,76.6,"regional",38.7,"regional"
"KE8CFL","nyandarua",91.1620607900335,49.4300501691936,93.1,"regional",50,"regional"
"KE8CFL","nyeri",88.8235023959988,77.7964013168919,91.5,"regional",79.2,"regional"
"KE8CFL","samburu",36.3910732262263,39.0337396873929,46.5,"regional",42.7,"regional"
"KE8CFL","siaya",53.6635187009728,55.7378355797916,58.5,"regional",57.1,"regional"
"KE8CFL","taitataveta",80.4923187332703,82.0979402328782,82.5,"regional",80,"regional"
"KE8CFL","tanariver",56.6858649893088,36.2807450691674,60.7,"regional",38.4,"regional"
"KE8CFL","tharakanithi",63.998823151669,64.0403743879263,70.5,"regional",68,"regional"
"KE8CFL","transnzoia",86.2369413753272,87.8674924339002,86.6,"regional",90,"regional"
"KE8CFL","turkana",62.3669895630859,24.1415714657131,67.7,"regional",27.4,"regional"
"KE8CFL","uasingishu",83.1001352323884,74.0926142841105,86.1,"regional",79.4,"regional"
"KE8CFL","vihiga",83.8189186538906,77.184359381998,85.6,"regional",78.7,"regional"
"KE8CFL","wajir",67.435192116045,29.4276349743581,77.6,"regional",31.7,"regional"
"KE8CFL","westpokot",43.9272882123751,31.981842655173,43.4,"regional",32.2,"regional"
"LB51FL","monrovia",81.7215542856691,49.4424199948717,90.3,"regional",51.9,"regional"
"LB51FL","northcentral",61.7523807147624,16.9088119533624,61.9,"regional",18.2,"regional"
"LB51FL","northwestern",70.7443277636533,31.8030076887768,70.6,"regional",30.5,"regional"
"LB51FL","southcentral",49.8750118049947,19.9132575486559,48.7,"regional",20.3,"regional"
"LB51FL","southeasterna",59.8851712657013,11.3350048439323,57.1,"regional",11.3,"regional"
"LB51FL","southeasternb",55.5368922803585,11.1195599523295,55.1,"regional",11.5,"regional"
"LB5AFL","monrovia",94.7142763637694,64.5351889042451,97.8,"regional",65.7,"regional"
"LB5AFL","northcentral",77.4176401073772,42.9189811113479,76.4,"regional",43.1,"regional"
"LB5AFL","northwestern",61.1654257590112,31.8433849277701,62.8,"regional",31,"regional"
"LB5AFL","southcentral",64.2624330131855,32.5541064676256,63.3,"regional",32.7,"regional"
"LB5AFL","southeasterna",45.4908132843556,23.4979576100162,47.4,"regional",26,"regional"
"LB5AFL","southeasternb",63.235317422514,32.2054473997465,60.8,"regional",31.1,"regional"
"LB6AFL","northcentral",69.1417352900008,25.7896428029566,70,"regional",26.7,"regional"
"LB6AFL","northwestern",65.7894646480454,22.9483328840283,68.4,"regional",24.2,"regional"
"LB6AFL","southcentral",77.1326417945145,56.8650902983328,83.4,"regional",57.1,"regional"
"LB6AFL","southeasterna",54.4145057184522,21.9887793297925,57.7,"regional",22.5,"regional"
"LB6AFL","southeasternb",63.4126234625738,31.8440942302319,65.5,"regional",33.7,"regional"
"LB7AFL","northcentral",80.0464946677027,35.8037423047028,79.5,"regional",35,"regional"
"LB7AFL","northwestern",77.6481195651696,23.5070916000941,79.6,"regional",26,"regional"
"LB7AFL","southcentral",88.1789490727717,63.0096529072276,89.3,"regional",62.3,"regional"
"LB7AFL","southeasterna",74.3911798754174,31.9896001236813,75.6,"regional",30.4,"regional"
"LB7AFL","southeasternb",83.2919143506224,27.4521520195224,81.4,"regional",27.2,"regional"
"MD42FL","antananarivo",53.986664624891,5.25419094275002,56.4,"regional",6.6,"regional"
"MD42FL","antsiranana",31.3658642317841,1.54202678070839,33.3,"regional",1.8,"regional"
"MD42FL","fianarantsoa",18.979571562792,0.890302039842741,18,"regional",1.2,"regional"
"MD42FL","mahajanga",29.9663841389666,1.47344976089188,29.5,"regional",1.7,"regional"
"MD42FL","toamasina",20.6632661763166,1.90913291100147,20.9,"regional",1.8,"regional"
"MD42FL","toliara",29.2931778286689,0.714987472554772,34.8,"national",3.1,"national"
"MD51FL","alaotramangoro",56.0896425985652,1.51914593935432,55.1,"regional",1.6,"regional"
"MD51FL","amoronimania",29.9906262231443,5.78800232301398,41.5,"national",4.4,"national"
"MD51FL","analamanga",76.2765761526696,16.8229486385535,77.8,"regional",14.1,"regional"
"MD51FL","analanjirofo",19.8073823785692,2.22636447117585,18,"regional",1.1,"regional"
"MD51FL","androy",19.3244131274221,0.232238898576962,19.8,"regional",0,"regional"
"MD51FL","anosy",26.3401514697271,1.22287349413197,25.6,"regional",0.6,"regional"
"MD51FL","atsimoandrefana",29.1519304960507,2.15528487436992,31,"regional",2.7,"regional"
"MD51FL","atsimoatsinanana",10.1670878214578,0.81977974060171,9.8,"regional",0.3,"regional"
"MD51FL","atsinanana",36.7469497033292,7.99884717049597,36.1,"regional",7,"regional"
"MD51FL","betsiboka",28.0729198795315,0.0996138796623336,28.6,"regional",0.3,"regional"
"MD51FL","boeny",40.4331779227306,7.41612416305197,41.6,"regional",6.1,"regional"
"MD51FL","bongolava",69.6546139416704,0,69.5,"regional",0,"regional"
"MD51FL","diana",36.8932074348213,7.43148745382744,39.4,"regional",5.8,"regional"
"MD51FL","hautematsiatra",37.1701385480817,8.08308069508448,38.7,"regional",9.8,"regional"
"MD51FL","ihorombe",45.9246356848854,0.408337681119996,43.9,"regional",0.3,"regional"
"MD51FL","itasy",55.046720367954,4.59922689240201,55.8,"regional",1.2,"regional"
"MD51FL","melaky",7.74751938617765,0.442815021459485,8,"regional",0.8,"regional"
"MD51FL","menabe",41.5638185564602,1.87296375822453,40.9,"regional",1.8,"regional"
"MD51FL","sava",35.7151427088843,5.56258800447862,33.6,"regional",0.3,"regional"
"MD51FL","sofia",25.7419380304469,1.91910505996313,28.4,"regional",0.7,"regional"
"MD51FL","vakinankaratra",36.0437913183728,1.66862294016712,41.5,"national",4.4,"national"
"MD51FL","vatovavyfitovinany",18.5126794049737,0.402757232387333,20.4,"regional",0.5,"regional"
"MD81FL","alaotramangoro",44.6433462209045,33.5263197508701,46,"regional",33.7,"regional"
"MD81FL","amoronimania",30.8904834411376,22.6907483075649,48,"national",33.8,"national"
"MD81FL","analamangaexcludingcapital",73.900079336543,59.85036489538,76.4,"regional",61.6,"regional"
"MD81FL","analanjirofo",44.0248496776516,41.046974099674,44.2,"regional",39.3,"regional"
"MD81FL","androy",26.0666118093832,10.9686981138477,33.9,"regional",10.6,"regional"
"MD81FL","anosy",25.0051783923898,10.8069802680935,26.4,"regional",13,"regional"
"MD81FL","antananarivocapital",99.0894384688597,69.3484440769716,99.5,"regional",73.8,"regional"
"MD81FL","atsimoandrefana",51.3798148918447,20.2412880045885,53.6,"regional",19.8,"regional"
"MD81FL","atsimoatsinanana",14.908374441226,3.1894581730793,17.5,"regional",3.8,"regional"
"MD81FL","atsinanana",27.8539526791758,33.457249448084,32.6,"regional",38.8,"regional"
"MD81FL","betsiboka",27.3320350462197,16.9160705709085,29.6,"regional",17.8,"regional"
"MD81FL","boeny",46.3006167455869,29.7322091601544,48.1,"regional",31.4,"regional"
"MD81FL","bongolava",66.3709819899422,32.764908169275,65.9,"regional",34.3,"regional"
"MD81FL","diana",63.512778183152,35.4821344695438,65,"regional",34.1,"regional"
"MD81FL","hautematsiatra",35.1043182524758,43.8331336337318,37.6,"regional",42.7,"regional"
"MD81FL","ihorombe",36.1250550438477,5.46088555125754,38.4,"regional",6.1,"regional"
"MD81FL","itasy",57.9890649758187,56.8725559532531,60.4,"regional",56.7,"regional"
"MD81FL","melaky",32.3772535419071,19.1299130704517,32.7,"regional",18.8,"regional"
"MD81FL","menabe",28.9379804258796,1.68651439394481,31.2,"regional",1.8,"regional"
"MD81FL","sava",47.4281016034968,29.6315539502873,48.8,"regional",32.3,"regional"
"MD81FL","sofia",16.7618589939475,43.8564151597065,18.4,"regional",42.7,"regional"
"MD81FL","vakinankaratra",57.2884349496594,25.9418322501949,48,"national",33.8,"national"
"MD81FL","vatovavyfitovinany",25.9786766949281,8.1645785756643,28.5,"regional",7.9,"regional"
"ML41FL","bamako",88.9530103636257,46.3835270360624,89.4,"regional",47.5,"regional"
"ML41FL","kayes",35.6299306455583,22.3148737068185,38.3,"regional",20.5,"regional"
"ML41FL","kidalgaotimbouctou",24.7475985378427,12.7663104405512,41.9,"national",15,"national"
"ML41FL","koulikoro",31.7690873426574,3.08178707621307,28.6,"regional",4.6,"regional"
"ML41FL","mopti",34.8888680764457,8.78057578727026,34.8,"regional",6.6,"regional"
"ML41FL","segou",31.473188255826,7.33335443972975,32.1,"regional",5.1,"regional"
"ML41FL","sikasso",48.6179441712498,18.6324962183236,47.1,"regional",17.9,"regional"
"ML53FL","bamako",95.1195218773608,61.0311040014331,95.6,"regional",61.7,"regional"
"ML53FL","gao",54.6478774808073,27.6010374118791,56.1,"regional",28,"regional"
"ML53FL","kayes",57.540384663852,27.1179621277338,59,"regional",28.8,"regional"
"ML53FL","kidal",28.02885332403,95.4714330662767,27.2,"regional",90.6,"regional"
"ML53FL","koulikoro",39.8415338709174,12.4188623279596,41.1,"regional",13.5,"regional"
"ML53FL","mopti",49.3242833213656,14.1106772494656,47.5,"regional",12.9,"regional"
"ML53FL","segou",50.7375423340814,11.912094382379,51.5,"regional",11.5,"regional"
"ML53FL","sikasso",56.0043638814865,11.7751964773519,55.8,"regional",11.7,"regional"
"ML53FL","tombouctou",47.3370467774673,9.16244307246263,48.8,"regional",10.1,"regional"
"ML6AFL","bamako",97.345628733644,89.6796189449288,98.5,"regional",90.6,"regional"
"ML6AFL","kayes",67.1595214567093,41.6407024860676,68.5,"regional",41.9,"regional"
"ML6AFL","koulikoro",57.0299652499882,38.1347646674405,58.3,"regional",39.1,"regional"
"ML6AFL","mopti",57.8595879487631,23.0140662985222,57.1,"regional",23.5,"regional"
"ML6AFL","segou",62.0940777458446,33.7788351781022,61.9,"regional",35.2,"regional"
"ML6AFL","sikasso",67.8605765409539,35.3797422780931,65.9,"regional",34,"regional"
"ML7AFL","bamako",94.3695828381708,90.179172936879,98.9,"regional",91,"regional"
"ML7AFL","gao",64.3269441083063,41.9769475664556,63.6,"regional",44.5,"regional"
"ML7AFL","kayes",64.6066419989493,69.3433165163902,66.7,"regional",70.1,"regional"
"ML7AFL","kidal",48.2144994648283,28.7561189821019,65.5,"regional",28.3,"regional"
"ML7AFL","koulikoro",70.786701181686,50.0967238762476,69.9,"regional",48.4,"regional"
"ML7AFL","mopti",46.6665821319936,40.0860882833895,47.3,"regional",39.6,"regional"
"ML7AFL","segou",63.3114142533697,50.063137916236,63.4,"regional",49.5,"regional"
"ML7AFL","sikasso",66.8113493440136,47.3031888319946,67.2,"regional",46.6,"regional"
"ML7AFL","tombouctou",72.3288296282895,24.6436980482908,74.1,"regional",26.7,"regional"
"ML8AFL","bamako",97.4448833946876,97.801692908235,99.6,"regional",97.6,"regional"
"ML8AFL","gao",74.3750840495818,65.6593480266974,85.4,"regional",64.9,"regional"
"ML8AFL","kayes",69.1915338122474,72.9423602491352,72.9,"regional",74.2,"regional"
"ML8AFL","kidal",87.729851802862,77.726051616749,83.1,"national",71.9,"national"
"ML8AFL","koulikoro",80.6193278473191,74.059266958418,82.2,"regional",74.7,"regional"
"ML8AFL","mopti",83.3236583721437,59.8402869902973,83,"regional",59.2,"regional"
"ML8AFL","segou",80.384369672389,66.9157798536261,80,"regional",66,"regional"
"ML8AFL","sikasso",77.3507876794114,62.1206410960391,78.6,"regional",62.8,"regional"
"ML8AFL","tombouctou",88.9480833720083,32.1777205352545,90,"regional",34,"regional"
"MZ41FL","cabodelgado",22.9965011105155,0.145525255074539,42.9,"regional",0.1,"regional"
"MZ41FL","gaza",33.295110130671,0.71907303085978,53.5,"regional",0.5,"regional"
"MZ41FL","inhambane",23.9544923144581,0.782277698618654,43.3,"regional",0.4,"regional"
"MZ41FL","manica",24.4871774162122,1.3099013895917,59.5,"regional",0.9,"regional"
"MZ41FL","maputo",11.4811542813612,13.3142228144396,42,"national",2.3,"national"
"MZ41FL","maputocity",0.49913554169978,30.7072483829427,42,"national",2.3,"national"
"MZ41FL","nampula",4.91235984337878,0.898481137802052,26.2,"regional",0.6,"regional"
"MZ41FL","niassa",14.2782496104243,0.894340644480616,28.7,"regional",0.3,"regional"
"MZ41FL","sofala",20.1468578025391,4.47929657126717,53.4,"regional",3.8,"regional"
"MZ41FL","tete",27.9726534748246,2.21183384271568,39.8,"regional",2.2,"regional"
"MZ41FL","zambezia",7.23738484700805,0.72994541154321,20.7,"regional",0.5,"regional"
"MZ62FL","cabodelgado",33.978886795296,6.66815207331701,37.3,"regional",6.2,"regional"
"MZ62FL","gaza",59.5882839022201,36.5793580586845,70.1,"regional",34.8,"regional"
"MZ62FL","inhambane",56.6862074581293,19.3066349539856,60.9,"regional",17.8,"regional"
"MZ62FL","manica",76.243344172981,28.3836355373424,84.3,"regional",29.5,"regional"
"MZ62FL","maputo",69.8754540827441,55.0428640559408,51.2,"national",26.1,"national"
"MZ62FL","maputocity",80.9815786272906,88.0456208367132,51.2,"national",26.1,"national"
"MZ62FL","nampula",34.1690676999979,26.8906144390748,38.5,"regional",24.8,"regional"
"MZ62FL","niassa",46.1584094980004,31.5862749525974,43.9,"regional",30.2,"regional"
"MZ62FL","sofala",55.0539911954105,33.8457106029413,65.6,"regional",34.1,"regional"
"MZ62FL","tete",41.7310862258195,23.3374747703875,43.5,"regional",22.3,"regional"
"MZ62FL","zambezia",22.0105010400336,7.16931495930544,25.5,"regional",8.1,"regional"
"MZ81FL","cabodelgado",70.0152166304324,28.7896648860114,71.1,"regional",27.1,"regional"
"MZ81FL","gaza",93.083551590944,31.6088518134783,92.2,"regional",29.5,"regional"
"MZ81FL","inhambane",70.0975047753095,31.2296707883431,73.6,"regional",29.1,"regional"
"MZ81FL","manica",59.4019018811687,44.6010804260786,57.1,"regional",42,"regional"
"MZ81FL","maputo",95.7742676415978,83.5971628846908,61.6,"national",36.1,"national"
"MZ81FL","maputocity",98.5962302780966,94.2756284684775,61.6,"national",36.1,"national"
"MZ81FL","nampula",43.0499629769877,26.7597507849035,44.4,"regional",25.4,"regional"
"MZ81FL","niassa",50.1177698420491,13.6107178451594,53.3,"regional",13.7,"regional"
"MZ81FL","sofala",67.7759955266389,37.4928794134103,68.2,"regional",37.5,"regional"
"MZ81FL","tete",67.1720982285519,30.3403162268505,66.9,"regional",29.3,"regional"
"MZ81FL","zambezia",45.1190122831355,29.7931901293255,42.7,"regional",30,"regional"
"MR71FL","adrar",69.3670251553975,71.2738313103315,92.8,"regional",69,"regional"
"MR71FL","assaba",59.0509279706234,43.3650966839314,72.1,"regional",45,"regional"
"MR71FL","brakna",89.1295881067075,64.6096897557936,91.1,"regional",65.1,"regional"
"MR71FL","easternbasinregion",48.167511364745,18.4407078776842,80.5,"national",58.9,"national"
"MR71FL","gorgol",57.3851404522554,36.4583099561654,61.2,"regional",37.7,"regional"
"MR71FL","guidimagha",59.2694295848463,37.807847299408,61.9,"regional",38.4,"regional"
"MR71FL","northnouakchott",74.0401982689631,85.1964127027954,80.5,"national",58.9,"national"
"MR71FL","southnouakchott",78.5736812085754,90.546919857179,80.5,"national",58.9,"national"
"MR71FL","tagant",74.0013208873462,36.2730080167701,78.8,"regional",38.1,"regional"
"MR71FL","tiriszemourandinchiri",38.2733990767682,69.0320661396425,80.5,"national",58.9,"national"
"MR71FL","trarza",96.4756714773101,80.5199916608046,97.4,"regional",80.4,"regional"
"MR71FL","westernbasinregion",56.1070497156918,34.5288728495588,80.5,"national",58.9,"national"
"MR71FL","westnouakchott",73.3476653436404,91.6341520800496,80.5,"national",58.9,"national"
"MW41FL","central",59.4522113709803,3.3931476040521,60.7,"regional",3.5,"regional"
"MW41FL","northern",67.1579673375098,1.5730021918989,69.5,"regional",1.7,"regional"
"MW41FL","southern",66.7929540637666,3.9683091708222,68.1,"regional",4,"regional"
"MW4EFL","central",0,0,57.8,"regional",4.9,"regional"
"MW4EFL","northern",0,0,65.5,"regional",5.3,"regional"
"MW4EFL","southern",0,0,68.1,"regional",3.9,"regional"
"MW61FL","central",73.6258191717244,14.686548293762,73.9,"regional",14.7,"regional"
"MW61FL","northern",83.035172935233,8.81112423194802,83.5,"regional",8.3,"regional"
"MW61FL","southern",83.6586807688765,13.73508596596,84.3,"regional",14.1,"regional"
"MW7AFL","central",85.820653975203,83.3531409591181,86.2,"regional",83.1,"regional"
"MW7AFL","northern",87.0808926918339,84.6552095896853,86.9,"regional",84.3,"regional"
"MW7AFL","southern",88.1504408298423,82.276210830198,88.1,"regional",82.4,"regional"
"MW81FL","central",85.249175054979,44.6299309892151,85.7,"regional",69.7,"regional"
"MW81FL","northern",81.9236702049414,55.273360537976,82.9,"regional",69.5,"regional"
"MW81FL","southern",93.2233810765553,48.9531308956924,92.7,"regional",68.3,"regional"
"NM41FL","caprivi",73.5150136599049,3.79625265204445,79.6,"national",38.3,"national"
"NM41FL","erongo",97.2918058318189,97.0735595944649,100,"regional",99.2,"regional"
"NM41FL","kavango",52.3803635918953,12.7557049124017,50.7,"regional",16,"regional"
"NM41FL","khomas",91.6415588515512,70.7843204340753,92.6,"regional",72.8,"regional"
"NM41FL","kunene",75.5727895799431,36.6625221579214,80.2,"regional",35.2,"regional"
"NM41FL","ohangwena",65.7622287684593,0.691859493511823,61.7,"regional",0.5,"regional"
"NM41FL","omaheke",82.5278364358595,21.1780424871164,85.8,"regional",21.3,"regional"
"NM41FL","omusati",51.8724489565819,5.41951443665878,56.8,"regional",4.9,"regional"
"NM41FL","oshana",81.6892396169182,27.4227661195722,83.1,"regional",27.6,"regional"
"NM41FL","oshikoto",69.4094575684488,24.2807242767301,67.3,"regional",24.7,"regional"
"NM41FL","otjozondjupa",91.4317709551874,53.1156999412931,94.1,"regional",49.7,"regional"
"NM51FL","caprivi",86.3067661160834,11.1696244018714,89.2,"national",47.3,"national"
"NM51FL","erongo",90.62632794273,80.5126181577254,95.2,"regional",86,"regional"
"NM51FL","kavango",69.3887499422846,13.3804597758986,71.1,"regional",14.1,"regional"
"NM51FL","khomas",96.3282063502902,83.3219632382973,98.6,"regional",86,"regional"
"NM51FL","kunene",71.487748616623,27.7924756452489,78.9,"regional",28.5,"regional"
"NM51FL","ohangwena",85.4998047371786,6.34744791515435,87.1,"regional",6.4,"regional"
"NM51FL","omaheke",91.5792865865989,29.0121306680166,96.3,"regional",26,"regional"
"NM51FL","omusati",62.9526584875877,16.683731784851,66.2,"regional",17.9,"regional"
"NM51FL","oshana",94.1840315729467,43.1229656725499,97,"regional",45.9,"regional"
"NM51FL","oshikoto",84.954822960595,38.3021621749412,85.8,"regional",41.1,"regional"
"NM51FL","otjozondjupa",95.1277319068921,58.0538225171591,97.8,"regional",55,"regional"
"NM61FL","erongo",97.6425263524691,79.9680062590343,99.5,"regional",81.2,"regional"
"NM61FL","kavango",68.0252991200636,21.553039310341,73.1,"regional",20.6,"regional"
"NM61FL","khomas",97.6143502776258,79.2132294730314,99.2,"regional",80.9,"regional"
"NM61FL","kunene",84.8663605982815,34.8291127211257,88.2,"regional",38.7,"regional"
"NM61FL","ohangwena",65.5011491339305,14.6895691158645,66.7,"regional",16.1,"regional"
"NM61FL","omaheke",93.8684038591915,42.3540877107647,97.2,"regional",41.2,"regional"
"NM61FL","omusati",64.0980263000653,17.0968819558342,67.8,"regional",17.9,"regional"
"NM61FL","oshana",90.932764720111,48.2704054416137,88.5,"regional",49.9,"regional"
"NM61FL","oshikoto",82.0386864055083,30.7079114032671,84.2,"regional",32.4,"regional"
"NM61FL","otjozondjupa",97.2505186776743,61.807475112951,98.6,"regional",62.6,"regional"
"NM61FL","zambezi",84.7687890308851,16.8072760051914,87.1,"regional",19.8,"regional"
"NI51FL","agadez",67.0439331806829,19.0767071250794,64.1,"regional",17.2,"regional"
"NI51FL","diffa",56.6387588857905,1.68412816806905,53.3,"regional",1.6,"regional"
"NI51FL","dosso",34.8463257441619,5.37550065176111,34.8,"regional",5.4,"regional"
"NI51FL","maradi",38.1150793442378,9.07175874745695,38.5,"regional",9,"regional"
"NI51FL","niamey",93.103339058234,44.6013589922171,94.7,"regional",44.7,"regional"
"NI51FL","tahoua",32.9874774210815,5.40839249912661,33.2,"regional",5.7,"regional"
"NI51FL","tillaberi",23.0200781350559,1.92568531053791,25.5,"regional",2.1,"regional"
"NI51FL","zinder",41.8485008603728,4.45282207674119,42.9,"regional",4.1,"regional"
"NI61FL","agadez",72.9219374424051,50.2803677527555,74.1,"regional",45.8,"regional"
"NI61FL","diffa",72.6602781456157,21.9515483915216,75.7,"regional",23,"regional"
"NI61FL","dosso",45.3579066840261,12.0450213659043,46.3,"regional",12.4,"regional"
"NI61FL","maradi",73.668028665165,19.295224891329,72.8,"regional",19.6,"regional"
"NI61FL","niamey",96.7042257056544,82.567583779929,98.6,"regional",84.5,"regional"
"NI61FL","tahoua",56.3268017309632,10.8401431506792,56.9,"regional",10.6,"regional"
"NI61FL","tillaberi",74.2441666468047,7.44104186901238,73.7,"regional",7.2,"regional"
"NI61FL","zinder",67.1065399639918,13.6513366705443,67.2,"regional",13.1,"regional"
"NG4BFL","northcentral",30.2066765357434,10.2054915026162,39.3,"regional",11.6,"regional"
"NG4BFL","northeast",22.3135942991292,5.16708302930597,34.6,"regional",5,"regional"
"NG4BFL","northwest",34.5523600981624,5.7982389472171,40.9,"regional",6.1,"regional"
"NG4BFL","southeast",73.0893259633335,40.2861726213168,79.8,"regional",42.3,"regional"
"NG4BFL","southsouth",53.7669086572803,29.9507402115948,56.6,"regional",29.7,"regional"
"NG4BFL","southwest",59.1657349562971,30.7408427652592,61.3,"regional",28.9,"regional"
"NG53FL","northcentral",48.1891340885698,37.5361908239933,54.1,"regional",39.4,"regional"
"NG53FL","northeast",32.4946649529398,34.3211266440723,35.4,"regional",33.2,"regional"
"NG53FL","northwest",49.2954582614326,61.0975335696182,50.8,"regional",60.4,"regional"
"NG53FL","southeast",68.2270805237771,62.1585176288931,72,"regional",65.2,"regional"
"NG53FL","southsouth",57.2925063988357,49.567961023818,60.9,"regional",51.5,"regional"
"NG53FL","southwest",78.066774730852,60.6493046322743,77,"regional",57.8,"regional"
"NG61FL","northcentral",39.3467769516949,32.6596644471357,46.1,"regional",35.1,"regional"
"NG61FL","northeast",54.4251476335661,24.0269053323293,54.2,"regional",22.3,"regional"
"NG61FL","northwest",47.4250995653822,55.7567888855528,50.8,"regional",56.6,"regional"
"NG61FL","southeast",76.3966231270666,48.9146827669879,80,"regional",49.9,"regional"
"NG61FL","southsouth",68.9130255280533,34.2372032557084,68.6,"regional",36,"regional"
"NG61FL","southwest",63.5337071282162,48.20405994982,66.4,"regional",47.8,"regional"
"NG6AFL","northcentral",55.4202609594801,37.6411184884292,59.4,"regional",39,"regional"
"NG6AFL","northeast",49.038151969354,43.7008122170615,55.4,"regional",44.3,"regional"
"NG6AFL","northwest",56.5352860899616,57.797337574317,58.3,"regional",59.3,"regional"
"NG6AFL","southeast",70.5549208884009,55.7899956716812,76.4,"regional",60.5,"regional"
"NG6AFL","southsouth",72.7810198369698,53.5246445992112,75.5,"regional",56.8,"regional"
"NG6AFL","southwest",85.2546558903638,64.3198829656514,87.2,"regional",64.4,"regional"
"NG7BFL","northcentral",68.2525545398423,43.4296979168511,70.7,"regional",44.9,"regional"
"NG7BFL","northeast",53.7529728693778,51.2420597866147,61.6,"regional",51.7,"regional"
"NG7BFL","northwest",58.0223247657599,41.3912054674386,63.1,"regional",40.8,"regional"
"NG7BFL","southeast",81.0845355523693,60.5654699765885,87,"regional",65.8,"regional"
"NG7BFL","southsouth",80.47137739703,62.8995314619089,82,"regional",63.9,"regional"
"NG7BFL","southwest",90.7243585556987,71.1487600917923,90.9,"regional",70.3,"regional"
"NG8BFL","northcentral",63.7224637449442,54.5221179970169,67.7,"regional",56.9,"regional"
"NG8BFL","northeast",65.3893611706294,50.145503699644,69.1,"regional",49.6,"regional"
"NG8BFL","northwest",67.9216490478844,65.6057690833208,70.9,"regional",64.9,"regional"
"NG8BFL","southeast",82.1085559171613,64.5074806487845,85.7,"regional",69.2,"regional"
"NG8BFL","southsouth",85.4716682957147,73.2605307302552,86.7,"regional",75.1,"regional"
"NG8BFL","southwest",95.2664997101495,83.826675512386,95.7,"regional",83.5,"regional"
"RW41FL","butare",31.5298501721262,4.89387677542995,31.9,"regional",4.9,"regional"
"RW41FL","byumba",46.1065573770493,3.90143737166327,49.6,"regional",4.6,"regional"
"RW41FL","cyangugu",42.7419354838713,8.48484848484854,44.5,"regional",8.6,"regional"
"RW41FL","gikongoro",31.4031180400887,2.00892857142855,33.4,"regional",2.1,"regional"
"RW41FL","gisenyi",42.5882352941181,12.0853080568721,43,"regional",12.3,"regional"
"RW41FL","gitarama",28.051001821494,8.36363636363647,28.8,"regional",7.5,"regional"
"RW41FL","kibungo",50.4672897196263,4.8598130841122,50.1,"regional",4.3,"regional"
"RW41FL","kibuye",29.5409181636727,2.79441117764472,28.6,"regional",2.8,"regional"
"RW41FL","kigalicity",81.781914893617,43.5590969455511,40.5,"national",8.5,"national"
"RW41FL","kigalirural",42.0880913539973,10.2941176470589,40.5,"national",8.5,"national"
"RW41FL","ruhengeri",40.9948542024017,7.38831615120281,40.1,"regional",7,"regional"
"RW41FL","umutara",12.0588235294119,4.41176470588239,12.9,"regional",4.9,"regional"
"RW53FL","cityofkigali",60.7115355731978,5.66722286539855,33.9,"national",28.5,"national"
"RW53FL","east",38.6753070275218,0.210656582763831,38.9,"regional",17.8,"regional"
"RW53FL","north",31.1123742462748,0.628202874424502,31.5,"regional",20.6,"regional"
"RW53FL","south",20.3051703446329,0.262839589799174,21.2,"regional",33.4,"regional"
"RW53FL","west",34.8218544686584,0.636310789637478,35,"regional",29.5,"regional"
"RW5AFL","cityofkigali",77.8052537761819,42.5386230986781,41.6,"national",56.3,"national"
"RW5AFL","east",45.1265031803639,59.9988613903319,43.9,"regional",59.1,"regional"
"RW5AFL","north",41.8054340853695,65.1984236463224,41.6,"regional",65.7,"regional"
"RW5AFL","south",29.8695638721637,53.4495759236802,31.1,"regional",53.3,"regional"
"RW5AFL","west",38.7166780305129,55.5362644171584,37.7,"regional",55.6,"regional"
"RW61FL","cityofkigali",92.3873405275464,90.8652849220073,73.8,"national",74.3,"national"
"RW61FL","east",63.8244559233311,80.1357966959984,65.2,"regional",80.4,"regional"
"RW61FL","north",72.435082148211,67.5078067724108,73.9,"regional",68.2,"regional"
"RW61FL","south",73.6148985747322,70.7744466487193,74.8,"regional",72.7,"regional"
"RW61FL","west",72.0424363801249,67.1813137086891,73.1,"regional",67.4,"regional"
"RW70FL","cityofkigali",89.5216033527192,87.9661279987152,73,"national",71.2,"national"
"RW70FL","east",62.7398213249629,73.4792535419536,64.6,"regional",74.6,"regional"
"RW70FL","north",79.6984523499296,71.7459794793949,80.4,"regional",71.5,"regional"
"RW70FL","south",67.7355904245041,62.0052682385491,69.1,"regional",62.1,"regional"
"RW70FL","west",69.8072008439597,67.1408437371929,72.2,"regional",67.9,"regional"
"RW81FL","east",72.3701150429118,74.5342246768029,73.6,"regional",74.8,"regional"
"RW81FL","kigali",96.6325679511391,91.676567992063,97.6,"regional",92.9,"regional"
"RW81FL","north",80.8381564618099,58.4543269535202,82.2,"regional",59.8,"regional"
"RW81FL","south",79.877227747188,62.9287811143899,80.2,"regional",63.3,"regional"
"RW81FL","west",74.439850755423,72.3480402659898,76.3,"regional",74.2,"regional"
"SN4AFL","dakar",96.1552659646437,0,98,"regional",35.4,"regional"
"SN4AFL","diourbel",72.1278362529103,0,72.3,"regional",7.6,"regional"
"SN4AFL","fatick",40.2727735774085,0,41.9,"regional",8.6,"regional"
"SN4AFL","kaolack",66.0376611702108,0,70.6,"national",18.7,"national"
"SN4AFL","kolda",15.7219483292401,0,70.6,"national",18.7,"national"
"SN4AFL","louga",77.1609347080597,0,77,"regional",16.1,"regional"
"SN4AFL","matam",59.9241063002939,0,61.4,"regional",21.3,"regional"
"SN4AFL","saintlouis",72.2560498960585,0,73.8,"regional",27.2,"regional"
"SN4AFL","tambacounda",37.6865129856665,0,70.6,"national",18.7,"national"
"SN4AFL","thies",75.9669041156416,0,78.8,"regional",11.6,"regional"
"SN4AFL","ziguinchor",28.484957341008,0,30.1,"regional",14.2,"regional"
"SN5AFL","dakar",97.4793368770098,0,98.5,"regional",96.1,"regional"
"SN5AFL","diourbel",94.6886873171278,0.230609658498892,92.5,"regional",72.2,"regional"
"SN5AFL","fatick",53.8254996783886,0,56.6,"regional",45.3,"regional"
"SN5AFL","kaolack",73.0768618251565,0.0450761606784513,74.3,"national",64.8,"national"
"SN5AFL","kolda",33.1752334712959,0.88469158357772,74.3,"national",64.8,"national"
"SN5AFL","louga",81.6408225552433,0,86.3,"regional",48.2,"regional"
"SN5AFL","matam",63.0118724067434,0.246447736223682,63.4,"regional",31.9,"regional"
"SN5AFL","saintlouis",76.7699999465888,0.0435916990855326,78.5,"regional",58.2,"regional"
"SN5AFL","tambacounda",41.0211482671375,0.242737431277909,74.3,"national",64.8,"national"
"SN5AFL","thies",65.8340381466158,0,67.8,"regional",72.6,"regional"
"SN5AFL","ziguinchor",38.6556651532158,0,36,"regional",89.2,"regional"
"SN61FL","dakar",94.6747196434285,95.5887757420229,97.4,"regional",98.4,"regional"
"SN61FL","diourbel",86.7050699236047,64.945363193626,88.4,"regional",63.2,"regional"
"SN61FL","fatick",62.330880027465,37.6724040607866,67.3,"regional",38.8,"regional"
"SN61FL","kaffrine",83.5357380595829,23.0116901647471,84.2,"regional",23.8,"regional"
"SN61FL","kaolack",78.0450543454514,38.6936560352593,79.7,"national",60.2,"national"
"SN61FL","kedougou",71.4345512624836,10.5235027098931,69.8,"regional",9.2,"regional"
"SN61FL","kolda",27.022889159894,20.1154776979917,79.7,"national",60.2,"national"
"SN61FL","louga",93.3333467054798,53.8208387284141,93.9,"regional",53.9,"regional"
"SN61FL","matam",80.7291939914799,34.2952015185195,79.3,"regional",36.1,"regional"
"SN61FL","saintlouis",74.4626664401927,54.9702227111379,76.8,"regional",56.9,"regional"
"SN61FL","sedhiou",19.3616562885775,14.101601682206,20,"regional",14.3,"regional"
"SN61FL","tambacounda",49.0079017136693,13.6131825918715,79.7,"national",60.2,"national"
"SN61FL","thies",83.7542542010034,76.3376596725527,87.3,"regional",76,"regional"
"SN61FL","ziguinchor",46.3587953619509,26.0576892447036,48.2,"regional",26,"regional"
"SN6DFL","center",71.7694303317155,51.979189777853,78.8,"national",63.8,"national"
"SN6DFL","north",80.9576139201679,50.3681561227564,78.8,"national",63.8,"national"
"SN6DFL","south",32.3254159298192,24.9369279258115,78.8,"national",63.8,"national"
"SN6DFL","west",90.2701579970742,84.9032159763135,78.8,"national",63.8,"national"
"SN71FL","center",74.6370253860773,46.7203419205896,83.7,"national",65.9,"national"
"SN71FL","north",90.5635917236868,67.270216049811,83.7,"national",65.9,"national"
"SN71FL","south",37.9228156859894,24.1551244855436,83.7,"national",65.9,"national"
"SN71FL","west",94.87713648628,87.9493955942234,83.7,"national",65.9,"national"
"SN7AFL","center",67.9819046894819,53.5285669223676,78.6,"national",65.1,"national"
"SN7AFL","north",81.6685302872841,54.1137617121195,78.6,"national",65.1,"national"
"SN7AFL","south",35.6197286805277,20.942648268989,78.6,"national",65.1,"national"
"SN7AFL","west",91.1297256689225,90.3200941333521,78.6,"national",65.1,"national"
"SN7IFL","center",72.2082827685197,53.7269362353253,85.6,"national",68.1,"national"
"SN7IFL","north",84.8287464919014,48.3463115811863,85.6,"national",68.1,"national"
"SN7IFL","south",44.2667513281344,26.3799612131024,85.6,"national",68.1,"national"
"SN7IFL","west",95.1601674898951,92.3050527413737,85.6,"national",68.1,"national"
"SN7ZFL","dakar",98.1239633362298,97.5746712061726,99.6,"regional",99.3,"regional"
"SN7ZFL","diourbel",62.3011832987151,74.1763240203074,95,"regional",74.1,"regional"
"SN7ZFL","fatick",57.6638266203795,56.801907892402,66.2,"regional",57.3,"regional"
"SN7ZFL","kaffrine",92.3162283894828,25.1827837142053,93.7,"regional",26.3,"regional"
"SN7ZFL","kaolack",85.2461077418055,63.2114756382038,85.1,"national",72.7,"national"
"SN7ZFL","kedougou",74.020073767217,22.7856489653891,73.7,"regional",23.1,"regional"
"SN7ZFL","kolda",23.4579078980889,21.1769637035886,85.1,"national",72.7,"national"
"SN7ZFL","louga",96.0639447384503,61.6807458171957,98.6,"regional",61.8,"regional"
"SN7ZFL","matam",83.124209774376,38.7927978073802,86.7,"regional",39.1,"regional"
"SN7ZFL","saintlouis",83.087894102998,64.7835901572608,86.8,"regional",69,"regional"
"SN7ZFL","sedhiou",24.6298302669403,73.2971079618997,25.6,"regional",74.3,"regional"
"SN7ZFL","tambacounda",57.6872924949907,23.5877802828632,85.1,"national",72.7,"national"
"SN7ZFL","thies",90.1428716532059,77.159591240225,93,"regional",79.2,"regional"
"SN7ZFL","ziguinchor",37.2583833525085,81.7524751040571,42.3,"regional",83.4,"regional"
"SN81FL","center",71.7729000625978,64.7544231773623,85.6,"national",77.8,"national"
"SN81FL","north",86.4260358018068,63.2810549183465,85.6,"national",77.8,"national"
"SN81FL","south",39.6511188304902,57.9786419457402,85.6,"national",77.8,"national"
"SN81FL","west",95.919483075321,94.270042607525,85.6,"national",77.8,"national"
"SN8BFL","center",70.1929503459094,63.5699022722983,86.2,"national",75.9,"national"
"SN8BFL","north",89.121911565615,56.5936665927453,86.2,"national",75.9,"national"
"SN8BFL","south",50.6609505158975,58.8111972726001,86.2,"national",75.9,"national"
"SN8BFL","west",93.5151924668202,94.0988300272221,86.2,"national",75.9,"national"
"SN8SFL","dakar",97.7701487103753,98.0719019693044,99.9,"regional",99.4,"regional"
"SN8SFL","diourbel",77.5032196512627,82.0263142149039,99.4,"regional",80.9,"regional"
"SN8SFL","fatick",78.7302270191613,69.6400924482165,82.4,"regional",72.5,"regional"
"SN8SFL","kaffrine",94.5497036816414,46.2739280799851,96.5,"regional",46.8,"regional"
"SN8SFL","kaolack",92.0516056928231,64.3032775855855,90.9,"national",78.7,"national"
"SN8SFL","kedougou",84.841810517605,43.1604410958986,85.8,"regional",43.2,"regional"
"SN8SFL","kolda",37.5095807470477,47.3753233824888,90.9,"national",78.7,"national"
"SN8SFL","louga",98.3613514290635,80.0955464223666,99.7,"regional",81.2,"regional"
"SN8SFL","matam",93.5797752988891,49.5553583281566,94.4,"regional",49.8,"regional"
"SN8SFL","saintlouis",87.7543135980302,77.8762590361748,89.8,"regional",78.1,"regional"
"SN8SFL","sedhiou",43.7884963624944,44.0519763553948,45,"regional",45.6,"regional"
"SN8SFL","tambacounda",78.666842574338,38.6703025580659,90.9,"national",78.7,"national"
"SN8SFL","thies",94.5643081149582,93.3725185761894,96.2,"regional",93.6,"regional"
"SN8SFL","ziguinchor",69.5736582842218,62.9297048835351,71.3,"regional",60.9,"regional"
"SL51FL","eastern",47.3378888620783,45.7963048348198,47.4,"regional",44.9,"regional"
"SL51FL","northern",35.731643038879,35.3365161960582,51.4,"national",44,"national"
"SL51FL","southern",43.3475445417311,22.0801143950711,44.5,"regional",24.9,"regional"
"SL51FL","western",92.6927832236279,79.0321023530894,92.4,"regional",80,"regional"
"SL61FL","eastern",66.256864380754,46.6124512462329,67.8,"regional",46.4,"regional"
"SL61FL","northern",43.3454923358422,42.8583945054564,44.7,"regional",43.1,"regional"
"SL61FL","southern",55.1721452305954,39.98547961219,88.7,"regional",70.3,"regional"
"SL61FL","western",91.4179055479893,75.7701540652343,60.9,"national",49.3,"national"
"SL7AFL","eastern",65.167504718112,46.5157638431242,65.2,"regional",48.4,"regional"
"SL7AFL","northern",57.903194581165,35.5876458349675,57.7,"regional",35.9,"regional"
"SL7AFL","northwestern",47.0872288785515,52.9818649683723,47.8,"regional",53.1,"regional"
"SL7AFL","southern",58.625295767277,41.3049690852426,59.9,"regional",41,"regional"
"SL7AFL","western",94.9639143337258,86.4393483751496,95.6,"regional",87.4,"regional"
"ST51FL","central",97.2364558888894,0,94.2,"national",38.1,"national"
"ST51FL","north",93.3872258830976,0,94.2,"national",38.1,"national"
"ST51FL","principe",60.5324993678489,0,94.2,"national",38.1,"national"
"ST51FL","south",94.1396089969154,0,94.2,"national",38.1,"national"
"SZ51FL","hhohho",74.7932604202159,36.8144829479854,79.8,"regional",39.8,"regional"
"SZ51FL","lubombo",57.3509517244545,30.8422248842622,66.5,"regional",39,"regional"
"SZ51FL","shiselweni",53.6722042651043,22.3750542344507,55,"regional",24.7,"regional"
"TD41FL","zone1",62.4805041080618,33.5757721857396,90.4,"regional",31,"regional"
"TD41FL","zone2",53.0343268532023,4.93000061194931,55.9,"regional",4.6,"regional"
"TD41FL","zone3",38.6344206010737,0.152443348210326,32.5,"regional",0.2,"regional"
"TD41FL","zone4",67.250181346555,0.957494082127755,17.3,"regional",0.9,"regional"
"TD41FL","zone5",61.6627690281316,1.2303841677563,64.9,"regional",1.1,"regional"
"TD41FL","zone6",46.3774930556778,0.601074878959934,45.3,"regional",0.8,"regional"
"TD41FL","zone7",22.0641298254541,1.16572699228286,24,"regional",2,"regional"
"TD41FL","zone8",35.6250076556608,0.65526760093516,24.4,"regional",0.7,"regional"
"TD71FL","barhelgazal",89.4109118733573,5.57928603447493,87,"regional",4.8,"regional"
"TD71FL","batha",62.3904288032874,5.72761357985599,62.1,"regional",5.7,"regional"
"TD71FL","borkoutibesti",30.4430866844383,13.600372510226,30.5,"regional",12.6,"regional"
"TD71FL","charibaguirmi",86.4651837350231,11.8292999733772,84.4,"regional",11.2,"regional"
"TD71FL","ennediestennediouest",7.59586073732276,0.295586983204515,7.7,"regional",0.8,"regional"
"TD71FL","guera",55.0308011068405,10.9490067642245,55.1,"regional",10.5,"regional"
"TD71FL","hadjerlamis",94.8472168203662,7.97688463695159,94.2,"regional",6.9,"regional"
"TD71FL","kanem",75.9979238033644,2.12225174690794,74.4,"regional",2.6,"regional"
"TD71FL","lac",80.0066777999677,1.81503017241965,80.3,"regional",1.6,"regional"
"TD71FL","logoneoccidental",54.2890733205256,21.464083479283,56.4,"regional",23.1,"regional"
"TD71FL","logoneoriental",39.65072458341,5.31044262679167,41,"regional",7.4,"regional"
"TD71FL","mandoul",30.7992789515607,7.20834112015551,30.8,"regional",7.1,"regional"
"TD71FL","mayokebbiest",51.456322038276,6.07972955100685,50.5,"regional",6.2,"regional"
"TD71FL","mayokebbiouest",32.935779113489,9.96180485255164,34.9,"regional",12.8,"regional"
"TD71FL","moyenchari",48.6549551229254,19.8876371682514,51.1,"regional",22,"regional"
"TD71FL","ndjamena",97.0534119279158,67.9673577450051,55.8,"national",13.9,"national"
"TD71FL","ouaddai",26.2508852435124,8.55591878497704,25.7,"regional",7.5,"regional"
"TD71FL","salamat",47.7556859881278,9.80260717551965,49.5,"regional",8.6,"regional"
"TD71FL","sila",52.3705903480603,10.8427991939765,53.1,"regional",9.4,"regional"
"TD71FL","tandjile",34.6393041032035,10.7130375221956,36,"regional",10.8,"regional"
"TD71FL","wadifira",9.2390361478234,1.95007078605978,9,"regional",2,"regional"
"TG61FL","centrale",72.2398109919774,29.1522326352809,74.2,"regional",31.1,"regional"
"TG61FL","greaterlomearea",86.5064041381689,88.801751106961,67.7,"national",43.4,"national"
"TG61FL","kara",69.0723169512073,16.5904468942349,70.8,"regional",20.6,"regional"
"TG61FL","maritimeexcludinggreaterlomearea",50.5183068593851,34.0936063999422,67.7,"national",43.4,"national"
"TG61FL","plateaux",46.303949346343,17.5339851320543,50.5,"regional",20.7,"regional"
"TG61FL","savanes",51.5972472156314,14.4369019406844,53.2,"regional",15.3,"regional"
"TZ4IFL","central",53.0917275679245,3.90456388210756,56,"regional",4.2,"regional"
"TZ4IFL","eastern",63.6178723337318,11.5017939547319,74.3,"regional",12.8,"regional"
"TZ4IFL","lake",32.1428742568192,6.6708398298342,33.7,"regional",7.3,"regional"
"TZ4IFL","northern",55.6563452783717,7.85737166397846,58.8,"regional",7.9,"regional"
"TZ4IFL","southern",38.2978063025545,3.44607239951464,40.1,"regional",3.4,"regional"
"TZ4IFL","southernhighlands",46.9748560317933,2.8294952911044,45.9,"regional",3.2,"regional"
"TZ4IFL","western",37.0818566238014,2.17688032751636,42.2,"regional",2.8,"regional"
"TZ4IFL","zanzibar",78.9824347902578,15.9781407553069,82.4,"regional",16.4,"regional"
"TZ63FL","central",40.4637180922694,7.89445245771196,41.2,"regional",9,"regional"
"TZ63FL","eastern",68.054442923599,28.386227211138,77.1,"regional",28.4,"regional"
"TZ63FL","lake",35.1045433953912,13.0300659585076,38,"regional",13.5,"regional"
"TZ63FL","northern",56.6301484517283,16.4503878156302,61.1,"regional",19.3,"regional"
"TZ63FL","southern",43.4802354123378,28.6102653554451,42.9,"regional",27.9,"regional"
"TZ63FL","southernhighlands",49.8210560682012,24.9927664570101,50.7,"regional",24.4,"regional"
"TZ63FL","western",37.1902937580735,13.0472229584744,38.2,"regional",14,"regional"
"TZ63FL","zanzibar",77.1163520337537,56.8760864408635,80.8,"regional",57.8,"regional"
"TZ7BFL","central",55.4742012679551,16.0907293959944,60,"regional",68.8,"regional"
"TZ7BFL","eastern",71.6348133954928,69.845900742089,78.6,"regional",92.9,"regional"
"TZ7BFL","lake",53.3303791374678,20.2633862875506,54.3,"regional",65,"regional"
"TZ7BFL","northern",78.9344695452624,49.9327605328687,81.7,"regional",77.9,"regional"
"TZ7BFL","southern",58.7440542759406,15.8963603777034,61.6,"regional",91.4,"regional"
"TZ7BFL","southernhighlands",60.1126793221086,34.3583445472477,61.4,"regional",84.3,"regional"
"TZ7BFL","southwesthighlands",46.0584646902843,25.7426866397491,48.3,"regional",67.7,"regional"
"TZ7BFL","western",46.2181360535342,17.350463927885,52.2,"regional",54.2,"regional"
"TZ7BFL","zanzibar",95.1239027026619,70.3496109856568,98.4,"regional",77.5,"regional"
"TZ82FL","central",63.0263761950115,72.7096813965452,64.1,"regional",73.3,"regional"
"TZ82FL","eastern",85.5304464528307,88.0745891767121,88.6,"regional",89.6,"regional"
"TZ82FL","lake",67.9810113538365,68.5582464370599,70.5,"regional",68.1,"regional"
"TZ82FL","northern",69.077694928788,73.6678378507743,73.9,"regional",79.3,"regional"
"TZ82FL","southern",65.2946652993509,73.3259580762364,66.8,"regional",72.2,"regional"
"TZ82FL","southernhighlands",78.1777727600392,88.5570446083194,78.8,"regional",88.4,"regional"
"TZ82FL","southwesthighlands",65.0968849235187,72.9092152655464,67.6,"regional",73.6,"regional"
"TZ82FL","western",59.9729676141098,45.3871707431355,64,"regional",47.7,"regional"
"TZ82FL","zanzibar",94.9789051113769,88.9146561989779,97.6,"regional",90.8,"regional"
"UG41FL","central",53.3293826887047,6.58359149814333,53.7,"regional",7,"regional"
"UG41FL","eastern",57.6639390376482,2.50554691656089,59.7,"regional",2.3,"regional"
"UG41FL","northern",60.8593536803652,3.12058183249357,62.4,"regional",3,"regional"
"UG41FL","western",34.9056388370837,1.7026714435574,37.9,"regional",2,"regional"
"UG52FL","central1",44.4524266887664,95.7949372184937,68,"national",26.9,"national"
"UG52FL","central2",63.7735617078391,97.5256844112774,68,"national",26.9,"national"
"UG52FL","eastcentral",77.1850669947543,89.7749772707442,78.7,"regional",28.8,"regional"
"UG52FL","eastern",79.0212708312961,69.8560438969483,81.5,"regional",18.1,"regional"
"UG52FL","kampala",91.0749729380983,98.1457573118882,93.8,"regional",80.2,"regional"
"UG52FL","north",71.2501412907007,67.7914516733179,68,"national",26.9,"national"
"UG52FL","southwest",49.1225444621803,97.8666708437298,50.2,"regional",10,"regional"
"UG52FL","western",60.6273917424028,92.4115736454486,56.4,"regional",11.6,"regional"
"UG52FL","westnile",70.3362600180122,86.0245511097418,72.7,"regional",14.9,"regional"
"UG5AFL","central1",74.5852437595671,97.4695674370861,70.3,"national",32.5,"national"
"UG5AFL","central2",66.8864016072899,98.0756484732195,70.3,"national",32.5,"national"
"UG5AFL","eastcentral",79.4475342799898,98.3109220829282,70.3,"national",32.5,"national"
"UG5AFL","kampala",95.9405907061757,98.6724967252381,97.9,"regional",93.7,"regional"
"UG5AFL","mideastern",57.5342640287611,92.115759570273,63.3,"regional",12.8,"regional"
"UG5AFL","midnorthern",77.4288583869509,84.6407791884877,77.4,"regional",20.7,"regional"
"UG5AFL","midwestern",60.6544731318934,91.7655756422508,70.3,"national",32.5,"national"
"UG5AFL","northeast",96.5709191363558,62.3345314504434,96.9,"regional",26,"regional"
"UG5AFL","southwestern",43.874440602774,98.348889280971,70.3,"national",32.5,"national"
"UG5AFL","westnile",80.031814886603,93.6822160341133,81.9,"regional",13.6,"regional"
"UG61FL","central1",48.7913765931604,95.0187452523375,71.4,"national",35.2,"national"
"UG61FL","central2",65.4925099618006,94.3163786576013,71.4,"national",35.2,"national"
"UG61FL","eastcentral",84.4799180525857,90.7302570241741,86.2,"regional",35.2,"regional"
"UG61FL","eastern",86.3491991796374,83.7872179946726,85.9,"regional",28.6,"regional"
"UG61FL","kampala",92.2932353303417,97.1998984416945,94.1,"regional",81.4,"regional"
"UG61FL","karamoja",90.1193754587644,34.2541112357028,91,"regional",11.4,"regional"
"UG61FL","north",76.1062567970016,79.3205901386964,76.9,"regional",20.1,"regional"
"UG61FL","southwest",40.1457439278299,95.7185420208379,43,"regional",11.9,"regional"
"UG61FL","western",66.7345114833346,96.2841482991842,56.3,"regional",21.7,"regional"
"UG61FL","westnile",73.3616950630139,87.5709306817778,73.2,"regional",10.4,"regional"
"UG7BFL","acholi",80.5969890690916,28.262140584121,81.6,"regional",28.8,"regional"
"UG7BFL","ankole",50.8652544677,25.1962208522187,53.9,"regional",26.9,"regional"
"UG7BFL","bugishu",84.7598217394409,16.987173820411,79.2,"national",38.9,"national"
"UG7BFL","bukedi",93.4866396723328,30.1013285238309,94.8,"regional",30.6,"regional"
"UG7BFL","bunyoro",77.2351233420706,29.0149531317219,78.2,"regional",30.2,"regional"
"UG7BFL","busoga",89.3332148548678,46.9648762942156,90.6,"regional",47,"regional"
"UG7BFL","kampala",97.7495848853489,91.4452068321737,99.1,"regional",93.8,"regional"
"UG7BFL","karamoja",89.7296286625211,5.35663020475968,88,"regional",6.7,"regional"
"UG7BFL","kigezi",62.9135278063679,21.2448413864419,66.2,"regional",21.7,"regional"
"UG7BFL","lango",83.2776570500876,16.7008612730913,84.7,"regional",17.9,"regional"
"UG7BFL","teso",92.5684189447821,32.2528744552862,96.1,"regional",35,"regional"
"UG7BFL","tooro",62.9986441777509,20.6695316272933,62.9,"regional",20.3,"regional"
"UG7BFL","westnile",83.6220938115947,12.5925701766837,85.3,"regional",11.7,"regional"
"ZA71FL","freestate",95.353549753397,79.8453518903182,99.9,"regional",96,"regional"
"ZA71FL","gauteng",96.2897979357603,80.5768540234835,100,"regional",98.8,"regional"
"ZA71FL","kwazulunatal",85.7690918422055,68.5516879507418,92.5,"regional",96.1,"regional"
"ZA71FL","limpopo",83.0566538109623,48.6356595117552,95.3,"national",95.6,"national"
"ZA71FL","mpumalanga",88.1661335801345,45.811843737371,96.6,"regional",90,"regional"
"ZA71FL","northwest",92.9635866081771,58.6764942086953,99.7,"regional",95.3,"regional"
"ZM42FL","central",31.7929759704251,12.3844731977819,33.9,"regional",13.2,"regional"
"ZM42FL","copperbelt",78.761061946903,60.854092526691,76.9,"regional",57.4,"regional"
"ZM42FL","eastern",42.6332288401253,5.96546310832023,51.3,"national",17.2,"national"
"ZM42FL","luapula",26.9315673289187,0.4424778761062,25.9,"regional",0.5,"regional"
"ZM42FL","lusaka",93.0357142857141,24.3291592128802,93.5,"regional",23.5,"regional"
"ZM42FL","northern",29.3187347931879,7.29927007299284,51.3,"national",17.2,"national"
"ZM42FL","northwestern",35.1612903225801,1.93861066235862,35.3,"regional",2.2,"regional"
"ZM42FL","southern",60.3139013452916,11.6591928251122,60.4,"regional",11.5,"regional"
"ZM42FL","western",24.9448123620308,0.662251655629135,25.8,"regional",0.9,"regional"
"ZM51FL","central",45.1488993549558,20.6887252412838,46.1,"regional",20.7,"regional"
"ZM51FL","copperbelt",66.4381869927643,61.2232102519537,64.9,"regional",60.5,"regional"
"ZM51FL","eastern",16.5329788351638,19.4081550990279,41.1,"national",35.5,"national"
"ZM51FL","luapula",30.3389664945448,18.2547207652544,30.6,"regional",18,"regional"
"ZM51FL","lusaka",85.0110302233886,77.8799657823129,84.7,"regional",77.4,"regional"
"ZM51FL","northern",20.0711479761707,31.8029665845843,41.1,"national",35.5,"national"
"ZM51FL","northwestern",17.1873420010693,5.29813169710006,16.3,"regional",5.9,"regional"
"ZM51FL","southern",41.363843721476,41.5754187644575,41.1,"regional",40.2,"regional"
"ZM51FL","western",29.2184726072964,3.70590890401537,29.4,"regional",3.6,"regional"
"ZM61FL","central",54.7143474570983,45.438696995857,55.9,"regional",45.3,"regional"
"ZM61FL","copperbelt",75.5449282130711,60.8770189816532,76.5,"regional",61,"regional"
"ZM61FL","eastern",72.7646297810109,34.5101007543015,72.8,"regional",36.2,"regional"
"ZM61FL","luapula",42.9508703200605,42.2351047719153,41.9,"regional",41.4,"regional"
"ZM61FL","lusaka",96.259803478839,83.301982408245,96.9,"regional",83.6,"regional"
"ZM61FL","muchinga",35.0534352209679,29.5035792852823,34.9,"regional",29,"regional"
"ZM61FL","northern",30.4475769716422,20.2337160376417,30.7,"regional",20.5,"regional"
"ZM61FL","northwestern",49.4881332396172,10.913887757042,49.6,"regional",11.5,"regional"
"ZM61FL","southern",66.7413898361153,33.9492828625988,67.7,"regional",35,"regional"
"ZM61FL","western",43.4938625398287,12.235465779276,43.2,"regional",12.7,"regional"
"ZM71FL","central",73.1873696018656,39.3192295490405,75.1,"regional",41.3,"regional"
"ZM71FL","copperbelt",80.9812712738986,76.0204998110387,81.7,"regional",75.5,"regional"
"ZM71FL","eastern",79.1588230255361,35.9257400807782,80.4,"regional",39.1,"regional"
"ZM71FL","luapula",55.8696377708218,45.8130854689991,58.1,"regional",48.2,"regional"
"ZM71FL","lusaka",96.2848724799321,78.3871370717865,98.1,"regional",80.1,"regional"
"ZM71FL","muchinga",51.4782382533669,50.0030396318749,52.2,"regional",50.8,"regional"
"ZM71FL","northern",38.4895941363347,52.9456180817898,39.9,"regional",54.6,"regional"
"ZM71FL","northwestern",66.3669480944594,46.4371874566948,67.3,"regional",47.5,"regional"
"ZM71FL","southern",69.3984850065114,49.9793364667819,70.6,"regional",50.8,"regional"
"ZM71FL","western",45.9139858321682,5.68463922633747,45.6,"regional",5.9,"regional"
"ZM81FL","central",70.305051614104,49.7414927319728,71,"regional",50.6,"regional"
"ZM81FL","copperbelt",74.2750829988274,76.0492238213328,77,"regional",76.6,"regional"
"ZM81FL","eastern",77.9641721360598,48.889286025202,80.8,"regional",48.4,"regional"
"ZM81FL","luapula",44.7717993986235,43.529317794487,43.1,"regional",43.7,"regional"
"ZM81FL","lusaka",96.9577007818601,85.9393385429701,97.9,"regional",86.4,"regional"
"ZM81FL","muchinga",45.6772976558225,72.2734826596229,48.1,"regional",72,"regional"
"ZM81FL","northern",38.5924497487211,30.316090699933,37.6,"regional",32.5,"regional"
"ZM81FL","northwestern",58.7114890667717,30.1773760270345,61.1,"regional",31.9,"regional"
"ZM81FL","southern",74.7606478759779,54.2062456263706,76.7,"regional",54.5,"regional"
"ZM81FL","western",60.1497156771333,33.9701595459353,60.8,"regional",34.4,"regional"
"ZW52FL","bulawayo",98.2950379022759,99.1321027502675,99.9,"regional",99.6,"regional"
"ZW52FL","harare",97.7998162839236,98.074527530154,78.5,"national",65,"national"
"ZW52FL","manicaland",74.5319819640318,60.5617827302914,77.5,"regional",62.8,"regional"
"ZW52FL","mashonalandcentral",71.0914812751131,52.5427309771189,73.3,"regional",55.8,"regional"
"ZW52FL","mashonalandeast",78.5858543473457,68.1398391155428,81.1,"regional",70.3,"regional"
"ZW52FL","mashonalandwest",70.4170014024976,64.3245520471158,71.2,"regional",61.9,"regional"
"ZW52FL","masvingo",47.6044798958874,33.1580254563972,56.7,"regional",43.6,"regional"
"ZW52FL","matabelelandnorth",80.9399162886703,28.778432178558,81.5,"regional",32.4,"regional"
"ZW52FL","matabelelandsouth",71.8616640243477,57.8781834898138,73.3,"regional",60.2,"regional"
"ZW52FL","midlands",71.017708760085,51.8930235291601,74.5,"regional",57.1,"regional"
"ZW62FL","bulawayo",98.5798127286294,97.1241171336915,100,"regional",98.3,"regional"
"ZW62FL","harare",87.5686731900369,90.9880983067627,79,"national",64.5,"national"
"ZW62FL","manicaland",73.7939804140751,58.5304622195219,76.9,"regional",65.9,"regional"
"ZW62FL","mashonalandcentral",71.2953316083625,54.5632268528408,73.9,"regional",57.7,"regional"
"ZW62FL","mashonalandeast",78.9222230180854,63.0996368417785,80.5,"regional",68.6,"regional"
"ZW62FL","mashonalandwest",73.0213134584601,54.3528747180176,75.4,"regional",54,"regional"
"ZW62FL","masvingo",66.8777731132389,39.6962295966518,69.6,"regional",43.2,"regional"
"ZW62FL","matabelelandnorth",66.1245664180196,33.1394878541915,69.1,"regional",35.1,"regional"
"ZW62FL","matabelelandsouth",68.6891261012873,49.1999240590878,71.3,"regional",49.5,"regional"
"ZW62FL","midlands",72.286037768548,53.7609656267923,75.5,"regional",58.2,"regional"
"ZW72FL","bulawayo",99.2942202337309,97.9104889466181,99.7,"regional",98.7,"regional"
"ZW72FL","hararechitungwiza",94.6968224157978,94.488390420239,97.3,"regional",96.9,"regional"
"ZW72FL","manicaland",72.662794098812,62.3977601902091,75,"regional",65,"regional"
"ZW72FL","mashonalandcentral",65.7738930874295,52.0568777100633,69.2,"regional",55.2,"regional"
"ZW72FL","mashonalandeast",71.4002832427333,63.7167787998943,72.7,"regional",68.1,"regional"
"ZW72FL","mashonalandwest",72.653159839688,55.3339474530778,77.2,"regional",59.4,"regional"
"ZW72FL","masvingo",63.3433557567383,48.0374740824362,66.5,"regional",52.3,"regional"
"ZW72FL","matabelelandnorth",79.0861371678706,36.8278816363452,79.7,"regional",42.3,"regional"
"ZW72FL","matabelelandsouth",81.3904132257489,54.4163206161172,80.8,"regional",57.5,"regional"
"ZW72FL","midlands",67.6577631764809,58.5733192383763,73.2,"regional",60.8,"regional"
