"iso3","Location","Year","Age","Unit","Value","Lower","Upper"
"AGO","Angola",2015,"Under 5","Number",77321.0488630937,74746.9696439491,79753.4974235318
"AGO","Angola",2015,"Under 5","Rate (per 100,000)",1489.93430022542,1440.33320225154,1536.80625290867
"AGO","Angola",2015,"0 to 6 days (early neonatal)","Number",19786.4622451477,18603.8425492302,20970.8337428838
"AGO","Angola",2015,"0 to 6 days (early neonatal)","Rate (per 100,000)",91431.6968151199,85966.9035567278,96904.5850129098
"AGO","Angola",2015,"7 to 27 days (late neonatal)","Number",4181.25234048612,3880.09841458173,4515.79824217723
"AGO","Angola",2015,"7 to 27 days (late neonatal)","Rate (per 100,000)",6528.42712636695,6058.21837095432,7050.77267305099
"COD","Democratic Republic of the Congo",2015,"12 to 23 months","Number",31044.7637151542,28763.1076707689,33213.9164533152
"COD","Democratic Republic of the Congo",2015,"12 to 23 months","Rate (per 100,000)",1128.01099448412,1045.10705849954,1206.82712463127
"COD","Democratic Republic of the Congo",2015,"1 to 5 months","Number",42905.6492648664,39888.5266241353,46390.8631615145
"COD","Democratic Republic of the Congo",2015,"1 to 5 months","Rate (per 100,000)",3507.43448281961,3260.7919038047,3792.34240544871
"COD","Democratic Republic of the Congo",2015,"6-11 months","Number",43177.5078074106,40005.7381041207,46311.5942747586
"COD","Democratic Republic of the Congo",2015,"6-11 months","Rate (per 100,000)",3072.20964226323,2846.52868103339,3295.20932783149
"AGO","Angola",2015,"Under 1","Number",49350.9197015903,47608.0621854923,51268.2288514097
"AGO","Angola",2015,"Under 1","Rate (per 100,000)",4534.87633647824,4374.72444153086,4711.05866389593
"AGO","Angola",2015,"2 to 4","Number",18518.2026563225,17262.5042868654,19989.2299400277
"AGO","Angola",2015,"2 to 4","Rate (per 100,000)",608.48534274296,567.22464013045,656.82148840038
"GNQ","Equatorial Guinea",2015,"Under 5","Number",2397.90491647383,2320.32407817664,2478.90507542346
"GNQ","Equatorial Guinea",2015,"Under 5","Rate (per 100,000)",1217.77624525682,1178.37680897543,1258.91218386439
"GNQ","Equatorial Guinea",2015,"0 to 6 days (early neonatal)","Number",635.123218399674,597.760728344191,673.424743401958
"GNQ","Equatorial Guinea",2015,"0 to 6 days (early neonatal)","Rate (per 100,000)",80381.0804255961,75652.490396062,85228.5145493069
"GNQ","Equatorial Guinea",2015,"7 to 27 days (late neonatal)","Number",156.485157676477,143.473068071617,168.648820507961
"GNQ","Equatorial Guinea",2015,"7 to 27 days (late neonatal)","Rate (per 100,000)",6676.8382310078,6121.64425204498,7195.83191851297
"GNQ","Equatorial Guinea",2015,"Under 1","Number",1735.57052025596,1672.9168472859,1801.56799132596
"GNQ","Equatorial Guinea",2015,"Under 1","Rate (per 100,000)",4327.52646747525,4171.30381625018,4492.08665071674
"AGO","Angola",2015,"12 to 23 months","Number",9451.92650518088,8657.80765896757,10207.7090913221
"AGO","Angola",2015,"12 to 23 months","Rate (per 100,000)",893.39326392628,818.33338829405,964.82960773209
"AGO","Angola",2015,"1 to 5 months","Number",13673.4103389223,12728.700739216,14869.4217921503
"AGO","Angola",2015,"1 to 5 months","Rate (per 100,000)",2931.91252318325,2729.34375376176,3188.36653653265
"AGO","Angola",2015,"6-11 months","Number",11709.7947770341,10919.9939092064,12534.607718175
"AGO","Angola",2015,"6-11 months","Rate (per 100,000)",2183.84678147913,2036.55093931819,2337.67228577964
"GNQ","Equatorial Guinea",2015,"2 to 4","Number",368.572696362013,341.060542311938,399.795683023279
"GNQ","Equatorial Guinea",2015,"2 to 4","Rate (per 100,000)",314.68685179653,291.19701321213,341.34499406562
"GNQ","Equatorial Guinea",2015,"12 to 23 months","Number",293.761699855866,267.788587060095,318.530050021037
"GNQ","Equatorial Guinea",2015,"12 to 23 months","Rate (per 100,000)",740.33642636649,674.87914749634,802.7574698765
"GNQ","Equatorial Guinea",2015,"1 to 5 months","Number",567.7270387504,522.186734873763,616.604607778771
"GNQ","Equatorial Guinea",2015,"1 to 5 months","Rate (per 100,000)",3312.56816249508,3046.850043689,3597.75852330634
"GNQ","Equatorial Guinea",2015,"6-11 months","Number",376.235105429406,349.370136804428,403.27122735793
"GNQ","Equatorial Guinea",2015,"6-11 months","Rate (per 100,000)",1897.02020432086,1761.56397619493,2033.33940687469
"GAB","Gabon",2015,"Under 5","Number",2235.68864689905,2177.42948103363,2307.38595143861
"GAB","Gabon",2015,"Under 5","Rate (per 100,000)",957.0664894506,932.1265697393,987.7590850649
"CAF","Central African Republic",2015,"Under 5","Number",28150.8022278888,27295.2559851573,29074.9117587538
"CAF","Central African Republic",2015,"Under 5","Rate (per 100,000)",2697.08558737661,2615.11700183061,2785.62311737937
"CAF","Central African Republic",2015,"0 to 6 days (early neonatal)","Number",7037.32450846182,6703.26325850479,7397.5034610518
"CAF","Central African Republic",2015,"0 to 6 days (early neonatal)","Rate (per 100,000)",151455.985829796,144266.381900214,159207.690085307
"CAF","Central African Republic",2015,"7 to 27 days (late neonatal)","Number",1427.91290145188,1335.12273365065,1543.98955052886
"CAF","Central African Republic",2015,"7 to 27 days (late neonatal)","Rate (per 100,000)",10471.438536123,9790.97228506582,11322.6735764765
"CAF","Central African Republic",2015,"Under 1","Number",18972.8001524401,18363.9315416572,19638.792183177
"CAF","Central African Republic",2015,"Under 1","Rate (per 100,000)",8228.87504053911,7964.79679831954,8517.72882885165
"GAB","Gabon",2015,"0 to 6 days (early neonatal)","Number",772.871788165948,730.938455681149,824.458275829764
"GAB","Gabon",2015,"0 to 6 days (early neonatal)","Rate (per 100,000)",79897.640581211,75562.672765665,85230.5285366524
"GAB","Gabon",2015,"7 to 27 days (late neonatal)","Number",134.462210329217,124.743979273976,144.062643803797
"GAB","Gabon",2015,"7 to 27 days (late neonatal)","Rate (per 100,000)",4680.7507044745,4342.45032441462,5014.95044460505
"CAF","Central African Republic",2015,"2 to 4","Number",6934.86642818843,6436.8287426355,7505.20811899725
"CAF","Central African Republic",2015,"2 to 4","Rate (per 100,000)",1166.30637145601,1082.54635503745,1262.22648106237
"CAF","Central African Republic",2015,"12 to 23 months","Number",2243.13564726023,2067.05989392918,2428.14810064154
"CAF","Central African Republic",2015,"12 to 23 months","Rate (per 100,000)",1026.20996477015,945.65723812456,1110.85113370631
"GAB","Gabon",2015,"Under 1","Number",1616.21071464129,1562.3884979345,1677.56774924162
"GAB","Gabon",2015,"Under 1","Rate (per 100,000)",3275.99154104619,3166.89615821367,3400.35968470063
"GAB","Gabon",2015,"2 to 4","Number",352.894144264732,328.230458600977,379.150526548717
"GAB","Gabon",2015,"2 to 4","Rate (per 100,000)",258.94407523424,240.84653697847,278.21029072696
"CAF","Central African Republic",2015,"1 to 5 months","Number",5909.77350905939,5488.20793816984,6414.42272458194
"CAF","Central African Republic",2015,"1 to 5 months","Rate (per 100,000)",5978.84571834592,5552.3529763396,6489.39316942308
"CAF","Central African Republic",2015,"6-11 months","Number",4597.78923346703,4273.29253748788,4923.7317016665
"CAF","Central African Republic",2015,"6-11 months","Rate (per 100,000)",4053.19105525019,3767.13029021395,4340.52634391806
"COG","Congo",2015,"Under 5","Number",9147.10580862239,8841.2720631321,9419.83168723379
"COG","Congo",2015,"Under 5","Rate (per 100,000)",1166.23190502342,1127.23890777534,1201.00373642198
"GAB","Gabon",2015,"12 to 23 months","Number",266.58378799303,248.540592567587,287.41693653881
"GAB","Gabon",2015,"12 to 23 months","Rate (per 100,000)",555.60226124224,517.99742317657,599.02179747125
"GAB","Gabon",2015,"1 to 5 months","Number",356.21716428625,328.218431184898,383.954202361136
"GAB","Gabon",2015,"1 to 5 months","Rate (per 100,000)",1692.5208810379,1559.48843575527,1824.30991544323
"GAB","Gabon",2015,"6-11 months","Number",352.659551859875,326.477562474636,381.424859514853
"GAB","Gabon",2015,"6-11 months","Rate (per 100,000)",1442.46042633759,1335.36993815479,1560.11729320793
"COG","Congo",2015,"0 to 6 days (early neonatal)","Number",2639.65102331663,2471.63341598626,2796.25725534564
"COG","Congo",2015,"0 to 6 days (early neonatal)","Rate (per 100,000)",85096.0448071569,79679.5584172962,90144.6557106831
"COG","Congo",2015,"7 to 27 days (late neonatal)","Number",534.070009408613,493.996751418143,578.130814122404
"COG","Congo",2015,"7 to 27 days (late neonatal)","Rate (per 100,000)",5795.80526813504,5360.92445535605,6273.95951679102
"COG","Congo",2015,"Under 1","Number",6190.5368832295,5951.92380780672,6418.43643285868
"COG","Congo",2015,"Under 1","Rate (per 100,000)",3900.06927364322,3749.74183980352,4043.64713251904
"BDI","Burundi",2015,"Under 5","Number",39468.6283250787,38225.5754220851,40729.0551421606
"BDI","Burundi",2015,"Under 5","Rate (per 100,000)",1957.77625264588,1896.11666229429,2020.29764736871
"BDI","Burundi",2015,"0 to 6 days (early neonatal)","Number",9707.90300652462,9185.46571699669,10232.9915587009
"BDI","Burundi",2015,"0 to 6 days (early neonatal)","Rate (per 100,000)",112467.456594823,106414.945239486,118550.683210357
"BDI","Burundi",2015,"7 to 27 days (late neonatal)","Number",2941.21140358087,2720.7234601849,3181.35981338722
"BDI","Burundi",2015,"7 to 27 days (late neonatal)","Rate (per 100,000)",11534.5113590092,10669.8265952655,12476.2983238587
"COG","Congo",2015,"2 to 4","Number",1882.26599761028,1740.9851046144,2028.67566640774
"COG","Congo",2015,"2 to 4","Rate (per 100,000)",403.33257228584,373.05885642463,434.7052838997
"BDI","Burundi",2015,"Under 1","Number",25207.8087458579,24313.626191952,26184.9908459026
"BDI","Burundi",2015,"Under 1","Rate (per 100,000)",5835.30125609056,5628.30886605035,6061.50703197963
"BDI","Burundi",2015,"2 to 4","Number",8966.85323775411,8363.32353759085,9672.41311609717
"BDI","Burundi",2015,"2 to 4","Rate (per 100,000)",767.71228165879,716.04006724021,828.11998207358
"COG","Congo",2015,"12 to 23 months","Number",1074.30292778261,984.827104726902,1161.33342602025
"COG","Congo",2015,"12 to 23 months","Rate (per 100,000)",675.99116992975,619.68966991179,730.75398105293
"COG","Congo",2015,"1 to 5 months","Number",1655.94024038965,1535.28944390308,1794.11305126499
"COG","Congo",2015,"1 to 5 months","Rate (per 100,000)",2449.82257539423,2271.32999591411,2654.23748308948
"COG","Congo",2015,"6-11 months","Number",1360.8756101146,1258.61463725196,1475.07923807861
"COG","Congo",2015,"6-11 months","Rate (per 100,000)",1726.60799139026,1596.86460291326,1871.5035977358
"BDI","Burundi",2015,"12 to 23 months","Number",5293.9663414667,4873.13382855515,5692.18452448792
"BDI","Burundi",2015,"12 to 23 months","Rate (per 100,000)",1272.56332607049,1171.4036307104,1368.28699010626
"BDI","Burundi",2015,"1 to 5 months","Number",7215.70472469568,6716.23084208004,7735.06872668653
"BDI","Burundi",2015,"1 to 5 months","Rate (per 100,000)",3894.66119689104,3625.07123669964,4174.98680648715
"BDI","Burundi",2015,"6-11 months","Number",5342.98961105673,4941.89366251121,5787.78719115245
"BDI","Burundi",2015,"6-11 months","Rate (per 100,000)",2513.33722647417,2324.66207412477,2722.56958470051
"COD","Democratic Republic of the Congo",2015,"Under 5","Number",248211.14235586,240485.459260524,256271.450369756
"COD","Democratic Republic of the Congo",2015,"Under 5","Rate (per 100,000)",1854.17630232548,1796.46423356544,1914.38807189778
"COD","Democratic Republic of the Congo",2015,"0 to 6 days (early neonatal)","Number",54777.7651766356,51912.143451911,57828.23895335
"COD","Democratic Republic of the Congo",2015,"0 to 6 days (early neonatal)","Rate (per 100,000)",96315.1988275883,91276.604695617,101678.816481123
"COD","Democratic Republic of the Congo",2015,"7 to 27 days (late neonatal)","Number",10665.0028501862,9908.20877514484,11493.523361912
"COD","Democratic Republic of the Congo",2015,"7 to 27 days (late neonatal)","Rate (per 100,000)",6345.50454530244,5895.22428654478,6838.46087610552
"COD","Democratic Republic of the Congo",2015,"Under 1","Number",151525.925099099,145788.854339141,157996.742496989
"COD","Democratic Republic of the Congo",2015,"Under 1","Rate (per 100,000)",5309.90909302378,5108.8654486725,5536.66535349791
"COD","Democratic Republic of the Congo",2015,"2 to 4","Number",65640.4535416074,60948.5780464369,70796.7776705014
"COD","Democratic Republic of the Congo",2015,"2 to 4","Rate (per 100,000)",843.62241945785,783.32162713438,909.89238565132
"COM","Comoros",2015,"Under 5","Number",1091.49777195399,1056.72598199277,1125.1553242504
"COM","Comoros",2015,"Under 5","Rate (per 100,000)",1077.22232346431,1042.90530575204,1110.43967637008
"COM","Comoros",2015,"0 to 6 days (early neonatal)","Number",369.442434034081,349.244945488006,388.77899109289
"COM","Comoros",2015,"0 to 6 days (early neonatal)","Rate (per 100,000)",91911.4299820424,86886.6145214979,96722.0593155437
"COM","Comoros",2015,"7 to 27 days (late neonatal)","Number",107.898911817395,99.135733768295,116.922452255201
"COM","Comoros",2015,"7 to 27 days (late neonatal)","Rate (per 100,000)",9055.69930850196,8320.22659554434,9813.02361814068
"COM","Comoros",2015,"Under 1","Number",843.185237926418,813.36322260924,874.233528013374
"COM","Comoros",2015,"Under 1","Rate (per 100,000)",4100.45037994675,3955.42448464192,4251.4397084564
"COM","Comoros",2015,"2 to 4","Number",137.845213877954,127.18568093256,149.475689630461
"COM","Comoros",2015,"2 to 4","Rate (per 100,000)",227.81130675548,210.19472028594,247.0325318153
"COM","Comoros",2015,"12 to 23 months","Number",110.467320149619,101.532984079896,118.865342571831
"COM","Comoros",2015,"12 to 23 months","Rate (per 100,000)",545.42416044702,501.31154195152,586.88877027775
"COM","Comoros",2015,"1 to 5 months","Number",209.912335581845,195.401644780069,226.123061499449
"COM","Comoros",2015,"1 to 5 months","Rate (per 100,000)",2398.36883655801,2232.57587103532,2583.58567839342
"COM","Comoros",2015,"6-11 months","Number",155.931556493097,143.972437416446,167.569577857348
"COM","Comoros",2015,"6-11 months","Rate (per 100,000)",1526.12519688669,1409.07953040383,1640.02823258605
"DJI","Djibouti",2015,"Under 5","Number",1975.83391624404,1905.04577853802,2045.24069659215
"DJI","Djibouti",2015,"Under 5","Rate (per 100,000)",1265.2925694717,1219.96097357703,1309.73956611622
"DJI","Djibouti",2015,"0 to 6 days (early neonatal)","Number",676.997341914203,639.228081398094,716.816976530835
"DJI","Djibouti",2015,"0 to 6 days (early neonatal)","Rate (per 100,000)",102274.34532754,96568.5232310039,108289.918520313
"DJI","Djibouti",2015,"7 to 27 days (late neonatal)","Number",169.747531423051,157.303926538423,184.483632434097
"DJI","Djibouti",2015,"7 to 27 days (late neonatal)","Rate (per 100,000)",8656.14038029066,8021.58864445564,9407.59613308071
"DJI","Djibouti",2015,"Under 1","Number",1624.38610278497,1563.0738171274,1690.14328205078
"DJI","Djibouti",2015,"Under 1","Rate (per 100,000)",4849.41602140446,4666.37531460021,5045.72644175787
"DJI","Djibouti",2015,"2 to 4","Number",218.923729396739,201.928045343625,236.403870198968
"DJI","Djibouti",2015,"2 to 4","Rate (per 100,000)",242.27340021091,223.46501349191,261.61791421124
"DJI","Djibouti",2015,"12 to 23 months","Number",132.524084062323,122.262850090533,143.25120089268
"DJI","Djibouti",2015,"12 to 23 months","Rate (per 100,000)",410.32311162368,378.55212084722,443.53657608734
"DJI","Djibouti",2015,"1 to 5 months","Number",538.360046131075,498.767825766746,577.906950599892
"DJI","Djibouti",2015,"1 to 5 months","Rate (per 100,000)",3759.46793196437,3482.98812280201,4035.63129183372
"DJI","Djibouti",2015,"6-11 months","Number",239.281183316647,220.767596876705,257.504172516079
"DJI","Djibouti",2015,"6-11 months","Rate (per 100,000)",1445.50486653915,1333.66373082972,1555.59049552825
"ERI","Eritrea",2015,"Under 5","Number",12707.9072451884,12316.9927559569,13162.5110072011
"ERI","Eritrea",2015,"Under 5","Rate (per 100,000)",1411.7939836004,1368.36506069823,1462.29851150957
"ERI","Eritrea",2015,"0 to 6 days (early neonatal)","Number",2778.38600849673,2603.48856739278,2964.44360283017
"ERI","Eritrea",2015,"0 to 6 days (early neonatal)","Rate (per 100,000)",74298.0314406957,69621.0227247366,79273.4786792333
"ERI","Eritrea",2015,"7 to 27 days (late neonatal)","Number",873.798635999165,811.976786909576,946.232320586385
"ERI","Eritrea",2015,"7 to 27 days (late neonatal)","Rate (per 100,000)",7875.26193223703,7318.0817826491,8528.08309187311
"ERI","Eritrea",2015,"Under 1","Number",7155.80038667367,6918.0584580559,7460.7317719769
"ERI","Eritrea",2015,"Under 1","Rate (per 100,000)",3763.20636864751,3638.17885369124,3923.56854606525
"ERI","Eritrea",2015,"2 to 4","Number",3681.25375015616,3389.31858780954,3969.96904971816
"ERI","Eritrea",2015,"2 to 4","Rate (per 100,000)",700.87573421425,645.29405331437,755.84438383554
"ERI","Eritrea",2015,"12 to 23 months","Number",1870.85310835859,1738.7077649951,2021.29874844453
"ERI","Eritrea",2015,"12 to 23 months","Rate (per 100,000)",1012.7128527448,941.18116110281,1094.15069127619
"ERI","Eritrea",2015,"1 to 5 months","Number",1985.96818285917,1823.6213342155,2144.23453672555
"ERI","Eritrea",2015,"1 to 5 months","Rate (per 100,000)",2446.42026241619,2246.43285904828,2641.38109728718
"ERI","Eritrea",2015,"6-11 months","Number",1517.64755931861,1405.88550497183,1635.57698293865
"ERI","Eritrea",2015,"6-11 months","Rate (per 100,000)",1612.14937018051,1493.42804755266,1737.42209562156
"ETH","Ethiopia",2015,"Under 5","Number",222280.681072973,216381.74706562,228904.88314171
"ETH","Ethiopia",2015,"Under 5","Rate (per 100,000)",1503.4980760241,1463.59791066634,1548.30392697555
"ETH","Ethiopia",2015,"0 to 6 days (early neonatal)","Number",81977.0890860459,77637.1025094604,86549.5914703708
"ETH","Ethiopia",2015,"0 to 6 days (early neonatal)","Rate (per 100,000)",133583.264848914,126511.17211222,141034.246627329
"ETH","Ethiopia",2015,"7 to 27 days (late neonatal)","Number",22562.2071764794,21013.7802420172,24437.600577081
"ETH","Ethiopia",2015,"7 to 27 days (late neonatal)","Rate (per 100,000)",12455.3042158776,11600.5062622053,13490.601655806
"ETH","Ethiopia",2015,"Under 1","Number",167712.19352396,162134.239408465,173319.225703827
"ETH","Ethiopia",2015,"Under 1","Rate (per 100,000)",5425.51263074695,5245.06504448949,5606.90089640413
"ETH","Ethiopia",2015,"2 to 4","Number",34216.526292913,31580.2952543496,36818.313352235
"ETH","Ethiopia",2015,"2 to 4","Rate (per 100,000)",393.83999393288,363.49637554961,423.7871542871
"ETH","Ethiopia",2015,"12 to 23 months","Number",20351.9612561001,18963.0784046451,21867.5442992829
"ETH","Ethiopia",2015,"12 to 23 months","Rate (per 100,000)",677.24021719049,631.02318129231,727.67338067873
"ETH","Ethiopia",2015,"1 to 5 months","Number",39991.1041213342,37434.1002800145,43401.3834342365
"ETH","Ethiopia",2015,"1 to 5 months","Rate (per 100,000)",3027.22587977305,2833.6671278157,3285.37543628318
"ETH","Ethiopia",2015,"6-11 months","Number",23181.7931401001,21559.6159994845,24896.0844391605
"ETH","Ethiopia",2015,"6-11 months","Rate (per 100,000)",1517.51457862297,1411.32445583497,1629.73463091179
"KEN","Kenya",2015,"Under 5","Number",58800.8181651059,56980.9864760603,60592.4207786439
"KEN","Kenya",2015,"Under 5","Rate (per 100,000)",904.59733128293,876.60086897738,932.159514829
"KEN","Kenya",2015,"0 to 6 days (early neonatal)","Number",22277.3811901825,20843.321746767,23713.0419166038
"KEN","Kenya",2015,"0 to 6 days (early neonatal)","Rate (per 100,000)",87252.5414465415,81635.8430583776,92875.5114880315
"KEN","Kenya",2015,"7 to 27 days (late neonatal)","Number",3462.57632119187,3206.70459683801,3726.83526540884
"KEN","Kenya",2015,"7 to 27 days (late neonatal)","Rate (per 100,000)",4568.40257706165,4230.81433740864,4917.05662242775
"MRT","Mauritania",2015,"Under 5","Number",6687.89899376321,6502.78523677293,6881.25600779117
"MRT","Mauritania",2015,"Under 5","Rate (per 100,000)",1041.73437196912,1012.90029963027,1071.85244758032
"MRT","Mauritania",2015,"0 to 6 days (early neonatal)","Number",2777.65733330479,2642.79359221576,2932.26347441413
"MRT","Mauritania",2015,"0 to 6 days (early neonatal)","Rate (per 100,000)",105817.240384536,100679.490404053,111707.09404018
"KEN","Kenya",2015,"Under 1","Number",44624.5623356455,43050.0990915779,46246.7470613855
"KEN","Kenya",2015,"Under 1","Rate (per 100,000)",3405.65872808204,3285.49879354034,3529.46067213751
"MRT","Mauritania",2015,"7 to 27 days (late neonatal)","Number",581.545107236431,538.706266478941,629.719038211529
"MRT","Mauritania",2015,"7 to 27 days (late neonatal)","Rate (per 100,000)",7479.04628063327,6928.11107604271,8098.59419669254
"MRT","Mauritania",2015,"Under 1","Number",5151.7202004556,4968.38878178572,5352.72283574373
"MRT","Mauritania",2015,"Under 1","Rate (per 100,000)",3856.51914293554,3719.27932825394,4006.98742937325
"KEN","Kenya",2015,"2 to 4","Number",8215.24411261807,7577.25219584979,8898.61986151735
"KEN","Kenya",2015,"2 to 4","Rate (per 100,000)",211.3455033931,194.93251298627,228.926039002
"KEN","Kenya",2015,"12 to 23 months","Number",5961.01171684229,5529.4499208648,6386.45329609147
"KEN","Kenya",2015,"12 to 23 months","Rate (per 100,000)",457.55449904103,424.42873939761,490.21048394952
"MRT","Mauritania",2015,"2 to 4","Number",974.742121971038,906.409445796682,1059.36352755567
"MRT","Mauritania",2015,"2 to 4","Rate (per 100,000)",258.16976430509,240.07120212682,280.58255210046
"KEN","Kenya",2015,"1 to 5 months","Number",9946.99450057862,9281.68091520864,10673.8928230043
"KEN","Kenya",2015,"1 to 5 months","Rate (per 100,000)",1785.44437001477,1666.02333331629,1915.91961228745
"KEN","Kenya",2015,"6-11 months","Number",8937.61032369256,8345.19909825559,9625.0294265059
"KEN","Kenya",2015,"6-11 months","Rate (per 100,000)",1371.08440304704,1280.20487686838,1476.53872205281
"MDG","Madagascar",2015,"Under 5","Number",64918.4040198668,62833.9132952235,66712.6097726159
"MDG","Madagascar",2015,"Under 5","Rate (per 100,000)",1579.04644016054,1528.34421314202,1622.68790438889
"MDG","Madagascar",2015,"0 to 6 days (early neonatal)","Number",19504.9665149343,18431.0759001803,20573.3185009569
"MDG","Madagascar",2015,"0 to 6 days (early neonatal)","Rate (per 100,000)",109527.388924705,103497.107614829,115526.568845982
"MRT","Mauritania",2015,"12 to 23 months","Number",561.43667133656,517.362789500981,600.642972725335
"MRT","Mauritania",2015,"12 to 23 months","Rate (per 100,000)",429.05819611857,395.3762846907,459.02023067948
"MRT","Mauritania",2015,"1 to 5 months","Number",1214.12389835193,1120.51307843435,1321.00507125582
"MRT","Mauritania",2015,"1 to 5 months","Rate (per 100,000)",2131.68513609142,1967.32893351069,2319.34061994815
"MRT","Mauritania",2015,"6-11 months","Number",578.393861562466,534.359272693904,622.670666053657
"MRT","Mauritania",2015,"6-11 months","Rate (per 100,000)",873.33682458197,806.84748129891,940.19189758105
"MOZ","Mozambique",2015,"1 to 5 months","Number",13732.9527296918,12748.3842344681,14752.5920498405
"MOZ","Mozambique",2015,"1 to 5 months","Rate (per 100,000)",3097.30560907198,2875.24779071377,3327.27323858976
"MOZ","Mozambique",2015,"6-11 months","Number",11037.6458965482,10218.6462177861,11894.6536725467
"MOZ","Mozambique",2015,"6-11 months","Rate (per 100,000)",2169.42317085189,2008.45072286075,2337.86602037589
"RWA","Rwanda",2015,"Under 5","Number",24192.851240852,23411.830783257,24897.355350571
"RWA","Rwanda",2015,"Under 5","Rate (per 100,000)",1381.06942056255,1336.48420569558,1421.28663485066
"RWA","Rwanda",2015,"0 to 6 days (early neonatal)","Number",7157.16321578967,6721.78604501789,7577.18602586431
"RWA","Rwanda",2015,"0 to 6 days (early neonatal)","Rate (per 100,000)",99839.6196782204,93766.2789095569,105698.773137445
"RWA","Rwanda",2015,"7 to 27 days (late neonatal)","Number",1671.8371362838,1551.5866742848,1809.55623520221
"RWA","Rwanda",2015,"7 to 27 days (late neonatal)","Rate (per 100,000)",7862.45058225823,7296.92700676062,8510.12707297548
"MDG","Madagascar",2015,"7 to 27 days (late neonatal)","Number",3135.92812154978,2877.09028728433,3402.08884396262
"MDG","Madagascar",2015,"7 to 27 days (late neonatal)","Rate (per 100,000)",5954.15411677856,5462.70141227331,6459.51071286531
"MDG","Madagascar",2015,"Under 1","Number",42877.8976344978,41365.1531434228,44450.2050369641
"MDG","Madagascar",2015,"Under 1","Rate (per 100,000)",4794.02741481634,4624.89275659113,4969.82159335082
"RWA","Rwanda",2015,"Under 1","Number",16211.0413117524,15612.7423601446,16808.7129711043
"RWA","Rwanda",2015,"Under 1","Rate (per 100,000)",4444.32413938444,4280.29800299609,4608.17830100192
"NER","Niger",2015,"Under 5","Number",130781.033490802,126445.823992204,135182.0189906
"NER","Niger",2015,"Under 5","Rate (per 100,000)",3098.96348874486,2996.23715608319,3203.24843752016
"NER","Niger",2015,"0 to 6 days (early neonatal)","Number",22302.0641726436,21041.6282183874,23414.7479690017
"NER","Niger",2015,"0 to 6 days (early neonatal)","Rate (per 100,000)",119483.126034907,112730.350739513,125444.320355221
"NER","Niger",2015,"7 to 27 days (late neonatal)","Number",9248.20148130118,8512.20660190118,9966.12297569342
"NER","Niger",2015,"7 to 27 days (late neonatal)","Rate (per 100,000)",16768.7467363962,15434.2481577378,18070.4748335207
"MDG","Madagascar",2015,"2 to 4","Number",13733.5852097747,12735.8255863254,14820.4923561432
"MDG","Madagascar",2015,"2 to 4","Rate (per 100,000)",580.95604432369,538.7489676448,626.93422603344
"MDG","Madagascar",2015,"12 to 23 months","Number",8306.9211755942,7705.2447005389,8893.84876582658
"MDG","Madagascar",2015,"12 to 23 months","Rate (per 100,000)",973.98971603194,903.44291695986,1042.8072026624
"MDG","Madagascar",2015,"1 to 5 months","Number",10810.9445221609,10036.5371611902,11675.6279105706
"MDG","Madagascar",2015,"1 to 5 months","Rate (per 100,000)",2820.55040003095,2618.50931219672,3046.14429444781
"RWA","Rwanda",2015,"2 to 4","Number",4733.83624584738,4355.17094648081,5076.20869875686
"RWA","Rwanda",2015,"2 to 4","Rate (per 100,000)",459.49665303133,422.74095878215,492.72952971565
"NER","Niger",2015,"Under 1","Number",63463.2095688642,61391.0639120289,65500.6293304884
"NER","Niger",2015,"Under 1","Rate (per 100,000)",6835.57515670718,6612.38588737828,7055.0241256603
"NER","Niger",2015,"2 to 4","Number",42000.2892874221,38912.9483331776,45872.3108237647
"NER","Niger",2015,"2 to 4","Rate (per 100,000)",1741.00591968068,1613.02873265159,1901.50987168376
"MDG","Madagascar",2015,"6-11 months","Number",9426.05847585279,8696.75195876251,10195.1869287104
"MDG","Madagascar",2015,"6-11 months","Rate (per 100,000)",2139.20260912055,1973.68969529715,2313.75293652588
"MWI","Malawi",2015,"Under 5","Number",39889.0024103965,38734.5028568223,41043.9911258969
"MWI","Malawi",2015,"Under 5","Rate (per 100,000)",1410.83890017489,1370.00526729385,1451.68983428264
"MWI","Malawi",2015,"0 to 6 days (early neonatal)","Number",12574.9872492674,11866.3419807419,13235.4218149631
"MWI","Malawi",2015,"0 to 6 days (early neonatal)","Rate (per 100,000)",108814.264312272,102682.193398446,114529.156897691
"MWI","Malawi",2015,"7 to 27 days (late neonatal)","Number",2127.03249766504,1956.95247521046,2306.16330346816
"MWI","Malawi",2015,"7 to 27 days (late neonatal)","Rate (per 100,000)",6219.22402886315,5721.92755424875,6742.98406214114
"RWA","Rwanda",2015,"12 to 23 months","Number",3247.97368325217,3008.85487356703,3506.47127531802
"RWA","Rwanda",2015,"12 to 23 months","Rate (per 100,000)",910.39017248311,843.36641070952,982.84570641825
"RWA","Rwanda",2015,"1 to 5 months","Number",4149.02633322463,3852.24743838914,4472.85069068422
"RWA","Rwanda",2015,"1 to 5 months","Rate (per 100,000)",2666.05934989507,2475.35674068489,2874.14068912772
"RWA","Rwanda",2015,"6-11 months","Number",3233.0146264543,2982.8908497248,3498.34370302461
"RWA","Rwanda",2015,"6-11 months","Rate (per 100,000)",1789.14010189414,1650.722392391,1935.97237639304
"NER","Niger",2015,"12 to 23 months","Number",25317.5346345158,23444.776718943,27165.182280005
"NER","Niger",2015,"12 to 23 months","Rate (per 100,000)",2879.23812383332,2666.25861911186,3089.36196160428
"MWI","Malawi",2015,"Under 1","Number",26197.4597216794,25147.4420656451,27115.3251902221
"MWI","Malawi",2015,"Under 1","Rate (per 100,000)",4473.466001215,4294.16547609356,4630.20028044807
"SOM","Somalia",2015,"Under 5","Number",74992.4241087958,72920.9586337198,77209.3891579157
"SOM","Somalia",2015,"Under 5","Rate (per 100,000)",2424.5920427345,2357.61916157543,2496.26909386327
"SOM","Somalia",2015,"0 to 6 days (early neonatal)","Number",15554.6185668903,14738.8785563456,16522.4785833578
"SOM","Somalia",2015,"0 to 6 days (early neonatal)","Rate (per 100,000)",111148.189107163,105319.179249776,118064.198501863
"SOM","Somalia",2015,"7 to 27 days (late neonatal)","Number",5980.46847482978,5530.40848909512,6406.1017284602
"SOM","Somalia",2015,"7 to 27 days (late neonatal)","Rate (per 100,000)",14504.3700493667,13412.8440919969,15536.6540990117
"NER","Niger",2015,"1 to 5 months","Number",15375.1956053344,14273.7989034515,16651.9988084154
"NER","Niger",2015,"1 to 5 months","Rate (per 100,000)",3851.20041324495,3575.32103308498,4171.01585817053
"NER","Niger",2015,"6-11 months","Number",16537.748309585,15374.0421304566,17848.8387015075
"NER","Niger",2015,"6-11 months","Rate (per 100,000)",3631.65938042259,3376.11162492568,3919.57244036726
"NGA","Nigeria",2015,"Under 5","Number",864459.156359802,839156.802810625,891464.581088732
"NGA","Nigeria",2015,"Under 5","Rate (per 100,000)",2455.54404786853,2383.67131310986,2532.2544505121
"NGA","Nigeria",2015,"0 to 6 days (early neonatal)","Number",221296.034566867,211771.593525213,233342.984173729
"NGA","Nigeria",2015,"0 to 6 days (early neonatal)","Rate (per 100,000)",144869.642964523,138634.545368484,152756.080205813
"MWI","Malawi",2015,"2 to 4","Number",8595.67266188729,7950.46242981199,9235.6777752231
"MWI","Malawi",2015,"2 to 4","Rate (per 100,000)",515.20838336531,476.53570076396,553.56908098114
"MWI","Malawi",2015,"12 to 23 months","Number",5095.87002682978,4726.16831315319,5516.26700657044
"MWI","Malawi",2015,"12 to 23 months","Rate (per 100,000)",888.83724483017,824.35274054274,962.16417256582
"SOM","Somalia",2015,"Under 1","Number",46525.5093374601,44868.9094441055,48478.9130270642
"SOM","Somalia",2015,"Under 1","Rate (per 100,000)",6739.56940748979,6499.59847281989,7022.53460087315
"NGA","Nigeria",2015,"7 to 27 days (late neonatal)","Number",46804.0149175213,43477.5534276174,50081.5541270891
"NGA","Nigeria",2015,"7 to 27 days (late neonatal)","Rate (per 100,000)",10424.7618696622,9683.85173701743,11154.7754344907
"NGA","Nigeria",2015,"Under 1","Number",492109.243878358,476539.043608214,506713.41260338
"NGA","Nigeria",2015,"Under 1","Rate (per 100,000)",6469.43591242521,6264.74475076878,6661.42729400577
"MWI","Malawi",2015,"1 to 5 months","Number",6244.49238726967,5747.02546420914,6738.76417744212
"MWI","Malawi",2015,"1 to 5 months","Rate (per 100,000)",2497.57873776051,2298.60935278566,2695.27018123575
"MWI","Malawi",2015,"6-11 months","Number",5250.94758747727,4838.99508290761,5711.77447061638
"MWI","Malawi",2015,"6-11 months","Rate (per 100,000)",1811.67306676619,1669.54190950695,1970.66677956118
"NGA","Nigeria",2015,"2 to 4","Number",253983.611871161,236483.582757926,271998.334657664
"NGA","Nigeria",2015,"2 to 4","Rate (per 100,000)",1250.42717343165,1164.26999274657,1339.11832451863
"SOM","Somalia",2015,"2 to 4","Number",16380.2508396127,15060.3719923293,17665.7510515942
"SOM","Somalia",2015,"2 to 4","Rate (per 100,000)",935.67821221564,860.28364761101,1009.10898882139
"SOM","Somalia",2015,"12 to 23 months","Number",12086.6639317231,11214.9153986091,13085.7475789475
"SOM","Somalia",2015,"12 to 23 months","Rate (per 100,000)",1853.6997265033,1720.00195625491,2006.92654691261
"MOZ","Mozambique",2015,"Under 5","Number",74024.3876125814,71772.2841887561,76421.9369836783
"MOZ","Mozambique",2015,"Under 5","Rate (per 100,000)",1508.11230780337,1462.22979527665,1556.95801705855
"MOZ","Mozambique",2015,"0 to 6 days (early neonatal)","Number",23777.2480515257,22483.9319893991,25002.4361950413
"MOZ","Mozambique",2015,"0 to 6 days (early neonatal)","Rate (per 100,000)",115368.274963855,109093.047370349,121312.942837835
"MOZ","Mozambique",2015,"7 to 27 days (late neonatal)","Number",3407.24720517789,3160.28029543941,3694.14310261215
"MOZ","Mozambique",2015,"7 to 27 days (late neonatal)","Rate (per 100,000)",5592.94820846185,5187.55551101621,6063.88377578187
"NGA","Nigeria",2015,"12 to 23 months","Number",118366.300610282,109861.149507362,127427.491275663
"NGA","Nigeria",2015,"12 to 23 months","Rate (per 100,000)",1624.58136501604,1507.84788667627,1748.94650462028
"NGA","Nigeria",2015,"1 to 5 months","Number",114973.333219869,106444.183825476,122507.990071371
"NGA","Nigeria",2015,"1 to 5 months","Rate (per 100,000)",3525.61165667897,3264.06867376028,3756.65892025557
"NGA","Nigeria",2015,"6-11 months","Number",109035.861174101,101278.306751534,116560.577470005
"NGA","Nigeria",2015,"6-11 months","Rate (per 100,000)",2912.3872979961,2705.18021290944,3113.37519248542
"MOZ","Mozambique",2015,"Under 1","Number",51955.0938829435,49990.855676079,53909.3454287176
"MOZ","Mozambique",2015,"Under 1","Rate (per 100,000)",5026.14514539296,4836.12438727306,5215.19979211921
"MOZ","Mozambique",2015,"2 to 4","Number",13317.5692748943,12230.7351792894,14417.5465539172
"MOZ","Mozambique",2015,"2 to 4","Rate (per 100,000)",463.41007746991,425.59162411366,501.68587281704
"SOM","Somalia",2015,"1 to 5 months","Number",13301.1211542096,12324.4118693051,14313.6370470262
"SOM","Somalia",2015,"1 to 5 months","Rate (per 100,000)",4472.22521255957,4143.8270393042,4812.66261264585
"SOM","Somalia",2015,"6-11 months","Number",11689.3011415305,10830.308525505,12540.4556543131
"SOM","Somalia",2015,"6-11 months","Rate (per 100,000)",3461.54059445215,3207.16800410603,3713.59209543372
"TZA","Tanzania",2015,"Under 5","Number",105515.469734238,102193.645737009,108337.753281913
"TZA","Tanzania",2015,"Under 5","Rate (per 100,000)",1181.24555683096,1144.05774117526,1212.84101775442
"TZA","Tanzania",2015,"0 to 6 days (early neonatal)","Number",42548.8797980153,40238.0841085813,44777.5125209644
"TZA","Tanzania",2015,"0 to 6 days (early neonatal)","Rate (per 100,000)",113521.452033153,107356.192612417,119467.498649628
"STP","Sao Tome and Principe",2015,"Under 5","Number",246.668713665251,238.763136746525,254.998077949078
"STP","Sao Tome and Principe",2015,"Under 5","Rate (per 100,000)",898.16028787856,869.37481632174,928.48883709684
"STP","Sao Tome and Principe",2015,"0 to 6 days (early neonatal)","Number",51.574346371993,48.3025597157638,55.029754766673
"STP","Sao Tome and Principe",2015,"0 to 6 days (early neonatal)","Rate (per 100,000)",49652.8660553595,46502.9747618912,52979.5379815554
"STP","Sao Tome and Principe",2015,"7 to 27 days (late neonatal)","Number",23.050769688459,21.3506171675916,24.8255729321198
"STP","Sao Tome and Principe",2015,"7 to 27 days (late neonatal)","Rate (per 100,000)",7442.67037268568,6893.72233463203,8015.72175871182
"MOZ","Mozambique",2015,"12 to 23 months","Number",8751.72445474373,8096.59864032602,9493.45330937964
"MOZ","Mozambique",2015,"12 to 23 months","Rate (per 100,000)",874.38786009732,808.93401018175,948.49425013865
"STP","Sao Tome and Principe",2015,"Under 1","Number",159.059615857171,153.671609505416,165.063354187177
"STP","Sao Tome and Principe",2015,"Under 1","Rate (per 100,000)",2946.11076667807,2846.31382300828,3057.31233119229
"STP","Sao Tome and Principe",2015,"2 to 4","Number",48.9127324299596,45.4342090199724,52.5384470818343
"STP","Sao Tome and Principe",2015,"2 to 4","Rate (per 100,000)",294.0207727083,273.11091774665,315.81541329786
"UGA","Uganda",2015,"Under 1","Number",68707.481327206,66095.3474157726,71168.2047404212
"UGA","Uganda",2015,"Under 1","Rate (per 100,000)",4616.33571677164,4440.83099968102,4781.66742682842
"UGA","Uganda",2015,"2 to 4","Number",19337.6383764756,17989.6929983098,20845.2728315424
"UGA","Uganda",2015,"2 to 4","Rate (per 100,000)",481.88091740712,448.29102691484,519.45015208709
"TZA","Tanzania",2015,"7 to 27 days (late neonatal)","Number",6388.05765106985,5971.30167297957,6870.69066150629
"TZA","Tanzania",2015,"7 to 27 days (late neonatal)","Rate (per 100,000)",5754.93957949287,5379.48813488979,6189.73900771427
"TZA","Tanzania",2015,"Under 1","Number",78383.1359226019,75501.8248551792,81312.4314571331
"TZA","Tanzania",2015,"Under 1","Rate (per 100,000)",4133.09225146356,3981.16257543503,4287.55211752419
"STP","Sao Tome and Principe",2015,"12 to 23 months","Number",38.6963653781206,35.9287252040487,41.8496608395078
"STP","Sao Tome and Principe",2015,"12 to 23 months","Rate (per 100,000)",712.77196898323,661.79311561976,770.85444243614
"STP","Sao Tome and Principe",2015,"1 to 5 months","Number",44.3846900807996,41.2317124729509,48.052230071902
"STP","Sao Tome and Principe",2015,"1 to 5 months","Rate (per 100,000)",1940.7179910892,1802.85422865414,2101.08096379025
"STP","Sao Tome and Principe",2015,"6-11 months","Number",40.0498097159192,37.1491265475973,43.4433932908643
"STP","Sao Tome and Principe",2015,"6-11 months","Rate (per 100,000)",1484.22547180657,1376.72763662078,1609.98994405663
"TZA","Tanzania",2015,"2 to 4","Number",14972.1894646962,13878.9757073898,15999.9747741527
"TZA","Tanzania",2015,"2 to 4","Rate (per 100,000)",288.09528454093,267.05963513121,307.87195794418
"UGA","Uganda",2015,"12 to 23 months","Number",14935.2093776639,13910.5256373854,16116.3172196574
"UGA","Uganda",2015,"12 to 23 months","Rate (per 100,000)",1043.76690541365,972.1555239075,1126.31019262334
"UGA","Uganda",2015,"1 to 5 months","Number",16736.0725246821,15518.1549173434,17937.1199239445
"UGA","Uganda",2015,"1 to 5 months","Rate (per 100,000)",2629.71810899076,2438.34824114668,2818.43718217465
"UGA","Uganda",2015,"6-11 months","Number",15154.7613957331,14108.9323098624,16450.4526773076
"UGA","Uganda",2015,"6-11 months","Rate (per 100,000)",2061.02826057829,1918.79683604916,2237.24062569424
"SEN","Senegal",2015,"Under 5","Number",25792.154911383,25045.5768348864,26587.3719560222
"SEN","Senegal",2015,"Under 5","Rate (per 100,000)",1084.15042274625,1052.76867352724,1117.5766679779
"SEN","Senegal",2015,"0 to 6 days (early neonatal)","Number",10051.1372087791,9487.97132744704,10545.5174715694
"SEN","Senegal",2015,"0 to 6 days (early neonatal)","Rate (per 100,000)",104228.379058402,98388.4560991405,109355.008250579
"SEN","Senegal",2015,"7 to 27 days (late neonatal)","Number",2649.99852086836,2452.39366113064,2849.97155399686
"SEN","Senegal",2015,"7 to 27 days (late neonatal)","Rate (per 100,000)",9292.11174015204,8599.21835828016,9993.30902543894
"TZA","Tanzania",2015,"12 to 23 months","Number",12160.1443469395,11307.8795475552,13027.2537546193
"TZA","Tanzania",2015,"12 to 23 months","Rate (per 100,000)",661.19153270957,614.85077778907,708.33944328803
"TZA","Tanzania",2015,"1 to 5 months","Number",16271.4735389808,15083.2273608987,17543.5482086048
"TZA","Tanzania",2015,"1 to 5 months","Rate (per 100,000)",2006.66729202242,1860.12772172991,2163.54494827336
"TZA","Tanzania",2015,"6-11 months","Number",13174.724934536,12185.7279972601,14210.9963461921
"TZA","Tanzania",2015,"6-11 months","Rate (per 100,000)",1405.86773424297,1300.33240881568,1516.44769312673
"ZMB","Zambia",2015,"Under 5","Number",40792.1955819214,39643.0675184483,41947.9065520423
"ZMB","Zambia",2015,"Under 5","Rate (per 100,000)",1393.51407106381,1354.2583726867,1432.99465003171
"ZMB","Zambia",2015,"0 to 6 days (early neonatal)","Number",11301.0776774266,10688.2981506753,12015.2420094298
"ZMB","Zambia",2015,"0 to 6 days (early neonatal)","Rate (per 100,000)",92046.7714728508,87055.7096757281,97863.6079674143
"ZMB","Zambia",2015,"7 to 27 days (late neonatal)","Number",2415.7465330665,2240.61469035608,2616.66841648185
"ZMB","Zambia",2015,"7 to 27 days (late neonatal)","Rate (per 100,000)",6645.67105876072,6163.88681416504,7198.40319659396
"SEN","Senegal",2015,"Under 1","Number",18970.6194769572,18234.6915839978,19629.2157702258
"SEN","Senegal",2015,"Under 1","Rate (per 100,000)",3887.85111247889,3737.02957073525,4022.82426581048
"UGA","Uganda",2015,"Under 5","Number",102980.329081345,99611.177345043,105985.442561176
"UGA","Uganda",2015,"Under 5","Rate (per 100,000)",1485.53601857312,1436.93454000956,1528.88608701834
"UGA","Uganda",2015,"0 to 6 days (early neonatal)","Number",31706.2751534921,29956.0933227993,33659.7673167503
"UGA","Uganda",2015,"0 to 6 days (early neonatal)","Rate (per 100,000)",107625.253223391,101684.3547166,114256.277767358
"UGA","Uganda",2015,"7 to 27 days (late neonatal)","Number",5110.37225329876,4748.2472128617,5515.90421626837
"UGA","Uganda",2015,"7 to 27 days (late neonatal)","Rate (per 100,000)",5862.285221419,5446.87903031628,6327.48499855759
"ZMB","Zambia",2015,"Under 1","Number",26647.7479012775,25743.3178819993,27541.9473199198
"ZMB","Zambia",2015,"Under 1","Rate (per 100,000)",4297.78992720178,4151.92205719966,4442.00779013669
"SEN","Senegal",2015,"2 to 4","Number",4359.56632279056,4017.72595701878,4697.2169372772
"SEN","Senegal",2015,"2 to 4","Rate (per 100,000)",309.58734576711,285.3121211967,333.56504212399
"SEN","Senegal",2015,"12 to 23 months","Number",2461.9691116352,2274.72570309056,2628.5145396868
"SEN","Senegal",2015,"12 to 23 months","Rate (per 100,000)",509.84309925611,471.06732450065,544.33258038058
"NAM","Namibia",2015,"7 to 27 days (late neonatal)","Number",143.160331492821,134.436325087345,153.022142946946
"NAM","Namibia",2015,"7 to 27 days (late neonatal)","Rate (per 100,000)",3969.38985761773,3727.50034686715,4242.82715659259
"NAM","Namibia",2015,"Under 1","Number",2041.90734956645,1969.78601888534,2117.22151858045
"NAM","Namibia",2015,"Under 1","Rate (per 100,000)",3282.83979368455,3166.88802222748,3403.92479351078
"SEN","Senegal",2015,"1 to 5 months","Number",3940.37726235594,3674.99008174019,4275.58456331936
"SEN","Senegal",2015,"1 to 5 months","Rate (per 100,000)",1892.67320308927,1765.20033139411,2053.68262776401
"SEN","Senegal",2015,"6-11 months","Number",2329.10648495378,2155.72038290863,2501.38800022601
"SEN","Senegal",2015,"6-11 months","Rate (per 100,000)",964.06263289545,892.29474116317,1035.37331460345
"ZMB","Zambia",2015,"2 to 4","Number",7906.51211514753,7339.48903787814,8481.4056758301
"ZMB","Zambia",2015,"2 to 4","Rate (per 100,000)",463.85339584706,430.58770598476,497.58082540002
"ZMB","Zambia",2015,"12 to 23 months","Number",6237.93556549641,5787.01634308679,6692.65073076147
"ZMB","Zambia",2015,"12 to 23 months","Rate (per 100,000)",1034.95063088166,960.13755709956,1110.39349851332
"SLE","Sierra Leone",2015,"Under 5","Number",30658.3071959905,29768.5520524216,31615.4961308739
"SLE","Sierra Leone",2015,"Under 5","Rate (per 100,000)",2921.68662888533,2836.8944161474,3012.90517185601
"SLE","Sierra Leone",2015,"0 to 6 days (early neonatal)","Number",6933.38813469646,6599.04874619201,7350.03099829206
"SLE","Sierra Leone",2015,"0 to 6 days (early neonatal)","Rate (per 100,000)",144518.387782414,137549.473240183,153202.822254871
"SLE","Sierra Leone",2015,"7 to 27 days (late neonatal)","Number",1206.3693630245,1113.76548235734,1299.00307196054
"SLE","Sierra Leone",2015,"7 to 27 days (late neonatal)","Rate (per 100,000)",8538.30208703976,7882.88100971223,9193.93427945211
"NAM","Namibia",2015,"2 to 4","Number",467.19858143405,440.387657301044,494.159250932527
"NAM","Namibia",2015,"2 to 4","Rate (per 100,000)",243.41710854609,229.44823558874,257.46400096952
"SLE","Sierra Leone",2015,"Under 1","Number",20263.3875431833,19603.2579058495,21166.1750436273
"SLE","Sierra Leone",2015,"Under 1","Rate (per 100,000)",8563.27704263023,8284.30725258437,8944.79367998669
"NAM","Namibia",2015,"12 to 23 months","Number",408.526935834117,384.50820113562,431.360075462722
"NAM","Namibia",2015,"12 to 23 months","Rate (per 100,000)",645.0644882077,607.13887927803,681.11804119712
"NAM","Namibia",2015,"1 to 5 months","Number",673.011063616505,632.796667141978,713.065170560197
"NAM","Namibia",2015,"1 to 5 months","Rate (per 100,000)",2541.62699697903,2389.7572859558,2692.89137441872
"NAM","Namibia",2015,"6-11 months","Number",350.967195269118,329.625807790116,372.654356335194
"NAM","Namibia",2015,"6-11 months","Rate (per 100,000)",1135.81290636741,1066.7471256757,1205.9976922202
"ZMB","Zambia",2015,"1 to 5 months","Number",6871.68616569405,6390.60462760102,7404.69290259237
"ZMB","Zambia",2015,"1 to 5 months","Rate (per 100,000)",2590.26507103483,2408.92257744669,2791.18063963378
"ZMB","Zambia",2015,"6-11 months","Number",6059.23752509029,5601.86427083928,6512.08058884737
"ZMB","Zambia",2015,"6-11 months","Rate (per 100,000)",1979.38866683958,1829.97722154944,2127.32022168391
"BWA","Botswana",2015,"Under 5","Number",2000.78906689539,1942.86852219464,2062.99064858151
"BWA","Botswana",2015,"Under 5","Rate (per 100,000)",820.63985094177,796.88327012266,846.15233377558
"BWA","Botswana",2015,"0 to 6 days (early neonatal)","Number",317.400717492581,299.293400146791,337.417995112181
"BWA","Botswana",2015,"0 to 6 days (early neonatal)","Rate (per 100,000)",33153.7665474924,31262.3852777014,35244.650759599
"BWA","Botswana",2015,"7 to 27 days (late neonatal)","Number",93.6414782997133,87.56439336,99.6423327477881
"BWA","Botswana",2015,"7 to 27 days (late neonatal)","Rate (per 100,000)",3294.97692418602,3081.14161310107,3506.12990137974
"SLE","Sierra Leone",2015,"2 to 4","Number",5894.81572069707,5467.37216944099,6384.80442561634
"SLE","Sierra Leone",2015,"2 to 4","Rate (per 100,000)",986.62264892393,915.08088938682,1068.63266872708
"SWZ","Swaziland",2015,"Under 5","Number",2182.78050307361,2115.15291903392,2264.59637759334
"SWZ","Swaziland",2015,"Under 5","Rate (per 100,000)",1470.83996100789,1425.26994014142,1525.97058798526
"SWZ","Swaziland",2015,"0 to 6 days (early neonatal)","Number",578.439075301826,540.28605973881,612.378391510819
"SWZ","Swaziland",2015,"0 to 6 days (early neonatal)","Rate (per 100,000)",96522.5193148628,90156.0317471273,102185.878593636
"SWZ","Swaziland",2015,"7 to 27 days (late neonatal)","Number",84.7974046380397,79.2145698303752,92.0712558773394
"SWZ","Swaziland",2015,"7 to 27 days (late neonatal)","Rate (per 100,000)",4755.63264936132,4442.53448791817,5163.5668849416
"BWA","Botswana",2015,"Under 1","Number",1580.16787055559,1526.56616933802,1638.94012900831
"BWA","Botswana",2015,"Under 1","Rate (per 100,000)",3230.43928204137,3120.85786071012,3350.59120762965
"BWA","Botswana",2015,"2 to 4","Number",152.870976520569,143.91565913345,161.928715541487
"BWA","Botswana",2015,"2 to 4","Rate (per 100,000)",104.50277145648,98.38090642017,110.69465203682
"SLE","Sierra Leone",2015,"12 to 23 months","Number",4500.10393211015,4189.31570186056,4830.91939884661
"SLE","Sierra Leone",2015,"12 to 23 months","Rate (per 100,000)",2090.83006713146,1946.43220741098,2244.53294487819
"SLE","Sierra Leone",2015,"1 to 5 months","Number",6260.26688050819,5820.42586378722,6781.41806313772
"SLE","Sierra Leone",2015,"1 to 5 months","Rate (per 100,000)",6133.73809751022,5702.78688526893,6644.35608304852
"SLE","Sierra Leone",2015,"6-11 months","Number",5863.36316495412,5378.63752562021,6310.53590487086
"SLE","Sierra Leone",2015,"6-11 months","Rate (per 100,000)",5070.27580164616,4651.1148848805,5456.96328092555
"SWZ","Swaziland",2015,"Under 1","Number",1666.71911524033,1600.43616517916,1736.44875146241
"SWZ","Swaziland",2015,"Under 1","Rate (per 100,000)",5418.20233607323,5202.72845593388,5644.88076942011
"SWZ","Swaziland",2015,"2 to 4","Number",259.006737901848,236.261664848197,278.945613410368
"SWZ","Swaziland",2015,"2 to 4","Rate (per 100,000)",295.64353585354,269.68114632151,318.40278800287
"BWA","Botswana",2015,"12 to 23 months","Number",267.75021981923,252.725695096621,285.89755832048
"BWA","Botswana",2015,"12 to 23 months","Rate (per 100,000)",550.82061287192,519.9118878617,588.15364707821
"BWA","Botswana",2015,"1 to 5 months","Number",753.486241753978,704.514316937661,805.98138071243
"BWA","Botswana",2015,"1 to 5 months","Rate (per 100,000)",3614.85179835186,3379.90888807531,3866.69733573945
"BWA","Botswana",2015,"6-11 months","Number",415.639433009315,390.190410359962,439.867036433177
"BWA","Botswana",2015,"6-11 months","Rate (per 100,000)",1712.46111958329,1607.60951418367,1812.28039944242
"TGO","Togo",2015,"Under 5","Number",19215.9012241169,18637.3056159494,19824.2359826443
"TGO","Togo",2015,"Under 5","Rate (per 100,000)",1664.65904581391,1614.53574419143,1717.35862762664
"TGO","Togo",2015,"0 to 6 days (early neonatal)","Number",5599.6442863541,5288.69290125027,5898.97537116619
"TGO","Togo",2015,"0 to 6 days (early neonatal)","Rate (per 100,000)",117105.394412006,110602.46623775,123365.307176843
"TGO","Togo",2015,"7 to 27 days (late neonatal)","Number",1077.02425500032,990.37389950151,1160.63259140493
"TGO","Togo",2015,"7 to 27 days (late neonatal)","Rate (per 100,000)",7614.781743843,7002.14600970197,8205.90978086825
"SWZ","Swaziland",2015,"12 to 23 months","Number",257.054649931425,238.71558906834,275.741331799275
"SWZ","Swaziland",2015,"12 to 23 months","Rate (per 100,000)",855.86704776708,794.80688844339,918.08461608209
"SWZ","Swaziland",2015,"1 to 5 months","Number",561.997569965683,516.181303989141,606.331542679948
"SWZ","Swaziland",2015,"1 to 5 months","Rate (per 100,000)",4293.35971249711,3943.34803801115,4632.04746226442
"SWZ","Swaziland",2015,"6-11 months","Number",441.485065334786,407.440399811965,476.684706376185
"SWZ","Swaziland",2015,"6-11 months","Rate (per 100,000)",2887.56538455541,2664.89375778607,3117.79121324306
"LSO","Lesotho",2015,"Under 5","Number",3209.90050536876,3119.69008326225,3305.54346203247
"LSO","Lesotho",2015,"Under 5","Rate (per 100,000)",1420.00909565246,1380.10143505687,1462.32002341188
"LSO","Lesotho",2015,"0 to 6 days (early neonatal)","Number",1221.67450413609,1160.78062791295,1281.21586111297
"LSO","Lesotho",2015,"0 to 6 days (early neonatal)","Rate (per 100,000)",136855.510765591,130034.002659464,143525.505754568
"LSO","Lesotho",2015,"7 to 27 days (late neonatal)","Number",234.045856350748,218.109671496407,253.472576863235
"LSO","Lesotho",2015,"7 to 27 days (late neonatal)","Rate (per 100,000)",8878.48177320952,8273.94585460852,9615.43044930515
"ZWE","Zimbabwe",2015,"Under 5","Number",28833.3741163461,27979.8579094912,29655.2194557315
"ZWE","Zimbabwe",2015,"Under 5","Rate (per 100,000)",1289.30805074425,1251.14237119186,1326.05754139563
"ZWE","Zimbabwe",2015,"0 to 6 days (early neonatal)","Number",9730.27207588792,9161.5813839468,10277.2142874053
"ZWE","Zimbabwe",2015,"0 to 6 days (early neonatal)","Rate (per 100,000)",107053.701956979,100796.893990464,113071.230351131
"ZWE","Zimbabwe",2015,"7 to 27 days (late neonatal)","Number",2083.76367009666,1940.78915765322,2236.79614982403
"ZWE","Zimbabwe",2015,"7 to 27 days (late neonatal)","Rate (per 100,000)",7736.84144930714,7205.9889587195,8305.03833710012
"TGO","Togo",2015,"Under 1","Number",11554.4610087415,11135.0328131413,11946.4012259666
"TGO","Togo",2015,"Under 1","Rate (per 100,000)",4762.79381158888,4589.90387644615,4924.35309502929
"TGO","Togo",2015,"2 to 4","Number",5236.24373228474,4883.58744055159,5652.85042825269
"TGO","Togo",2015,"2 to 4","Rate (per 100,000)",775.19976045165,722.99075589601,836.87630329967
"TGO","Togo",2015,"12 to 23 months","Number",2425.19648309061,2235.87343387316,2628.68785173213
"TGO","Togo",2015,"12 to 23 months","Rate (per 100,000)",1026.42553349907,946.29758792781,1112.54999313631
"TGO","Togo",2015,"1 to 5 months","Number",2529.01487602134,2328.96544727735,2746.45732337527
"TGO","Togo",2015,"1 to 5 months","Rate (per 100,000)",2443.16886867429,2249.91000683939,2653.23035274877
"ZWE","Zimbabwe",2015,"Under 1","Number",20953.5873488909,20205.1380089816,21658.9633936532
"ZWE","Zimbabwe",2015,"Under 1","Rate (per 100,000)",4520.95776650149,4359.47191685889,4673.15009780847
"LSO","Lesotho",2015,"Under 1","Number",2579.43059814494,2485.24479565096,2673.40377079195
"LSO","Lesotho",2015,"Under 1","Rate (per 100,000)",5690.35508246197,5482.57641212177,5897.66468054597
"TGO","Togo",2015,"6-11 months","Number",2348.77759136576,2191.53650042045,2535.40685845245
"TGO","Togo",2015,"6-11 months","Rate (per 100,000)",1954.72307957812,1823.8623328396,2110.04154695458
"ZWE","Zimbabwe",2015,"2 to 4","Number",4233.03917354399,3929.70614420505,4567.12642668787
"ZWE","Zimbabwe",2015,"2 to 4","Rate (per 100,000)",321.13813691107,298.12587552821,346.48355745688
"ZWE","Zimbabwe",2015,"12 to 23 months","Number",3646.74759391121,3379.17760617762,3933.00595253817
"ZWE","Zimbabwe",2015,"12 to 23 months","Rate (per 100,000)",801.95613026547,743.11482402967,864.90719546229
"LSO","Lesotho",2015,"2 to 4","Number",346.159847643259,319.421414260918,372.068672338612
"LSO","Lesotho",2015,"2 to 4","Rate (per 100,000)",255.58991790807,235.84737977226,274.71990777276
"LSO","Lesotho",2015,"12 to 23 months","Number",284.310059580552,262.558989202609,305.157376004747
"LSO","Lesotho",2015,"12 to 23 months","Rate (per 100,000)",627.86037507795,579.82607328086,673.89885830564
"SSD","South Sudan",2015,"Under 5","Number",37596.1477230601,36343.9244266549,38766.199890964
"SSD","South Sudan",2015,"Under 5","Rate (per 100,000)",2188.39369541393,2115.50437741014,2256.50000264539
"SSD","South Sudan",2015,"0 to 6 days (early neonatal)","Number",7091.78719628702,6728.21765744882,7501.74920227603
"SSD","South Sudan",2015,"0 to 6 days (early neonatal)","Rate (per 100,000)",101020.503508919,95841.5582222965,106860.296373293
"SSD","South Sudan",2015,"7 to 27 days (late neonatal)","Number",1899.50913547153,1770.39171119869,2046.02335949071
"SSD","South Sudan",2015,"7 to 27 days (late neonatal)","Rate (per 100,000)",9142.90264255625,8521.42206236883,9848.11919610789
"ZWE","Zimbabwe",2015,"1 to 5 months","Number",5207.84125319796,4806.77787631256,5591.24704186487
"ZWE","Zimbabwe",2015,"1 to 5 months","Rate (per 100,000)",2639.0634628693,2435.82537384667,2833.35360328058
"ZWE","Zimbabwe",2015,"6-11 months","Number",3931.7103497084,3648.21115768816,4220.68850849818
"ZWE","Zimbabwe",2015,"6-11 months","Rate (per 100,000)",1708.56374668455,1585.36635963998,1834.1420731064
"LSO","Lesotho",2015,"1 to 5 months","Number",689.773536895773,630.463847162333,737.389700119608
"LSO","Lesotho",2015,"1 to 5 months","Rate (per 100,000)",3574.01117006392,3266.70234729538,3820.73083983185
"LSO","Lesotho",2015,"6-11 months","Number",433.936700762338,398.004767103166,468.210655328246
"LSO","Lesotho",2015,"6-11 months","Rate (per 100,000)",1928.48834935739,1768.80073752401,2080.80762069499
"NAM","Namibia",2015,"Under 5","Number",2917.63286683462,2840.47750008007,3004.16360733985
"NAM","Namibia",2015,"Under 5","Rate (per 100,000)",919.04387588022,894.74021241622,946.30074840887
"NAM","Namibia",2015,"0 to 6 days (early neonatal)","Number",874.768759188005,826.358832236092,922.963024596741
"NAM","Namibia",2015,"0 to 6 days (early neonatal)","Rate (per 100,000)",72104.998219287,68114.6891690374,76077.5308285933
"SSD","South Sudan",2015,"Under 1","Number",24439.4734655575,23406.1395926522,25467.280950216
"SSD","South Sudan",2015,"Under 1","Rate (per 100,000)",6812.46205972893,6524.42198332872,7098.96166471466
"SSD","South Sudan",2015,"2 to 4","Number",7977.90843784263,7353.27961670457,8578.49392335923
"SSD","South Sudan",2015,"2 to 4","Rate (per 100,000)",791.57530890149,729.59907090711,851.16594533503
"BEN","Benin",2015,"Under 5","Number",38817.0754924683,37629.4631298109,40137.0241687853
"BEN","Benin",2015,"Under 5","Rate (per 100,000)",1903.42129587501,1845.18592822695,1968.14586330028
"BEN","Benin",2015,"0 to 6 days (early neonatal)","Number",9540.28950538034,9068.41924618015,10050.3998802294
"BEN","Benin",2015,"0 to 6 days (early neonatal)","Rate (per 100,000)",108414.45997254,103052.195095836,114211.279952108
"BEN","Benin",2015,"7 to 27 days (late neonatal)","Number",1808.04396259,1653.49611531861,1932.58707876391
"BEN","Benin",2015,"7 to 27 days (late neonatal)","Rate (per 100,000)",6973.2032881975,6377.14833650654,7453.53699976398
"BEN","Benin",2015,"Under 1","Number",21861.12493961,21105.5396025818,22693.3284563185
"BEN","Benin",2015,"Under 1","Rate (per 100,000)",4973.49082681728,4801.59222814186,5162.82035893554
"BEN","Benin",2015,"1 to 5 months","Number",4927.19384652888,4576.58322985157,5349.78339120445
"BEN","Benin",2015,"1 to 5 months","Rate (per 100,000)",2612.32385599535,2426.43539561812,2836.37445827232
"BEN","Benin",2015,"6-11 months","Number",5585.59762511073,5205.01737074283,6036.48791175472
"BEN","Benin",2015,"6-11 months","Rate (per 100,000)",2583.39871786949,2407.3762745842,2791.94030403375
"BFA","Burkina Faso",2015,"Under 5","Number",55253.1036656593,53600.5656460609,56955.0276272124
"BFA","Burkina Faso",2015,"Under 5","Rate (per 100,000)",1517.31860288008,1471.93786383099,1564.05554101079
"BEN","Benin",2015,"2 to 4","Number",11584.6089228697,10779.3098105567,12451.8690839734
"BEN","Benin",2015,"2 to 4","Rate (per 100,000)",983.37710343089,915.01806656272,1056.99579792678
"BEN","Benin",2015,"12 to 23 months","Number",5371.34162998856,4949.97841422179,5841.87808106053
"BEN","Benin",2015,"12 to 23 months","Rate (per 100,000)",1273.62816067924,1173.71642643417,1385.19962940978
"SSD","South Sudan",2015,"12 to 23 months","Number",5178.76581966006,4777.8697415714,5607.45535780229
"SSD","South Sudan",2015,"12 to 23 months","Rate (per 100,000)",1473.83418012108,1359.74245187175,1595.83569862492
"SSD","South Sudan",2015,"1 to 5 months","Number",10174.6601918149,9315.56625444047,11039.0640252487
"SSD","South Sudan",2015,"1 to 5 months","Rate (per 100,000)",6670.25821421808,6107.05725374115,7236.94021260089
"SSD","South Sudan",2015,"6-11 months","Number",5273.51694198403,4913.54320329542,5681.23880866068
"SSD","South Sudan",2015,"6-11 months","Rate (per 100,000)",2955.79331516111,2754.0289172925,3184.32042168719
"BFA","Burkina Faso",2015,"0 to 6 days (early neonatal)","Number",15265.4093024963,14331.5717015771,16128.7087789234
"BFA","Burkina Faso",2015,"0 to 6 days (early neonatal)","Rate (per 100,000)",95566.9928921094,89720.83118095,100971.560387983
"BFA","Burkina Faso",2015,"7 to 27 days (late neonatal)","Number",4029.1438085159,3736.34555871435,4344.76568173625
"BFA","Burkina Faso",2015,"7 to 27 days (late neonatal)","Rate (per 100,000)",8512.9964331535,7894.35620221264,9179.85966977245
"BFA","Burkina Faso",2015,"Under 1","Number",34795.3978547785,33411.860896373,36194.8449590943
"BFA","Burkina Faso",2015,"Under 1","Rate (per 100,000)",4328.02851168816,4155.93714983781,4502.09885838622
"BFA","Burkina Faso",2015,"2 to 4","Number",12164.513987463,11351.6089206557,13131.9322662684
"BFA","Burkina Faso",2015,"2 to 4","Rate (per 100,000)",585.9624503502,546.8049595257,632.56281479933
"TCD","Chad",2015,"2 to 4","Number",18783.5615781379,17393.7986342918,20184.7769257817
"TCD","Chad",2015,"2 to 4","Rate (per 100,000)",1092.00584307407,1011.21023629553,1173.46724966977
"TCD","Chad",2015,"12 to 23 months","Number",10516.2831117467,9663.25161696754,11358.279436648
"TCD","Chad",2015,"12 to 23 months","Rate (per 100,000)",1680.09675073725,1543.81519313501,1814.61531348108
"BFA","Burkina Faso",2015,"12 to 23 months","Number",8293.19182341789,7703.02787851181,9019.66679526685
"BFA","Burkina Faso",2015,"12 to 23 months","Rate (per 100,000)",1088.98430768497,1011.48950367604,1184.37819958018
"BFA","Burkina Faso",2015,"1 to 5 months","Number",8627.79264781068,7946.81098355464,9293.4028520442
"BFA","Burkina Faso",2015,"1 to 5 months","Rate (per 100,000)",2504.28892935224,2306.62830948082,2697.48785447347
"BFA","Burkina Faso",2015,"6-11 months","Number",6873.05209595555,6374.45848443208,7435.20964102169
"BFA","Burkina Faso",2015,"6-11 months","Rate (per 100,000)",1735.04343213961,1609.1777237319,1876.95531390299
"CMR","Cameroon",2015,"Under 5","Number",86832.2296518057,83546.700744564,89791.348505347
"CMR","Cameroon",2015,"Under 5","Rate (per 100,000)",1911.2148258203,1838.89891750652,1976.34630806982
"CMR","Cameroon",2015,"0 to 6 days (early neonatal)","Number",22655.585674722,21341.6559464232,24018.9121241116
"CMR","Cameroon",2015,"0 to 6 days (early neonatal)","Rate (per 100,000)",117350.319865528,110544.4894575,124412.013048569
"CMR","Cameroon",2015,"7 to 27 days (late neonatal)","Number",4934.42659692459,4573.67042543415,5379.77220754728
"CMR","Cameroon",2015,"7 to 27 days (late neonatal)","Rate (per 100,000)",8641.48848769296,8009.70883881909,9421.40665886184
"TCD","Chad",2015,"1 to 5 months","Number",13795.9399230334,12852.9610302384,14961.7381411711
"TCD","Chad",2015,"1 to 5 months","Rate (per 100,000)",4808.39218570824,4479.72937877378,5214.71571810107
"TCD","Chad",2015,"6-11 months","Number",13871.2552661712,12784.2318711092,15143.5572154839
"TCD","Chad",2015,"6-11 months","Rate (per 100,000)",4270.37192413557,3935.72346600562,4662.05980090751
"CIV","Cote d'Ivoire",2015,"Under 5","Number",77900.2697353517,75438.6214810911,80314.2829467411
"CIV","Cote d'Ivoire",2015,"Under 5","Rate (per 100,000)",1944.03266748613,1882.60124191597,2004.27534133858
"CIV","Cote d'Ivoire",2015,"0 to 6 days (early neonatal)","Number",23209.8890976878,22113.1031326327,24478.6729430518
"CIV","Cote d'Ivoire",2015,"0 to 6 days (early neonatal)","Rate (per 100,000)",133899.889129543,127572.434547507,141219.614592623
"CMR","Cameroon",2015,"Under 1","Number",52799.7993943879,50514.1286257352,54834.2873718257
"CMR","Cameroon",2015,"Under 1","Rate (per 100,000)",5446.46693294659,5210.69273675916,5656.33082678121
"CMR","Cameroon",2015,"2 to 4","Number",21164.9049326322,19288.3979000312,23060.8328987563
"CMR","Cameroon",2015,"2 to 4","Rate (per 100,000)",802.03021453136,730.92120918893,873.87516343364
"CIV","Cote d'Ivoire",2015,"7 to 27 days (late neonatal)","Number",4333.43143534707,3981.66353738175,4680.57366340695
"CIV","Cote d'Ivoire",2015,"7 to 27 days (late neonatal)","Rate (per 100,000)",8489.50680264777,7800.3679510738,9169.58363103876
"CIV","Cote d'Ivoire",2015,"Under 1","Number",52449.0175234203,50718.8778790145,54398.5715225336
"CIV","Cote d'Ivoire",2015,"Under 1","Rate (per 100,000)",6073.84971601836,5873.49118340803,6299.61749133635
"CIV","Cote d'Ivoire",2015,"2 to 4","Number",15045.2053958173,13807.2997326035,16243.987029992
"CIV","Cote d'Ivoire",2015,"2 to 4","Rate (per 100,000)",648.77584434823,595.39516454055,700.4694268843
"CMR","Cameroon",2015,"12 to 23 months","Number",12867.5253247858,11951.0028331289,13752.2949876295
"CMR","Cameroon",2015,"12 to 23 months","Rate (per 100,000)",1376.27647104815,1278.24764976236,1470.90909375793
"CMR","Cameroon",2015,"1 to 5 months","Number",12706.8388974087,11664.5775631558,13919.7099342387
"CMR","Cameroon",2015,"1 to 5 months","Rate (per 100,000)",3058.66229236977,2807.7796403103,3350.61239387108
"CMR","Cameroon",2015,"6-11 months","Number",12502.9482253325,11494.7499720458,13442.6484559356
"CMR","Cameroon",2015,"6-11 months","Rate (per 100,000)",2617.94257817257,2406.83995765859,2814.7026702787
"CIV","Cote d'Ivoire",2015,"12 to 23 months","Number",10406.0468161142,9677.74132303197,11217.9204656625
"CIV","Cote d'Ivoire",2015,"12 to 23 months","Rate (per 100,000)",1261.93258467121,1173.61158731685,1360.38782239073
"CIV","Cote d'Ivoire",2015,"1 to 5 months","Number",14287.7443456846,13309.9906120637,15331.2137479647
"CIV","Cote d'Ivoire",2015,"1 to 5 months","Rate (per 100,000)",3856.55837828247,3592.64237712363,4138.21240067266
"CIV","Cote d'Ivoire",2015,"6-11 months","Number",10617.9526447007,9771.71999984914,11468.0687206553
"CIV","Cote d'Ivoire",2015,"6-11 months","Rate (per 100,000)",2500.31643411836,2301.04549556639,2700.50184337222
"CPV","Cape Verde",2015,"Under 5","Number",297.674343911654,288.001843349665,307.003847664168
"CPV","Cape Verde",2015,"Under 5","Rate (per 100,000)",581.92778646903,563.01887827193,600.16616535051
"CPV","Cape Verde",2015,"0 to 6 days (early neonatal)","Number",111.225162738365,104.439649464454,118.768239056718
"CPV","Cape Verde",2015,"0 to 6 days (early neonatal)","Rate (per 100,000)",57689.6956594788,54170.2205152964,61602.0997093212
"CPV","Cape Verde",2015,"7 to 27 days (late neonatal)","Number",24.6408235248713,22.6333191538937,26.5895076048323
"CPV","Cape Verde",2015,"7 to 27 days (late neonatal)","Rate (per 100,000)",4283.33192192212,3934.36600578999,4622.07306492869
"CPV","Cape Verde",2015,"Under 1","Number",238.26310156563,229.100058013889,246.838994428838
"CPV","Cape Verde",2015,"Under 1","Rate (per 100,000)",2367.41411723419,2276.36888816312,2452.62533835419
"GMB","The Gambia",2015,"Under 5","Number",4466.05170786417,4321.79965569731,4608.13100479094
"GMB","The Gambia",2015,"Under 5","Rate (per 100,000)",1294.53484472862,1252.72178026616,1335.71811187763
"GMB","The Gambia",2015,"0 to 6 days (early neonatal)","Number",1748.31333259546,1659.76638332499,1840.8651570643
"GMB","The Gambia",2015,"0 to 6 days (early neonatal)","Rate (per 100,000)",122892.611943266,116668.461115965,129398.273850109
"GMB","The Gambia",2015,"7 to 27 days (late neonatal)","Number",330.414666032702,301.855517738617,355.078668950521
"GMB","The Gambia",2015,"7 to 27 days (late neonatal)","Rate (per 100,000)",7843.45953437943,7165.5158865668,8428.93932304773
"CPV","Cape Verde",2015,"2 to 4","Number",31.7604027287514,29.4559496356292,34.4400943724906
"CPV","Cape Verde",2015,"2 to 4","Rate (per 100,000)",102.63722774092,95.19013461187,111.29694543603
"CPV","Cape Verde",2015,"12 to 23 months","Number",27.6508396172725,25.6930608100053,29.8909884461874
"CPV","Cape Verde",2015,"12 to 23 months","Rate (per 100,000)",272.56882921391,253.26997663862,294.65115119811
"GMB","The Gambia",2015,"Under 1","Number",3175.80046230958,3073.61192326346,3288.15971811466
"GMB","The Gambia",2015,"Under 1","Rate (per 100,000)",4374.44697501802,4233.68928233014,4529.21413136334
"CPV","Cape Verde",2015,"1 to 5 months","Number",56.4020906173778,52.169724450944,61.1230702024832
"CPV","Cape Verde",2015,"1 to 5 months","Rate (per 100,000)",1324.62896992806,1225.2299091125,1435.50334100931
"CPV","Cape Verde",2015,"6-11 months","Number",45.9950246850158,42.7051482841195,49.5854698769944
"CPV","Cape Verde",2015,"6-11 months","Rate (per 100,000)",912.91645842119,847.61847601728,984.18017729652
"GMB","The Gambia",2015,"2 to 4","Number",823.485800946362,751.128084025889,891.017488089733
"GMB","The Gambia",2015,"2 to 4","Rate (per 100,000)",408.27607650817,372.40183953234,441.75761588042
"GMB","The Gambia",2015,"12 to 23 months","Number",466.765444608229,432.867622990371,502.738089680508
"GMB","The Gambia",2015,"12 to 23 months","Rate (per 100,000)",660.24680458582,612.29782150633,711.13065692714
"TCD","Chad",2015,"Under 5","Number",80419.5352387474,78155.1250507902,82828.1192689578
"TCD","Chad",2015,"Under 5","Rate (per 100,000)",2670.73041798195,2595.52942173381,2750.71942332314
"TCD","Chad",2015,"0 to 6 days (early neonatal)","Number",18625.4403595614,17746.0074181075,19488.0127821636
"TCD","Chad",2015,"0 to 6 days (early neonatal)","Rate (per 100,000)",137644.452417372,131145.327385835,144018.975998418
"TCD","Chad",2015,"7 to 27 days (late neonatal)","Number",4827.05500009685,4452.20718742545,5198.20703348967
"TCD","Chad",2015,"7 to 27 days (late neonatal)","Rate (per 100,000)",12115.276826122,11174.4578343995,13046.8198951448
"GMB","The Gambia",2015,"1 to 5 months","Number",643.383114591852,588.635814616638,694.20993472396
"GMB","The Gambia",2015,"1 to 5 months","Rate (per 100,000)",2080.98437497962,1903.90749304588,2245.38069829923
"GMB","The Gambia",2015,"6-11 months","Number",453.689349089564,421.556120117265,486.666081740329
"GMB","The Gambia",2015,"6-11 months","Rate (per 100,000)",1258.62581769462,1169.48175541591,1350.10992941282
"GHA","Ghana",2015,"Under 5","Number",45615.0682451127,44189.2061914341,46996.254944725
"GHA","Ghana",2015,"Under 5","Rate (per 100,000)",1121.99331733191,1086.92140453616,1155.96635094934
"GHA","Ghana",2015,"0 to 6 days (early neonatal)","Number",17571.3002620631,16577.657735669,18482.1705329825
"GHA","Ghana",2015,"0 to 6 days (early neonatal)","Rate (per 100,000)",101984.209051752,96217.0862080724,107270.919923629
"GHA","Ghana",2015,"7 to 27 days (late neonatal)","Number",2869.5342998833,2640.91553725976,3099.85950911493
"GHA","Ghana",2015,"7 to 27 days (late neonatal)","Rate (per 100,000)",5621.93338198638,5174.02814057003,6073.18185897617
"GHA","Ghana",2015,"Under 1","Number",32051.4959334875,30764.2112717637,33239.2229144802
"GHA","Ghana",2015,"Under 1","Rate (per 100,000)",3673.46208680319,3525.92477966537,3809.58896347703
"TCD","Chad",2015,"Under 1","Number",51119.6905488629,49361.151137683,53139.2405982123
"TCD","Chad",2015,"Under 1","Rate (per 100,000)",7685.85953192387,7421.46264785507,7989.49943721934
"GIN","Guinea",2015,"Under 1","Number",27190.9421438567,26108.5430462916,28144.6504336483
"GIN","Guinea",2015,"Under 1","Rate (per 100,000)",6185.36523087877,5939.14228984961,6402.31373030436
"GHA","Ghana",2015,"2 to 4","Number",8986.72205235036,8242.44191540922,9657.0860057008
"GHA","Ghana",2015,"2 to 4","Rate (per 100,000)",381.83222207274,350.20888523453,410.31497211376
"GHA","Ghana",2015,"12 to 23 months","Number",4576.8502592748,4268.79476170212,4978.71278629623
"GHA","Ghana",2015,"12 to 23 months","Rate (per 100,000)",545.22343704246,508.52591196044,593.09585055592
"GHA","Ghana",2015,"1 to 5 months","Number",7266.25220902883,6650.16282658954,7881.19804821595
"GHA","Ghana",2015,"1 to 5 months","Rate (per 100,000)",1949.46835079502,1784.17726017834,2114.45263931982
"MLI","Mali",2015,"12 to 23 months","Number",11512.8475953537,10733.0918970861,12403.8945284574
"MLI","Mali",2015,"12 to 23 months","Rate (per 100,000)",1482.91299088148,1382.47651371127,1597.68434189961
"MLI","Mali",2015,"1 to 5 months","Number",11324.9456170909,10503.9433470102,12168.8938124214
"MLI","Mali",2015,"1 to 5 months","Rate (per 100,000)",3195.40476166645,2963.75379822204,3433.53006249697
"MLI","Mali",2015,"6-11 months","Number",10053.2755149646,9241.8219792736,10839.4714391702
"MLI","Mali",2015,"6-11 months","Rate (per 100,000)",2494.63781403271,2293.28227857045,2689.72588048849
"GIN","Guinea",2015,"2 to 4","Number",11589.3475876711,10733.0535336274,12632.6936933961
"GIN","Guinea",2015,"2 to 4","Rate (per 100,000)",966.77088940067,895.33976198354,1053.80569743918
"GIN","Guinea",2015,"12 to 23 months","Number",7138.08964818967,6604.84142557558,7664.34128751181
"GIN","Guinea",2015,"12 to 23 months","Rate (per 100,000)",1683.89051589313,1558.09612706748,1808.03439585302
"GHA","Ghana",2015,"6-11 months","Number",4344.4091625123,4009.51301307097,4699.86487068389
"GHA","Ghana",2015,"6-11 months","Rate (per 100,000)",1006.78398001701,929.17432917281,1089.15815316828
"GIN","Guinea",2015,"Under 5","Number",45918.3793797175,44396.4286151009,47234.8785563736
"GIN","Guinea",2015,"Under 5","Rate (per 100,000)",2226.58896187106,2152.78934570901,2290.42620035056
"GIN","Guinea",2015,"0 to 6 days (early neonatal)","Number",11325.0379177184,10768.7360217362,11905.6350033937
"GIN","Guinea",2015,"0 to 6 days (early neonatal)","Rate (per 100,000)",127989.802576319,121702.762271738,134551.414723834
"GIN","Guinea",2015,"7 to 27 days (late neonatal)","Number",2728.56269095687,2521.97858899155,2930.74295478338
"GIN","Guinea",2015,"7 to 27 days (late neonatal)","Rate (per 100,000)",10477.0458048513,9683.81092481053,11253.370971199
"GIN","Guinea",2015,"1 to 5 months","Number",7119.3785008416,6507.35623960576,7644.43805624251
"GIN","Guinea",2015,"1 to 5 months","Rate (per 100,000)",3772.64499119435,3448.32697409807,4050.88041603204
"GIN","Guinea",2015,"6-11 months","Number",6017.96303433982,5601.47569057066,6497.22407324935
"GIN","Guinea",2015,"6-11 months","Rate (per 100,000)",2786.10600862178,2593.28696264745,3007.98707578434
"GNB","Guinea-Bissau",2015,"Under 5","Number",5858.71311364054,5681.77242233239,6043.94233038899
"GNB","Guinea-Bissau",2015,"Under 5","Rate (per 100,000)",1883.23729313512,1826.36109829827,1942.77776934426
"GNB","Guinea-Bissau",2015,"0 to 6 days (early neonatal)","Number",2089.32894272779,1988.33143683669,2196.46213066698
"GNB","Guinea-Bissau",2015,"0 to 6 days (early neonatal)","Rate (per 100,000)",158256.30372776,150606.243633737,166371.111302144
"GNB","Guinea-Bissau",2015,"7 to 27 days (late neonatal)","Number",371.133735615642,341.877328345382,400.740396076578
"GNB","Guinea-Bissau",2015,"7 to 27 days (late neonatal)","Rate (per 100,000)",9541.32989599853,8789.18853414095,10302.4757781103
"GNB","Guinea-Bissau",2015,"Under 1","Number",3953.85920384395,3821.06403772669,4105.1288948917
"GNB","Guinea-Bissau",2015,"Under 1","Rate (per 100,000)",5949.10277579134,5749.29492967687,6176.7079818721
"GNB","Guinea-Bissau",2015,"2 to 4","Number",1302.55215584832,1209.9774550974,1398.19386914623
"GNB","Guinea-Bissau",2015,"2 to 4","Rate (per 100,000)",721.78233603196,670.48398036501,774.78021326575
"GNB","Guinea-Bissau",2015,"12 to 23 months","Number",602.301753948276,562.055371356617,650.892707135711
"GNB","Guinea-Bissau",2015,"12 to 23 months","Rate (per 100,000)",938.55581037322,875.84060826682,1014.27420426247
"GNB","Guinea-Bissau",2015,"1 to 5 months","Number",910.27427280379,848.370579520255,972.923685556867
"GNB","Guinea-Bissau",2015,"1 to 5 months","Rate (per 100,000)",3206.70569176367,2988.63194023154,3427.4064568662
"GNB","Guinea-Bissau",2015,"6-11 months","Number",583.122252696728,535.76237387286,628.34389009245
"GNB","Guinea-Bissau",2015,"6-11 months","Rate (per 100,000)",1774.30186854946,1630.19705844685,1911.90052021989
"LBR","Liberia",2015,"Under 5","Number",16738.7379224384,16215.9894491102,17243.5928132495
"LBR","Liberia",2015,"Under 5","Rate (per 100,000)",2313.22506160535,2240.9833624389,2382.99394091451
"LBR","Liberia",2015,"0 to 6 days (early neonatal)","Number",4914.71788635222,4704.62016577485,5127.48322888094
"LBR","Liberia",2015,"0 to 6 days (early neonatal)","Rate (per 100,000)",154854.497946854,148234.671988963,161558.376187611
"LBR","Liberia",2015,"7 to 27 days (late neonatal)","Number",910.242581500488,838.987236485408,989.210862651256
"LBR","Liberia",2015,"7 to 27 days (late neonatal)","Rate (per 100,000)",9709.92573882384,8949.81615633193,10552.3123303548
"LBR","Liberia",2015,"Under 1","Number",11545.9810570173,11139.2867127756,11987.6134189059
"LBR","Liberia",2015,"Under 1","Rate (per 100,000)",7229.30721168609,6974.66290374383,7505.8273274691
"LBR","Liberia",2015,"2 to 4","Number",2735.66138109034,2540.10057151974,2951.74562307064
"LBR","Liberia",2015,"2 to 4","Rate (per 100,000)",660.13155595675,612.94155561594,712.27398405922
"LBR","Liberia",2015,"12 to 23 months","Number",2457.09548433076,2275.46742989932,2651.41398360146
"LBR","Liberia",2015,"12 to 23 months","Rate (per 100,000)",1643.67257403758,1522.1725942246,1773.66181943575
"LBR","Liberia",2015,"1 to 5 months","Number",3165.05911618481,2961.0253959304,3390.37187354425
"LBR","Liberia",2015,"1 to 5 months","Rate (per 100,000)",4633.83034593694,4335.11313093307,4963.70130696891
"LBR","Liberia",2015,"6-11 months","Number",2555.96147297978,2360.65299239308,2750.9534461419
"LBR","Liberia",2015,"6-11 months","Rate (per 100,000)",3241.16535853939,2993.49844798592,3488.43091214318
"MLI","Mali",2015,"Under 5","Number",87968.261234185,84809.7703754096,91033.896454153
"MLI","Mali",2015,"Under 5","Rate (per 100,000)",2367.84388581872,2282.82670844772,2450.36166563965
"MLI","Mali",2015,"0 to 6 days (early neonatal)","Number",25554.3816598649,24406.0265493227,26963.6852853289
"MLI","Mali",2015,"0 to 6 days (early neonatal)","Rate (per 100,000)",152492.474130805,145639.813232249,160902.311610303
"MLI","Mali",2015,"7 to 27 days (late neonatal)","Number",5290.58795552659,4862.93655863235,5683.9882944478
"MLI","Mali",2015,"7 to 27 days (late neonatal)","Rate (per 100,000)",10779.6771694717,9908.32902473894,11581.2381089324
"MLI","Mali",2015,"Under 1","Number",52223.190747447,50319.1429660604,54371.4258080729
"MLI","Mali",2015,"Under 1","Rate (per 100,000)",6343.57080156892,6112.28539487655,6604.51772975253
"MLI","Mali",2015,"2 to 4","Number",24232.2228913844,22150.0086275426,26160.9767197724
"MLI","Mali",2015,"2 to 4","Rate (per 100,000)",1145.45654887031,1047.0303345127,1236.62869241606
