"pfpr","af","lo","hi","method","outcome","method_grp"
0,0,0,0,"linear (LMM)","All under-5 (U5MR)","linear (LMM)"
0.5,0.00336199283276362,0.00156410918643579,0.0051566390297616,"linear (LMM)","All under-5 (U5MR)","linear (LMM)"
1,0.0067126826697198,0.00312577193532437,0.0102866871334399,"linear (LMM)","All under-5 (U5MR)","linear (LMM)"
1.5,0.0100521075114592,0.00468499207316142,0.0153902814308423,"linear (LMM)","All under-5 (U5MR)","linear (LMM)"
2,0.0133803052308152,0.00624177342045706,0.0204675583346987,"linear (LMM)","All under-5 (U5MR)","linear (LMM)"
2.5,0.0166973135732926,0.00779611979174621,0.0255186535543077,"linear (LMM)","All under-5 (U5MR)","linear (LMM)"
3,0.0200031701574965,0.00934803499559711,0.0305437020991642,"linear (LMM)","All under-5 (U5MR)","linear (LMM)"
3.5,0.0232979124755581,0.0108975228346212,0.0355428382825679,"linear (LMM)","All under-5 (U5MR)","linear (LMM)"
4,0.0265815778935606,0.0124445871054819,0.0405161957252131,"linear (LMM)","All under-5 (U5MR)","linear (LMM)"
4.5,0.0298542036519626,0.0139892315989045,0.0454639073587606,"linear (LMM)","All under-5 (U5MR)","linear (LMM)"
5,0.0331158268660204,0.0155314600996852,0.0503861054293906,"linear (LMM)","All under-5 (U5MR)","linear (LMM)"
5.5,0.0363664845262095,0.0170712763867003,0.0552829215013373,"linear (LMM)","All under-5 (U5MR)","linear (LMM)"
6,0.0396062134986432,0.0186086842329154,0.0601544864604059,"linear (LMM)","All under-5 (U5MR)","linear (LMM)"
6.5,0.0428350505254916,0.020143687405395,0.0650009305174706,"linear (LMM)","All under-5 (U5MR)","linear (LMM)"
7,0.0460530322253975,0.0216762896653112,0.069822383211955,"linear (LMM)","All under-5 (U5MR)","linear (LMM)"
7.5,0.0492601950938923,0.0232064947679537,0.0746189734152948,"linear (LMM)","All under-5 (U5MR)","linear (LMM)"
8,0.0524565755038098,0.0247343064627378,0.0793908293343824,"linear (LMM)","All under-5 (U5MR)","linear (LMM)"
8.5,0.0556422097056983,0.0262597284932151,0.0841380785149932,"linear (LMM)","All under-5 (U5MR)","linear (LMM)"
9,0.0588171338282323,0.0277827645970813,0.0888608478451952,"linear (LMM)","All under-5 (U5MR)","linear (LMM)"
9.5,0.0619813838786217,0.0293034185061861,0.0935592635587407,"linear (LMM)","All under-5 (U5MR)","linear (LMM)"
10,0.0651349957430207,0.0308216939465423,0.0982334512384395,"linear (LMM)","All under-5 (U5MR)","linear (LMM)"
10.5,0.0682780051869343,0.0323375946383349,0.102883535819517,"linear (LMM)","All under-5 (U5MR)","linear (LMM)"
11,0.071410447855624,0.0338511242959295,0.107509641592952,"linear (LMM)","All under-5 (U5MR)","linear (LMM)"
11.5,0.0745323592745126,0.0353622866278828,0.112111892208799,"linear (LMM)","All under-5 (U5MR)","linear (LMM)"
12,0.0776437748495864,0.0368710853369505,0.116690410679497,"linear (LMM)","All under-5 (U5MR)","linear (LMM)"
12.5,0.0807447298677971,0.0383775241200969,0.121245319383149,"linear (LMM)","All under-5 (U5MR)","linear (LMM)"
13,0.0838352594974617,0.0398816066685037,0.125776740066804,"linear (LMM)","All under-5 (U5MR)","linear (LMM)"
13.5,0.0869153987886621,0.0413833366675793,0.130284793849701,"linear (LMM)","All under-5 (U5MR)","linear (LMM)"
14,0.0899851826736415,0.042882717796968,0.134769601226513,"linear (LMM)","All under-5 (U5MR)","linear (LMM)"
14.5,0.0930446459672014,0.0443797537305581,0.139231282070564,"linear (LMM)","All under-5 (U5MR)","linear (LMM)"
15,0.0960938233670964,0.0458744481364922,0.143669955637037,"linear (LMM)","All under-5 (U5MR)","linear (LMM)"
15.5,0.099132749454427,0.0473668046771749,0.148085740566157,"linear (LMM)","All under-5 (U5MR)","linear (LMM)"
16,0.102161458694033,0.048856827009283,0.152478754886364,"linear (LMM)","All under-5 (U5MR)","linear (LMM)"
16.5,0.105179985434882,0.0503445187837734,0.156849116017469,"linear (LMM)","All under-5 (U5MR)","linear (LMM)"
17,0.108188363910464,0.0518298836458928,0.161196940773791,"linear (LMM)","All under-5 (U5MR)","linear (LMM)"
17.5,0.111186628239172,0.053312925235186,0.16552234536728,"linear (LMM)","All under-5 (U5MR)","linear (LMM)"
18,0.114174812424696,0.0547936471855057,0.169825445410624,"linear (LMM)","All under-5 (U5MR)","linear (LMM)"
18.5,0.117152950356406,0.0562720531250203,0.174106355920334,"linear (LMM)","All under-5 (U5MR)","linear (LMM)"
19,0.120121075809734,0.0577481466762235,0.178365191319827,"linear (LMM)","All under-5 (U5MR)","linear (LMM)"
19.5,0.123079222446562,0.0592219314559433,0.182602065442478,"linear (LMM)","All under-5 (U5MR)","linear (LMM)"
20,0.126027423815598,0.0606934110753504,0.186817091534664,"linear (LMM)","All under-5 (U5MR)","linear (LMM)"
20.5,0.128965713352762,0.0621625891399671,0.191010382258792,"linear (LMM)","All under-5 (U5MR)","linear (LMM)"
21,0.131894124381561,0.0636294692496764,0.195182049696308,"linear (LMM)","All under-5 (U5MR)","linear (LMM)"
21.5,0.134812690113471,0.0650940549987307,0.199332205350697,"linear (LMM)","All under-5 (U5MR)","linear (LMM)"
22,0.137721443648307,0.0665563499757605,0.203460960150458,"linear (LMM)","All under-5 (U5MR)","linear (LMM)"
22.5,0.140620417974607,0.0680163577637836,0.207568424452075,"linear (LMM)","All under-5 (U5MR)","linear (LMM)"
23,0.14350964597,0.069474081940213,0.211654708042961,"linear (LMM)","All under-5 (U5MR)","linear (LMM)"
23.5,0.14638916040158,0.0709295260768669,0.215719920144396,"linear (LMM)","All under-5 (U5MR)","linear (LMM)"
24,0.14925899392628,0.0723826937399763,0.219764169414444,"linear (LMM)","All under-5 (U5MR)","linear (LMM)"
24.5,0.152119179091238,0.0738335884901943,0.22378756395086,"linear (LMM)","All under-5 (U5MR)","linear (LMM)"
25,0.154969748334171,0.075282213882605,0.227790211293977,"linear (LMM)","All under-5 (U5MR)","linear (LMM)"
25.5,0.15781073398374,0.0767285734667318,0.231772218429583,"linear (LMM)","All under-5 (U5MR)","linear (LMM)"
26,0.160642168259917,0.0781726707865461,0.235733691791776,"linear (LMM)","All under-5 (U5MR)","linear (LMM)"
26.5,0.163464083274351,0.0796145093804764,0.239674737265814,"linear (LMM)","All under-5 (U5MR)","linear (LMM)"
27,0.166276511030732,0.0810540927814165,0.243595460190943,"linear (LMM)","All under-5 (U5MR)","linear (LMM)"
27.5,0.169079483425153,0.0824914245167346,0.247495965363211,"linear (LMM)","All under-5 (U5MR)","linear (LMM)"
28,0.171873032246474,0.0839265081082816,0.251376357038272,"linear (LMM)","All under-5 (U5MR)","linear (LMM)"
28.5,0.17465718917668,0.0853593470723997,0.255236738934171,"linear (LMM)","All under-5 (U5MR)","linear (LMM)"
29,0.177431985791241,0.0867899449199313,0.259077214234116,"linear (LMM)","All under-5 (U5MR)","linear (LMM)"
29.5,0.180197453559471,0.0882183051562275,0.262897885589236,"linear (LMM)","All under-5 (U5MR)","linear (LMM)"
30,0.182953623844886,0.0896444312811566,0.266698855121326,"linear (LMM)","All under-5 (U5MR)","linear (LMM)"
30.5,0.185700527905555,0.0910683267891127,0.270480224425576,"linear (LMM)","All under-5 (U5MR)","linear (LMM)"
31,0.18843819689446,0.0924899951690242,0.274242094573286,"linear (LMM)","All under-5 (U5MR)","linear (LMM)"
31.5,0.191166661859845,0.0939094399043627,0.277984566114568,"linear (LMM)","All under-5 (U5MR)","linear (LMM)"
32,0.193885953745573,0.095326664473151,0.281707739081032,"linear (LMM)","All under-5 (U5MR)","linear (LMM)"
32.5,0.19659610339147,0.096741672347972,0.285411712988462,"linear (LMM)","All under-5 (U5MR)","linear (LMM)"
33,0.199297141533683,0.0981544669959772,0.289096586839476,"linear (LMM)","All under-5 (U5MR)","linear (LMM)"
33.5,0.20198909880502,0.0995650518788948,0.292762459126171,"linear (LMM)","All under-5 (U5MR)","linear (LMM)"
34,0.204672005735305,0.100973430453039,0.296409427832753,"linear (LMM)","All under-5 (U5MR)","linear (LMM)"
34.5,0.207345892751719,0.102379606169317,0.300037590438163,"linear (LMM)","All under-5 (U5MR)","linear (LMM)"
35,0.210010790179148,0.10378358247324,0.303647043918676,"linear (LMM)","All under-5 (U5MR)","linear (LMM)"
35.5,0.212666728240526,0.105185362804928,0.307237884750495,"linear (LMM)","All under-5 (U5MR)","linear (LMM)"
36,0.215313737057178,0.106584950599122,0.31081020891233,"linear (LMM)","All under-5 (U5MR)","linear (LMM)"
36.5,0.21795184664916,0.10798234928519,0.314364111887966,"linear (LMM)","All under-5 (U5MR)","linear (LMM)"
37,0.220581086935602,0.109377562287135,0.31789968866881,"linear (LMM)","All under-5 (U5MR)","linear (LMM)"
37.5,0.223201487735045,0.110770593023608,0.321417033756433,"linear (LMM)","All under-5 (U5MR)","linear (LMM)"
38,0.225813078765781,0.112161444907908,0.324916241165096,"linear (LMM)","All under-5 (U5MR)","linear (LMM)"
38.5,0.22841588964619,0.113550121348,0.328397404424262,"linear (LMM)","All under-5 (U5MR)","linear (LMM)"
39,0.231009949895074,0.114936625746514,0.331860616581097,"linear (LMM)","All under-5 (U5MR)","linear (LMM)"
39.5,0.233595288931993,0.116320961500762,0.335305970202956,"linear (LMM)","All under-5 (U5MR)","linear (LMM)"
40,0.2361719360776,0.117703132002739,0.338733557379857,"linear (LMM)","All under-5 (U5MR)","linear (LMM)"
40.5,0.238739920553971,0.119083140639137,0.342143469726944,"linear (LMM)","All under-5 (U5MR)","linear (LMM)"
41,0.241299271484937,0.12046099079135,0.345535798386933,"linear (LMM)","All under-5 (U5MR)","linear (LMM)"
41.5,0.243850017896417,0.121836685835482,0.348910634032553,"linear (LMM)","All under-5 (U5MR)","linear (LMM)"
42,0.246392188716744,0.123210229142357,0.352268066868964,"linear (LMM)","All under-5 (U5MR)","linear (LMM)"
42.5,0.248925812776993,0.124581624077528,0.35560818663617,"linear (LMM)","All under-5 (U5MR)","linear (LMM)"
43,0.251450918811311,0.125950874001283,0.358931082611421,"linear (LMM)","All under-5 (U5MR)","linear (LMM)"
43.5,0.253967535457239,0.127317982268654,0.362236843611594,"linear (LMM)","All under-5 (U5MR)","linear (LMM)"
44,0.256475691256041,0.128682952229425,0.36552555799557,"linear (LMM)","All under-5 (U5MR)","linear (LMM)"
44.5,0.258975414653023,0.130045787228141,0.368797313666597,"linear (LMM)","All under-5 (U5MR)","linear (LMM)"
45,0.261466733997862,0.131406490604116,0.372052198074634,"linear (LMM)","All under-5 (U5MR)","linear (LMM)"
45.5,0.263949677544918,0.132765065691441,0.375290298218695,"linear (LMM)","All under-5 (U5MR)","linear (LMM)"
46,0.266424273453566,0.134121515818991,0.378511700649171,"linear (LMM)","All under-5 (U5MR)","linear (LMM)"
46.5,0.268890549788504,0.135475844310435,0.381716491470144,"linear (LMM)","All under-5 (U5MR)","linear (LMM)"
47,0.271348534520081,0.136828054484245,0.384904756341687,"linear (LMM)","All under-5 (U5MR)","linear (LMM)"
47.5,0.273798255524607,0.1381781496537,0.388076580482156,"linear (LMM)","All under-5 (U5MR)","linear (LMM)"
48,0.276239740584674,0.139526133126897,0.391232048670467,"linear (LMM)","All under-5 (U5MR)","linear (LMM)"
48.5,0.278673017389468,0.140872008206761,0.394371245248361,"linear (LMM)","All under-5 (U5MR)","linear (LMM)"
49,0.281098113535083,0.142215778191049,0.397494254122659,"linear (LMM)","All under-5 (U5MR)","linear (LMM)"
49.5,0.283515056524839,0.14355744637236,0.400601158767506,"linear (LMM)","All under-5 (U5MR)","linear (LMM)"
50,0.285923873769585,0.144897016038144,0.403692042226599,"linear (LMM)","All under-5 (U5MR)","linear (LMM)"
50.5,0.288324592588019,0.146234490470707,0.406766987115411,"linear (LMM)","All under-5 (U5MR)","linear (LMM)"
51,0.290717240206993,0.147569872947224,0.409826075623395,"linear (LMM)","All under-5 (U5MR)","linear (LMM)"
51.5,0.29310184376182,0.148903166739742,0.412869389516183,"linear (LMM)","All under-5 (U5MR)","linear (LMM)"
52,0.295478430296586,0.15023437511519,0.415897010137771,"linear (LMM)","All under-5 (U5MR)","linear (LMM)"
52.5,0.297847026764457,0.15156350133539,0.418909018412696,"linear (LMM)","All under-5 (U5MR)","linear (LMM)"
53,0.300207660027978,0.152890548657059,0.421905494848191,"linear (LMM)","All under-5 (U5MR)","linear (LMM)"
53.5,0.302560356859387,0.154215520331821,0.424886519536348,"linear (LMM)","All under-5 (U5MR)","linear (LMM)"
54,0.304905143940911,0.155538419606215,0.427852172156249,"linear (LMM)","All under-5 (U5MR)","linear (LMM)"
54.5,0.307242047865072,0.1568592497217,0.430802531976101,"linear (LMM)","All under-5 (U5MR)","linear (LMM)"
55,0.30957109513499,0.158178013914669,0.433737677855355,"linear (LMM)","All under-5 (U5MR)","linear (LMM)"
55.5,0.311892312164679,0.159494715416449,0.436657688246809,"linear (LMM)","All under-5 (U5MR)","linear (LMM)"
56,0.314205725279351,0.160809357453314,0.439562641198712,"linear (LMM)","All under-5 (U5MR)","linear (LMM)"
56.5,0.316511360715712,0.162121943246492,0.442452614356843,"linear (LMM)","All under-5 (U5MR)","linear (LMM)"
57,0.318809244622261,0.163432476012173,0.445327684966592,"linear (LMM)","All under-5 (U5MR)","linear (LMM)"
57.5,0.321099403059586,0.164740958961516,0.448187929875022,"linear (LMM)","All under-5 (U5MR)","linear (LMM)"
58,0.323381862000659,0.166047395300658,0.451033425532922,"linear (LMM)","All under-5 (U5MR)","linear (LMM)"
58.5,0.325656647331131,0.16735178823072,0.453864247996853,"linear (LMM)","All under-5 (U5MR)","linear (LMM)"
59,0.327923784849625,0.168654140947818,0.456680472931181,"linear (LMM)","All under-5 (U5MR)","linear (LMM)"
59.5,0.330183300268032,0.169954456643067,0.459482175610095,"linear (LMM)","All under-5 (U5MR)","linear (LMM)"
60,0.332435219211796,0.171252738502591,0.462269430919626,"linear (LMM)","All under-5 (U5MR)","linear (LMM)"
60.5,0.334679567220211,0.172548989707533,0.465042313359642,"linear (LMM)","All under-5 (U5MR)","linear (LMM)"
61,0.336916369746708,0.173843213434057,0.467800897045843,"linear (LMM)","All under-5 (U5MR)","linear (LMM)"
61.5,0.339145652159143,0.175135412853361,0.47054525571174,"linear (LMM)","All under-5 (U5MR)","linear (LMM)"
62,0.341367439740084,0.176425591131682,0.473275462710629,"linear (LMM)","All under-5 (U5MR)","linear (LMM)"
62.5,0.343581757687103,0.177713751430307,0.475991591017549,"linear (LMM)","All under-5 (U5MR)","linear (LMM)"
63,0.345788631113054,0.178999896905574,0.478693713231231,"linear (LMM)","All under-5 (U5MR)","linear (LMM)"
63.5,0.347988085046365,0.180284030708889,0.481381901576043,"linear (LMM)","All under-5 (U5MR)","linear (LMM)"
64,0.350180144431315,0.181566155986725,0.484056227903917,"linear (LMM)","All under-5 (U5MR)","linear (LMM)"
64.5,0.352364834128325,0.182846275880636,0.48671676369627,"linear (LMM)","All under-5 (U5MR)","linear (LMM)"
65,0.354542178914231,0.184124393527262,0.489363580065916,"linear (LMM)","All under-5 (U5MR)","linear (LMM)"
65.5,0.356712203482573,0.185400512058335,0.491996747758966,"linear (LMM)","All under-5 (U5MR)","linear (LMM)"
66,0.358874932443868,0.18667463460069,0.494616337156718,"linear (LMM)","All under-5 (U5MR)","linear (LMM)"
66.5,0.361030390325897,0.187946764276272,0.497222418277539,"linear (LMM)","All under-5 (U5MR)","linear (LMM)"
67,0.363178601573975,0.189216904202143,0.499815060778739,"linear (LMM)","All under-5 (U5MR)","linear (LMM)"
67.5,0.365319590551234,0.190485057490487,0.502394333958426,"linear (LMM)","All under-5 (U5MR)","linear (LMM)"
68,0.367453381538897,0.191751227248623,0.504960306757366,"linear (LMM)","All under-5 (U5MR)","linear (LMM)"
68.5,0.369579998736552,0.193015416579009,0.507513047760823,"linear (LMM)","All under-5 (U5MR)","linear (LMM)"
69,0.37169946626243,0.194277628579249,0.510052625200388,"linear (LMM)","All under-5 (U5MR)","linear (LMM)"
69.5,0.373811808153678,0.195537866342105,0.512579106955809,"linear (LMM)","All under-5 (U5MR)","linear (LMM)"
70,0.375917048366626,0.196796132955499,0.515092560556801,"linear (LMM)","All under-5 (U5MR)","linear (LMM)"
70.5,0.378015210777068,0.198052431502524,0.517593053184856,"linear (LMM)","All under-5 (U5MR)","linear (LMM)"
71,0.380106319180523,0.199306765061451,0.520080651675031,"linear (LMM)","All under-5 (U5MR)","linear (LMM)"
71.5,0.382190397292514,0.200559136705736,0.522555422517741,"linear (LMM)","All under-5 (U5MR)","linear (LMM)"
72,0.384267468748829,0.201809549504026,0.525017431860534,"linear (LMM)","All under-5 (U5MR)","linear (LMM)"
72.5,0.386337557105795,0.203058006520172,0.527466745509859,"linear (LMM)","All under-5 (U5MR)","linear (LMM)"
73,0.388400685840541,0.20430451081323,0.529903428932823,"linear (LMM)","All under-5 (U5MR)","linear (LMM)"
73.5,0.390456878351268,0.205549065437473,0.532327547258945,"linear (LMM)","All under-5 (U5MR)","linear (LMM)"
74,0.392506157957512,0.206791673442395,0.534739165281894,"linear (LMM)","All under-5 (U5MR)","linear (LMM)"
74.5,0.394548547900407,0.208032337872721,0.537138347461221,"linear (LMM)","All under-5 (U5MR)","linear (LMM)"
75,0.396584071342952,0.209271061768414,0.539525157924082,"linear (LMM)","All under-5 (U5MR)","linear (LMM)"
75.5,0.398612751370272,0.210507848164683,0.541899660466954,"linear (LMM)","All under-5 (U5MR)","linear (LMM)"
76,0.400634610989881,0.211742700091987,0.544261918557337,"linear (LMM)","All under-5 (U5MR)","linear (LMM)"
76.5,0.40264967313194,0.212975620576048,0.546611995335453,"linear (LMM)","All under-5 (U5MR)","linear (LMM)"
77,0.404657960649519,0.214206612637854,0.548949953615932,"linear (LMM)","All under-5 (U5MR)","linear (LMM)"
77.5,0.406659496318858,0.215435679293668,0.551275855889492,"linear (LMM)","All under-5 (U5MR)","linear (LMM)"
78,0.408654302839623,0.216662823555034,0.553589764324609,"linear (LMM)","All under-5 (U5MR)","linear (LMM)"
78.5,0.410642402835162,0.217888048428789,0.555891740769177,"linear (LMM)","All under-5 (U5MR)","linear (LMM)"
79,0.412623818852764,0.219111356917062,0.558181846752167,"linear (LMM)","All under-5 (U5MR)","linear (LMM)"
79.5,0.414598573363918,0.220332752017292,0.560460143485262,"linear (LMM)","All under-5 (U5MR)","linear (LMM)"
80,0.416566688764558,0.221552236722224,0.562726691864501,"linear (LMM)","All under-5 (U5MR)","linear (LMM)"
0,0,0,0,"spline (GAM, edf=1.0)","All under-5 (U5MR)","spline (GAM)"
0.5,0.0033400316001363,0.0017332980108058,0.00494417911420064,"spline (GAM, edf=1.0)","All under-5 (U5MR)","spline (GAM)"
1,0.00666890397653175,0.00346360625864772,0.009863892052415,"spline (GAM, edf=1.0)","All under-5 (U5MR)","spline (GAM)"
1.5,0.0099866466469557,0.00519096233760996,0.0147592123605468,"spline (GAM, edf=1.0)","All under-5 (U5MR)","spline (GAM)"
2,0.0132932869550744,0.00691541081067293,0.0196302025362406,"spline (GAM, edf=1.0)","All under-5 (U5MR)","spline (GAM)"
2.5,0.0165888517501528,0.00863699493185144,0.0244769256488419,"spline (GAM, edf=1.0)","All under-5 (U5MR)","spline (GAM)"
3,0.0198733680062825,0.0103557529790921,0.0292994501456917,"spline (GAM, edf=1.0)","All under-5 (U5MR)","spline (GAM)"
3.5,0.023146863137363,0.0120717165605468,0.0340978520463058,"spline (GAM, edf=1.0)","All under-5 (U5MR)","spline (GAM)"
4,0.0264093651022573,0.0137849102826654,0.0388722153579427,"spline (GAM, edf=1.0)","All under-5 (U5MR)","spline (GAM)"
4.5,0.0296609023417564,0.0154953522596051,0.0436226313352106,"spline (GAM, edf=1.0)","All under-5 (U5MR)","spline (GAM)"
5,0.0329015037143268,0.0172030546796338,0.0483491976940023,"spline (GAM, edf=1.0)","All under-5 (U5MR)","spline (GAM)"
5.5,0.036131199003274,0.0189080226756881,0.0530520205979019,"spline (GAM, edf=1.0)","All under-5 (U5MR)","spline (GAM)"
6,0.039350019261893,0.0206102547091822,0.0577312148412409,"spline (GAM, edf=1.0)","All under-5 (U5MR)","spline (GAM)"
6.5,0.0425579965187861,0.0223097451974231,0.0623869006291494,"spline (GAM, edf=1.0)","All under-5 (U5MR)","spline (GAM)"
7,0.0457551637262146,0.0240064861519456,0.0670192018336038,"spline (GAM, edf=1.0)","All under-5 (U5MR)","spline (GAM)"
7.5,0.0489415549934366,0.0257004681386681,0.0716282454839177,"spline (GAM, edf=1.0)","All under-5 (U5MR)","spline (GAM)"
8,0.0521172056692774,0.0273916816868222,0.0762141605507944,"spline (GAM, edf=1.0)","All under-5 (U5MR)","spline (GAM)"
8.5,0.0552821521359376,0.0290801189454108,0.0807770759586225,"spline (GAM, edf=1.0)","All under-5 (U5MR)","spline (GAM)"
9,0.0584364313827349,0.0307657750121129,0.0853171185134752,"spline (GAM, edf=1.0)","All under-5 (U5MR)","spline (GAM)"
9.5,0.0615800809328031,0.0324486480411298,0.0898344126963513,"spline (GAM, edf=1.0)","All under-5 (U5MR)","spline (GAM)"
10,0.0647131386927214,0.0341287391285724,0.0943290805186667,"spline (GAM, edf=1.0)","All under-5 (U5MR)","spline (GAM)"
10.5,0.067835642902133,0.0358060517074563,0.0988012420297417,"spline (GAM, edf=1.0)","All under-5 (U5MR)","spline (GAM)"
11,0.0709476321805864,0.0374805906022524,0.1032510163188,"spline (GAM, edf=1.0)","All under-5 (U5MR)","spline (GAM)"
11.5,0.0740491453074595,0.0391523616261749,0.107678521480349,"spline (GAM, edf=1.0)","All under-5 (U5MR)","spline (GAM)"
12,0.0771402211170583,0.0408213707773382,0.112083875169234,"spline (GAM, edf=1.0)","All under-5 (U5MR)","spline (GAM)"
12.5,0.080220898358061,0.0424876236729805,0.116467194855015,"spline (GAM, edf=1.0)","All under-5 (U5MR)","spline (GAM)"
13,0.0832912155772779,0.0441511241828397,0.120828598852134,"spline (GAM, edf=1.0)","All under-5 (U5MR)","spline (GAM)"
13.5,0.0863512110207352,0.0458118745392366,0.125168206007398,"spline (GAM, edf=1.0)","All under-5 (U5MR)","spline (GAM)"
14,0.0894009225818327,0.0474698760571826,0.129486134923964,"spline (GAM, edf=1.0)","All under-5 (U5MR)","spline (GAM)"
14.5,0.0924403877937248,0.0491251296587996,0.133782503461837,"spline (GAM, edf=1.0)","All under-5 (U5MR)","spline (GAM)"
15,0.0954696437758005,0.0507776360257055,0.138057428498141,"spline (GAM, edf=1.0)","All under-5 (U5MR)","spline (GAM)"
15.5,0.0984887273263492,0.0524273962472289,0.142311025520414,"spline (GAM, edf=1.0)","All under-5 (U5MR)","spline (GAM)"
16,0.101497674719958,0.054074411267838,0.146543408751964,"spline (GAM, edf=1.0)","All under-5 (U5MR)","spline (GAM)"
16.5,0.104496521678184,0.0557186819276119,0.150754691066549,"spline (GAM, edf=1.0)","All under-5 (U5MR)","spline (GAM)"
17,0.1074853034981,0.0573602094488097,0.154944983803312,"spline (GAM, edf=1.0)","All under-5 (U5MR)","spline (GAM)"
17.5,0.110464055038227,0.0589989953122222,0.159114396863394,"spline (GAM, edf=1.0)","All under-5 (U5MR)","spline (GAM)"
18,0.113432810667661,0.0606350409437857,0.163263038904129,"spline (GAM, edf=1.0)","All under-5 (U5MR)","spline (GAM)"
18.5,0.116391604326055,0.0622683476958527,0.167391017476024,"spline (GAM, edf=1.0)","All under-5 (U5MR)","spline (GAM)"
19,0.119340469527635,0.0638989166322962,0.171498439226608,"spline (GAM, edf=1.0)","All under-5 (U5MR)","spline (GAM)"
19.5,0.122279439523152,0.0655267489280277,0.175585409855187,"spline (GAM, edf=1.0)","All under-5 (U5MR)","spline (GAM)"
20,0.125208547328654,0.0671518457225485,0.179652034301783,"spline (GAM, edf=1.0)","All under-5 (U5MR)","spline (GAM)"
20.5,0.128127825630512,0.0687742074438447,0.183698417165632,"spline (GAM, edf=1.0)","All under-5 (U5MR)","spline (GAM)"
21,0.131037306735535,0.0703938333567525,0.18772466300214,"spline (GAM, edf=1.0)","All under-5 (U5MR)","spline (GAM)"
21.5,0.133937022616401,0.0720107217335733,0.191730876249198,"spline (GAM, edf=1.0)","All under-5 (U5MR)","spline (GAM)"
22,0.13682700495344,0.0736248700961353,0.195717161086818,"spline (GAM, edf=1.0)","All under-5 (U5MR)","spline (GAM)"
22.5,0.139707285206101,0.0752362757124682,0.199683621135056,"spline (GAM, edf=1.0)","All under-5 (U5MR)","spline (GAM)"
23,0.142577894618914,0.0768449357102716,0.203630359367879,"spline (GAM, edf=1.0)","All under-5 (U5MR)","spline (GAM)"
23.5,0.145438864206458,0.0784508470886465,0.207557478077358,"spline (GAM, edf=1.0)","All under-5 (U5MR)","spline (GAM)"
24,0.148290224813814,0.0800540071438796,0.2114650786232,"spline (GAM, edf=1.0)","All under-5 (U5MR)","spline (GAM)"
24.5,0.151132007117427,0.0816544134880014,0.215353261425977,"spline (GAM, edf=1.0)","All under-5 (U5MR)","spline (GAM)"
25,0.153964241548808,0.0832520635965351,0.219222126219145,"spline (GAM, edf=1.0)","All under-5 (U5MR)","spline (GAM)"
25.5,0.156786958326273,0.0848469549743589,0.223071771969314,"spline (GAM, edf=1.0)","All under-5 (U5MR)","spline (GAM)"
26,0.159600187469913,0.0864390851753114,0.226902296891567,"spline (GAM, edf=1.0)","All under-5 (U5MR)","spline (GAM)"
26.5,0.162403958842387,0.0880284519611774,0.230713798394683,"spline (GAM, edf=1.0)","All under-5 (U5MR)","spline (GAM)"
27,0.165198302161108,0.0896150532220962,0.234506373176325,"spline (GAM, edf=1.0)","All under-5 (U5MR)","spline (GAM)"
27.5,0.167983247020044,0.0911988869796005,0.23828011726503,"spline (GAM, edf=1.0)","All under-5 (U5MR)","spline (GAM)"
28,0.170758822912222,0.0927799512457128,0.24203512618341,"spline (GAM, edf=1.0)","All under-5 (U5MR)","spline (GAM)"
28.5,0.173525059242338,0.0943582438340008,0.245771495130598,"spline (GAM, edf=1.0)","All under-5 (U5MR)","spline (GAM)"
29,0.176281985361544,0.0959337625383685,0.249489318896598,"spline (GAM, edf=1.0)","All under-5 (U5MR)","spline (GAM)"
29.5,0.179029630626303,0.0975065050125841,0.253188692070315,"spline (GAM, edf=1.0)","All under-5 (U5MR)","spline (GAM)"
30,0.181768024446767,0.0990764687974182,0.256869709103867,"spline (GAM, edf=1.0)","All under-5 (U5MR)","spline (GAM)"
30.5,0.184497196245513,0.100643651616192,0.26053246399322,"spline (GAM, edf=1.0)","All under-5 (U5MR)","spline (GAM)"
31,0.187217175442437,0.10220805153496,0.264177050122549,"spline (GAM, edf=1.0)","All under-5 (U5MR)","spline (GAM)"
31.5,0.189927991581179,0.103769666941423,0.267803560515271,"spline (GAM, edf=1.0)","All under-5 (U5MR)","spline (GAM)"
32,0.192629674353296,0.105328496620253,0.271412087819471,"spline (GAM, edf=1.0)","All under-5 (U5MR)","spline (GAM)"
32.5,0.19532225364561,0.106884539808102,0.275002724352286,"spline (GAM, edf=1.0)","All under-5 (U5MR)","spline (GAM)"
33,0.198005759406599,0.108437796223461,0.278575561839098,"spline (GAM, edf=1.0)","All under-5 (U5MR)","spline (GAM)"
33.5,0.200680221803607,0.109988266105543,0.282130691670525,"spline (GAM, edf=1.0)","All under-5 (U5MR)","spline (GAM)"
34,0.203345671444747,0.111535950259864,0.2856682052679,"spline (GAM, edf=1.0)","All under-5 (U5MR)","spline (GAM)"
34.5,0.206002139257289,0.113080850028671,0.28918819389075,"spline (GAM, edf=1.0)","All under-5 (U5MR)","spline (GAM)"
35,0.208649656518506,0.114622967301319,0.292690748686494,"spline (GAM, edf=1.0)","All under-5 (U5MR)","spline (GAM)"
35.5,0.21128825478152,0.116162304484022,0.296175960584684,"spline (GAM, edf=1.0)","All under-5 (U5MR)","spline (GAM)"
36,0.213917965898796,0.117698864505406,0.29964392033759,"spline (GAM, edf=1.0)","All under-5 (U5MR)","spline (GAM)"
36.5,0.216538821823601,0.119232650737536,0.303094718232296,"spline (GAM, edf=1.0)","All under-5 (U5MR)","spline (GAM)"
37,0.219150854602333,0.120763666978026,0.306528444095782,"spline (GAM, edf=1.0)","All under-5 (U5MR)","spline (GAM)"
37.5,0.221754096252632,0.122291917384527,0.309945187134728,"spline (GAM, edf=1.0)","All under-5 (U5MR)","spline (GAM)"
38,0.22434857873359,0.12381740641583,0.313345035934218,"spline (GAM, edf=1.0)","All under-5 (U5MR)","spline (GAM)"
38.5,0.226934334075487,0.125340138800939,0.316728078716193,"spline (GAM, edf=1.0)","All under-5 (U5MR)","spline (GAM)"
39,0.229511394373421,0.126860119478667,0.320094403377919,"spline (GAM, edf=1.0)","All under-5 (U5MR)","spline (GAM)"
39.5,0.232079791837231,0.12837735351254,0.323444097648013,"spline (GAM, edf=1.0)","All under-5 (U5MR)","spline (GAM)"
40,0.234639558872972,0.129891846047885,0.326777249263203,"spline (GAM, edf=1.0)","All under-5 (U5MR)","spline (GAM)"
40.5,0.237190727971844,0.131403602258353,0.330093945813027,"spline (GAM, edf=1.0)","All under-5 (U5MR)","spline (GAM)"
41,0.239733331647896,0.132912627355792,0.333394274622447,"spline (GAM, edf=1.0)","All under-5 (U5MR)","spline (GAM)"
41.5,0.242267402317514,0.134418926679074,0.336678322473243,"spline (GAM, edf=1.0)","All under-5 (U5MR)","spline (GAM)"
42,0.244792972224749,0.13592250561837,0.339946175534539,"spline (GAM, edf=1.0)","All under-5 (U5MR)","spline (GAM)"
42.5,0.247310073361307,0.137423369441448,0.343197919358767,"spline (GAM, edf=1.0)","All under-5 (U5MR)","spline (GAM)"
43,0.249818737497493,0.13892152353717,0.346433638753077,"spline (GAM, edf=1.0)","All under-5 (U5MR)","spline (GAM)"
43.5,0.252318996182215,0.140416973509418,0.349653417713112,"spline (GAM, edf=1.0)","All under-5 (U5MR)","spline (GAM)"
44,0.254810880671149,0.141909725010519,0.352857339429799,"spline (GAM, edf=1.0)","All under-5 (U5MR)","spline (GAM)"
44.5,0.257294422034132,0.143399783945237,0.356045486327138,"spline (GAM, edf=1.0)","All under-5 (U5MR)","spline (GAM)"
45,0.259769651083006,0.144887156294393,0.359217940075267,"spline (GAM, edf=1.0)","All under-5 (U5MR)","spline (GAM)"
45.5,0.262236598304836,0.146371847920586,0.362374781624841,"spline (GAM, edf=1.0)","All under-5 (U5MR)","spline (GAM)"
46,0.26469529380289,0.147853864393021,0.365516091238857,"spline (GAM, edf=1.0)","All under-5 (U5MR)","spline (GAM)"
46.5,0.267145767240273,0.149333210816929,0.368641948524142,"spline (GAM, edf=1.0)","All under-5 (U5MR)","spline (GAM)"
47,0.269588047979296,0.150809892050041,0.371752432511693,"spline (GAM, edf=1.0)","All under-5 (U5MR)","spline (GAM)"
47.5,0.272022165051495,0.15228391261785,0.374847621669104,"spline (GAM, edf=1.0)","All under-5 (U5MR)","spline (GAM)"
48,0.274448147154578,0.153755276689022,0.377927593914256,"spline (GAM, edf=1.0)","All under-5 (U5MR)","spline (GAM)"
48.5,0.27686602258232,0.155223987938358,0.380992426596321,"spline (GAM, edf=1.0)","All under-5 (U5MR)","spline (GAM)"
49,0.279275819290934,0.156690049688177,0.384042196505941,"spline (GAM, edf=1.0)","All under-5 (U5MR)","spline (GAM)"
49.5,0.281677564947988,0.15815346502575,0.387076979873968,"spline (GAM, edf=1.0)","All under-5 (U5MR)","spline (GAM)"
50,0.28407128687855,0.159614236730194,0.390096852334254,"spline (GAM, edf=1.0)","All under-5 (U5MR)","spline (GAM)"
50.5,0.286457012161718,0.161072367505291,0.393101888920802,"spline (GAM, edf=1.0)","All under-5 (U5MR)","spline (GAM)"
51,0.288834767725242,0.162527860201257,0.396092164071332,"spline (GAM, edf=1.0)","All under-5 (U5MR)","spline (GAM)"
51.5,0.291204580365076,0.163980717877758,0.399067751619168,"spline (GAM, edf=1.0)","All under-5 (U5MR)","spline (GAM)"
52,0.293566476764797,0.165430943843177,0.402028724802462,"spline (GAM, edf=1.0)","All under-5 (U5MR)","spline (GAM)"
52.5,0.295920483484721,0.166878541609539,0.40497515628261,"spline (GAM, edf=1.0)","All under-5 (U5MR)","spline (GAM)"
53,0.298266626967555,0.168323514843358,0.407907118193025,"spline (GAM, edf=1.0)","All under-5 (U5MR)","spline (GAM)"
53.5,0.300604933540681,0.169765867265394,0.410824682217687,"spline (GAM, edf=1.0)","All under-5 (U5MR)","spline (GAM)"
54,0.30293542944491,0.171205602709201,0.41372791960047,"spline (GAM, edf=1.0)","All under-5 (U5MR)","spline (GAM)"
54.5,0.305258140859324,0.172642725103953,0.416616901201614,"spline (GAM, edf=1.0)","All under-5 (U5MR)","spline (GAM)"
55,0.307573093892592,0.174077238507905,0.419491697461754,"spline (GAM, edf=1.0)","All under-5 (U5MR)","spline (GAM)"
55.5,0.309880314595331,0.175509147088206,0.422352378439315,"spline (GAM, edf=1.0)","All under-5 (U5MR)","spline (GAM)"
56,0.31217982893868,0.176938455107619,0.425199013786165,"spline (GAM, edf=1.0)","All under-5 (U5MR)","spline (GAM)"
56.5,0.314471662835978,0.178365166884677,0.428031672813817,"spline (GAM, edf=1.0)","All under-5 (U5MR)","spline (GAM)"
57,0.31675584230096,0.179789286704246,0.4308504248206,"spline (GAM, edf=1.0)","All under-5 (U5MR)","spline (GAM)"
57.5,0.3190323934887,0.181210818789902,0.4336553391773,"spline (GAM, edf=1.0)","All under-5 (U5MR)","spline (GAM)"
58,0.321301342569187,0.18262976734529,0.436446485086303,"spline (GAM, edf=1.0)","All under-5 (U5MR)","spline (GAM)"
58.5,0.323562715726264,0.184046136582958,0.439223931559768,"spline (GAM, edf=1.0)","All under-5 (U5MR)","spline (GAM)"
59,0.32581653911317,0.185459930762039,0.441987747320312,"spline (GAM, edf=1.0)","All under-5 (U5MR)","spline (GAM)"
59.5,0.328062838821073,0.18687115422182,0.444738000727177,"spline (GAM, edf=1.0)","All under-5 (U5MR)","spline (GAM)"
60,0.330301640903089,0.188279811405609,0.447474759801491,"spline (GAM, edf=1.0)","All under-5 (U5MR)","spline (GAM)"
60.5,0.332532971371655,0.189685906885293,0.450198092207085,"spline (GAM, edf=1.0)","All under-5 (U5MR)","spline (GAM)"
61,0.334756856174346,0.191089445387471,0.452908065195142,"spline (GAM, edf=1.0)","All under-5 (U5MR)","spline (GAM)"
61.5,0.336973321205186,0.192490431803435,0.455604745618726,"spline (GAM, edf=1.0)","All under-5 (U5MR)","spline (GAM)"
62,0.339182392269773,0.193888871217847,0.458288199858967,"spline (GAM, edf=1.0)","All under-5 (U5MR)","spline (GAM)"
62.5,0.341384095084429,0.19528476889969,0.4609584938331,"spline (GAM, edf=1.0)","All under-5 (U5MR)","spline (GAM)"
63,0.34357845531564,0.196678130204568,0.463615693127428,"spline (GAM, edf=1.0)","All under-5 (U5MR)","spline (GAM)"
63.5,0.345765498570585,0.198068960560809,0.466259862992806,"spline (GAM, edf=1.0)","All under-5 (U5MR)","spline (GAM)"
64,0.347945250365904,0.199457265552092,0.468891068240593,"spline (GAM, edf=1.0)","All under-5 (U5MR)","spline (GAM)"
64.5,0.350117736114844,0.200843050878869,0.471509373250186,"spline (GAM, edf=1.0)","All under-5 (U5MR)","spline (GAM)"
65,0.352282981131743,0.202226322388028,0.474114841959426,"spline (GAM, edf=1.0)","All under-5 (U5MR)","spline (GAM)"
65.5,0.354441010624337,0.203607086047176,0.476707537871922,"spline (GAM, edf=1.0)","All under-5 (U5MR)","spline (GAM)"
66,0.356591849648296,0.204985347758003,0.479287524108437,"spline (GAM, edf=1.0)","All under-5 (U5MR)","spline (GAM)"
66.5,0.358735523121986,0.206361113378866,0.481854863417321,"spline (GAM, edf=1.0)","All under-5 (U5MR)","spline (GAM)"
67,0.360872055823172,0.207734388703316,0.484409618184563,"spline (GAM, edf=1.0)","All under-5 (U5MR)","spline (GAM)"
67.5,0.36300147237229,0.209105179385934,0.486951850456139,"spline (GAM, edf=1.0)","All under-5 (U5MR)","spline (GAM)"
68,0.365123797234056,0.21047349092257,0.489481621954033,"spline (GAM, edf=1.0)","All under-5 (U5MR)","spline (GAM)"
68.5,0.367239054762585,0.211839328749954,0.491998994084895,"spline (GAM, edf=1.0)","All under-5 (U5MR)","spline (GAM)"
69,0.369347269119918,0.213202698019727,0.494504027955504,"spline (GAM, edf=1.0)","All under-5 (U5MR)","spline (GAM)"
69.5,0.37144846425759,0.214563603535051,0.496996784383452,"spline (GAM, edf=1.0)","All under-5 (U5MR)","spline (GAM)"
70,0.373542663950906,0.215922049833478,0.499477323898244,"spline (GAM, edf=1.0)","All under-5 (U5MR)","spline (GAM)"
70.5,0.375629891780815,0.217278041147996,0.501945706736781,"spline (GAM, edf=1.0)","All under-5 (U5MR)","spline (GAM)"
71,0.377710171150999,0.21863158146362,0.504401992834205,"spline (GAM, edf=1.0)","All under-5 (U5MR)","spline (GAM)"
71.5,0.379783525373061,0.219982674742361,0.506846241816985,"spline (GAM, edf=1.0)","All under-5 (U5MR)","spline (GAM)"
72,0.381849977671166,0.221331324952548,0.509278512992895,"spline (GAM, edf=1.0)","All under-5 (U5MR)","spline (GAM)"
72.5,0.383909551086799,0.222677535863089,0.511698865330597,"spline (GAM, edf=1.0)","All under-5 (U5MR)","spline (GAM)"
73,0.385962268376153,0.224021310836128,0.514107357427524,"spline (GAM, edf=1.0)","All under-5 (U5MR)","spline (GAM)"
73.5,0.388008152112203,0.225362653118989,0.516504047488624,"spline (GAM, edf=1.0)","All under-5 (U5MR)","spline (GAM)"
74,0.390047224790876,0.226701566137826,0.518888993312481,"spline (GAM, edf=1.0)","All under-5 (U5MR)","spline (GAM)"
74.5,0.392079508828453,0.228038053524061,0.521262252273761,"spline (GAM, edf=1.0)","All under-5 (U5MR)","spline (GAM)"
75,0.394105026503056,0.229372118997102,0.523623881306882,"spline (GAM, edf=1.0)","All under-5 (U5MR)","spline (GAM)"
75.5,0.396123799986404,0.230703766478573,0.52597393688825,"spline (GAM, edf=1.0)","All under-5 (U5MR)","spline (GAM)"
76,0.398135851372236,0.232033000185521,0.528312475027012,"spline (GAM, edf=1.0)","All under-5 (U5MR)","spline (GAM)"
76.5,0.400141202639282,0.233359824524611,0.530639551275906,"spline (GAM, edf=1.0)","All under-5 (U5MR)","spline (GAM)"
77,0.402139875679959,0.234684244201651,0.532955220712645,"spline (GAM, edf=1.0)","All under-5 (U5MR)","spline (GAM)"
77.5,0.404131892310005,0.236006264226299,0.535259537956178,"spline (GAM, edf=1.0)","All under-5 (U5MR)","spline (GAM)"
78,0.406117274261477,0.237325889846398,0.537552557199581,"spline (GAM, edf=1.0)","All under-5 (U5MR)","spline (GAM)"
78.5,0.408096043196649,0.238643126657436,0.53983433216892,"spline (GAM, edf=1.0)","All under-5 (U5MR)","spline (GAM)"
79,0.410068220717721,0.239957980572948,0.542104916160417,"spline (GAM, edf=1.0)","All under-5 (U5MR)","spline (GAM)"
79.5,0.412033828383828,0.241270457698023,0.544364362146602,"spline (GAM, edf=1.0)","All under-5 (U5MR)","spline (GAM)"
80,0.413992887691741,0.242580564409243,0.546612722700965,"spline (GAM, edf=1.0)","All under-5 (U5MR)","spline (GAM)"
0,0,0,0,"linear (LMM)","1mo-5y (neonatal excluded)","linear (LMM)"
0.5,0.00531656639942513,0.00282279195551038,0.00780410432797729,"linear (LMM)","1mo-5y (neonatal excluded)","linear (LMM)"
1,0.0106048669205706,0.00563761575659671,0.0155473046115926,"linear (LMM)","1mo-5y (neonatal excluded)","linear (LMM)"
1.5,0.0158650518408554,0.00844449389570112,0.0232300761523621,"linear (LMM)","1mo-5y (neonatal excluded)","linear (LMM)"
2,0.0210972706387383,0.0112434488017743,0.0308528905424994,"linear (LMM)","1mo-5y (neonatal excluded)","linear (LMM)"
2.5,0.0263016719979658,0.0140345028404549,0.0384162156938633,"linear (LMM)","1mo-5y (neonatal excluded)","linear (LMM)"
3,0.0314784038117979,0.0168176783142476,0.0459205158666797,"linear (LMM)","1mo-5y (neonatal excluded)","linear (LMM)"
3.5,0.0366276131872096,0.0195929974627023,0.0533662516980388,"linear (LMM)","1mo-5y (neonatal excluded)","linear (LMM)"
4,0.0417494464490724,0.0223604824625906,0.0607538802301715,"linear (LMM)","1mo-5y (neonatal excluded)","linear (LMM)"
4.5,0.0468440491443117,0.0251201554280842,0.068083854938503,"linear (LMM)","1mo-5y (neonatal excluded)","linear (LMM)"
5,0.0519115660460432,0.027872038410931,0.0753566257594893,"linear (LMM)","1mo-5y (neonatal excluded)","linear (LMM)"
5.5,0.0569521411576863,0.0306161534006314,0.0825726391182352,"linear (LMM)","1mo-5y (neonatal excluded)","linear (LMM)"
6,0.0619659177170572,0.0333525223246138,0.0897323379558973,"linear (LMM)","1mo-5y (neonatal excluded)","linear (LMM)"
6.5,0.0669530382004382,0.0360811670484102,0.0968361617568734,"linear (LMM)","1mo-5y (neonatal excluded)","linear (LMM)"
7,0.0719136443266274,0.038802109375831,0.103884546575779,"linear (LMM)","1mo-5y (neonatal excluded)","linear (LMM)"
7.5,0.0768478770609653,0.0415153710491385,0.110877925064214,"linear (LMM)","1mo-5y (neonatal excluded)","linear (LMM)"
8,0.0817558766193409,0.0442209737492213,0.117816726497321,"linear (LMM)","1mo-5y (neonatal excluded)","linear (LMM)"
8.5,0.086637782472176,0.0469189390957675,0.124701376800132,"linear (LMM)","1mo-5y (neonatal excluded)","linear (LMM)"
9,0.0914937333483888,0.0496092886474373,0.131532298573719,"linear (LMM)","1mo-5y (neonatal excluded)","linear (LMM)"
9.5,0.096323867239336,0.0522920439020351,0.138309911121128,"linear (LMM)","1mo-5y (neonatal excluded)","linear (LMM)"
10,0.101128321402734,0.0549672262966816,0.145034630473123,"linear (LMM)","1mo-5y (neonatal excluded)","linear (LMM)"
10.5,0.105907232366559,0.057634857207985,0.151706869413718,"linear (LMM)","1mo-5y (neonatal excluded)","linear (LMM)"
11,0.110660735932928,0.0602949579522117,0.15832703750552,"linear (LMM)","1mo-5y (neonatal excluded)","linear (LMM)"
11.5,0.115388967181956,0.0629475497854568,0.164895541114865,"linear (LMM)","1mo-5y (neonatal excluded)","linear (LMM)"
12,0.120092060475597,0.0655926539038137,0.171412783436763,"linear (LMM)","1mo-5y (neonatal excluded)","linear (LMM)"
12.5,0.12477014946146,0.0682302914435439,0.177879164519651,"linear (LMM)","1mo-5y (neonatal excluded)","linear (LMM)"
13,0.129423367076607,0.0708604834812453,0.184295081289943,"linear (LMM)","1mo-5y (neonatal excluded)","linear (LMM)"
13.5,0.134051845551332,0.0734832510340212,0.190660927576401,"linear (LMM)","1mo-5y (neonatal excluded)","linear (LMM)"
14,0.138655716412918,0.076098615059648,0.196977094134303,"linear (LMM)","1mo-5y (neonatal excluded)","linear (LMM)"
14.5,0.143235110489374,0.0787065964567425,0.203243968669434,"linear (LMM)","1mo-5y (neonatal excluded)","linear (LMM)"
15,0.147790157913153,0.0813072160649292,0.209461935861883,"linear (LMM)","1mo-5y (neonatal excluded)","linear (LMM)"
15.5,0.152320988124852,0.0839004946650066,0.215631377389654,"linear (LMM)","1mo-5y (neonatal excluded)","linear (LMM)"
16,0.156827729876885,0.0864864529791133,0.221752671952097,"linear (LMM)","1mo-5y (neonatal excluded)","linear (LMM)"
16.5,0.161310511237148,0.0890651116708936,0.227826195293153,"linear (LMM)","1mo-5y (neonatal excluded)","linear (LMM)"
17,0.165769459592656,0.0916364913456628,0.233852320224416,"linear (LMM)","1mo-5y (neonatal excluded)","linear (LMM)"
17.5,0.17020470165316,0.0942006125505714,0.239831416648022,"linear (LMM)","1mo-5y (neonatal excluded)","linear (LMM)"
18,0.174616363454752,0.0967574957747699,0.245763851579352,"linear (LMM)","1mo-5y (neonatal excluded)","linear (LMM)"
18.5,0.179004570363443,0.099307161449572,0.251649989169558,"linear (LMM)","1mo-5y (neonatal excluded)","linear (LMM)"
19,0.183369447078731,0.101849629948618,0.257490190727922,"linear (LMM)","1mo-5y (neonatal excluded)","linear (LMM)"
19.5,0.187711117637136,0.104384921588038,0.263284814744028,"linear (LMM)","1mo-5y (neonatal excluded)","linear (LMM)"
20,0.192029705415733,0.106913056626613,0.26903421690977,"linear (LMM)","1mo-5y (neonatal excluded)","linear (LMM)"
20.5,0.196325333135653,0.109434055265938,0.274738750141188,"linear (LMM)","1mo-5y (neonatal excluded)","linear (LMM)"
21,0.200598122865573,0.111947937650585,0.280398764600125,"linear (LMM)","1mo-5y (neonatal excluded)","linear (LMM)"
21.5,0.204848196025183,0.11445472386826,0.286014607715727,"linear (LMM)","1mo-5y (neonatal excluded)","linear (LMM)"
22,0.209075673388638,0.116954433949965,0.291586624205766,"linear (LMM)","1mo-5y (neonatal excluded)","linear (LMM)"
22.5,0.213280675087988,0.11944708787016,0.297115156097798,"linear (LMM)","1mo-5y (neonatal excluded)","linear (LMM)"
23,0.217463320616594,0.121932705546921,0.302600542750165,"linear (LMM)","1mo-5y (neonatal excluded)","linear (LMM)"
23.5,0.221623728832521,0.1244113068421,0.308043120872818,"linear (LMM)","1mo-5y (neonatal excluded)","linear (LMM)"
24,0.22576201796192,0.126882911561482,0.313443224547988,"linear (LMM)","1mo-5y (neonatal excluded)","linear (LMM)"
24.5,0.229878305602382,0.129347539454945,0.318801185250695,"linear (LMM)","1mo-5y (neonatal excluded)","linear (LMM)"
25,0.233972708726285,0.131805210216617,0.324117331869093,"linear (LMM)","1mo-5y (neonatal excluded)","linear (LMM)"
25.5,0.238045343684113,0.134255943485033,0.329391990724658,"linear (LMM)","1mo-5y (neonatal excluded)","linear (LMM)"
26,0.242096326207768,0.136699758843295,0.33462548559222,"linear (LMM)","1mo-5y (neonatal excluded)","linear (LMM)"
26.5,0.246125771413853,0.139136675819222,0.339818137719835,"linear (LMM)","1mo-5y (neonatal excluded)","linear (LMM)"
27,0.250133793806946,0.141566713885513,0.344970265848508,"linear (LMM)","1mo-5y (neonatal excluded)","linear (LMM)"
27.5,0.254120507282856,0.1439898924599,0.350082186231754,"linear (LMM)","1mo-5y (neonatal excluded)","linear (LMM)"
28,0.258086025131857,0.1464062309053,0.355154212655012,"linear (LMM)","1mo-5y (neonatal excluded)","linear (LMM)"
28.5,0.262030460041905,0.148815748529974,0.360186656454909,"linear (LMM)","1mo-5y (neonatal excluded)","linear (LMM)"
29,0.265953924101845,0.151218464587681,0.365179826538367,"linear (LMM)","1mo-5y (neonatal excluded)","linear (LMM)"
29.5,0.269856528804595,0.153614398277828,0.370134029401566,"linear (LMM)","1mo-5y (neonatal excluded)","linear (LMM)"
30,0.273738385050312,0.156003568745629,0.375049569148759,"linear (LMM)","1mo-5y (neonatal excluded)","linear (LMM)"
30.5,0.277599603149546,0.158385995082254,0.379926747510936,"linear (LMM)","1mo-5y (neonatal excluded)","linear (LMM)"
31,0.281440292826372,0.16076169632498,0.384765863864349,"linear (LMM)","1mo-5y (neonatal excluded)","linear (LMM)"
31.5,0.285260563221512,0.16313069145735,0.389567215248885,"linear (LMM)","1mo-5y (neonatal excluded)","linear (LMM)"
32,0.289060522895433,0.165492999409318,0.3943310963863,"linear (LMM)","1mo-5y (neonatal excluded)","linear (LMM)"
32.5,0.292840279831432,0.167848639057403,0.399057799698313,"linear (LMM)","1mo-5y (neonatal excluded)","linear (LMM)"
33,0.296599941438707,0.170197629224838,0.403747615324551,"linear (LMM)","1mo-5y (neonatal excluded)","linear (LMM)"
33.5,0.300339614555407,0.172539988681726,0.408400831140364,"linear (LMM)","1mo-5y (neonatal excluded)","linear (LMM)"
34,0.304059405451671,0.174875736145182,0.413017732774489,"linear (LMM)","1mo-5y (neonatal excluded)","linear (LMM)"
34.5,0.307759419832642,0.177204890279488,0.41759860362659,"linear (LMM)","1mo-5y (neonatal excluded)","linear (LMM)"
35,0.311439762841479,0.17952746969624,0.422143724884647,"linear (LMM)","1mo-5y (neonatal excluded)","linear (LMM)"
35.5,0.315100539062336,0.181843492954499,0.426653375542224,"linear (LMM)","1mo-5y (neonatal excluded)","linear (LMM)"
36,0.318741852523341,0.184152978560935,0.431127832415586,"linear (LMM)","1mo-5y (neonatal excluded)","linear (LMM)"
36.5,0.32236380669955,0.18645594496998,0.435567370160697,"linear (LMM)","1mo-5y (neonatal excluded)","linear (LMM)"
37,0.325966504515886,0.188752410583973,0.439972261290078,"linear (LMM)","1mo-5y (neonatal excluded)","linear (LMM)"
37.5,0.329550048350064,0.191042393753303,0.444342776189531,"linear (LMM)","1mo-5y (neonatal excluded)","linear (LMM)"
38,0.333114540035502,0.193325912776565,0.448679183134742,"linear (LMM)","1mo-5y (neonatal excluded)","linear (LMM)"
38.5,0.336660080864214,0.195602985900698,0.452981748307744,"linear (LMM)","1mo-5y (neonatal excluded)","linear (LMM)"
39,0.340186771589689,0.197873631321134,0.457250735813258,"linear (LMM)","1mo-5y (neonatal excluded)","linear (LMM)"
39.5,0.343694712429751,0.200137867181944,0.461486407694905,"linear (LMM)","1mo-5y (neonatal excluded)","linear (LMM)"
40,0.347184003069412,0.20239571157598,0.465689023951287,"linear (LMM)","1mo-5y (neonatal excluded)","linear (LMM)"
40.5,0.350654742663701,0.204647182545024,0.469858842551955,"linear (LMM)","1mo-5y (neonatal excluded)","linear (LMM)"
41,0.354107029840481,0.206892298079928,0.473996119453234,"linear (LMM)","1mo-5y (neonatal excluded)","linear (LMM)"
41.5,0.357540962703256,0.209131076120762,0.478101108613942,"linear (LMM)","1mo-5y (neonatal excluded)","linear (LMM)"
42,0.360956638833955,0.211363534556951,0.482174062010974,"linear (LMM)","1mo-5y (neonatal excluded)","linear (LMM)"
42.5,0.364354155295706,0.213589691227426,0.486215229654773,"linear (LMM)","1mo-5y (neonatal excluded)","linear (LMM)"
43,0.367733608635595,0.21580956392076,0.490224859604673,"linear (LMM)","1mo-5y (neonatal excluded)","linear (LMM)"
43.5,0.371095094887409,0.218023170375312,0.494203197984128,"linear (LMM)","1mo-5y (neonatal excluded)","linear (LMM)"
44,0.374438709574364,0.220230528279372,0.498150488995817,"linear (LMM)","1mo-5y (neonatal excluded)","linear (LMM)"
44.5,0.377764547711822,0.222431655271298,0.502066974936638,"linear (LMM)","1mo-5y (neonatal excluded)","linear (LMM)"
45,0.381072703809988,0.224626568939658,0.505952896212578,"linear (LMM)","1mo-5y (neonatal excluded)","linear (LMM)"
45.5,0.384363271876599,0.226815286823371,0.50980849135347,"linear (LMM)","1mo-5y (neonatal excluded)","linear (LMM)"
46,0.387636345419592,0.22899782641185,0.513633997027636,"linear (LMM)","1mo-5y (neonatal excluded)","linear (LMM)"
46.5,0.390892017449763,0.231174205145136,0.517429648056413,"linear (LMM)","1mo-5y (neonatal excluded)","linear (LMM)"
47,0.394130380483411,0.233344440414041,0.52119567742857,"linear (LMM)","1mo-5y (neonatal excluded)","linear (LMM)"
47.5,0.397351526544966,0.235508549560287,0.524932316314604,"linear (LMM)","1mo-5y (neonatal excluded)","linear (LMM)"
48,0.400555547169602,0.237666549876645,0.528639794080935,"linear (LMM)","1mo-5y (neonatal excluded)","linear (LMM)"
48.5,0.403742533405841,0.23981845860707,0.532318338303984,"linear (LMM)","1mo-5y (neonatal excluded)","linear (LMM)"
49,0.406912575818142,0.241964292946841,0.535968174784142,"linear (LMM)","1mo-5y (neonatal excluded)","linear (LMM)"
49.5,0.410065764489469,0.2441040700427,0.539589527559628,"linear (LMM)","1mo-5y (neonatal excluded)","linear (LMM)"
50,0.413202189023855,0.246237806992987,0.543182618920246,"linear (LMM)","1mo-5y (neonatal excluded)","linear (LMM)"
50.5,0.416321938548947,0.248365520847775,0.546747669421026,"linear (LMM)","1mo-5y (neonatal excluded)","linear (LMM)"
51,0.419425101718539,0.25048722860901,0.550284897895763,"linear (LMM)","1mo-5y (neonatal excluded)","linear (LMM)"
51.5,0.422511766715092,0.252602947230645,0.553794521470451,"linear (LMM)","1mo-5y (neonatal excluded)","linear (LMM)"
52,0.425582021252238,0.254712693618774,0.557276755576611,"linear (LMM)","1mo-5y (neonatal excluded)","linear (LMM)"
52.5,0.428635952577274,0.256816484631771,0.560731813964512,"linear (LMM)","1mo-5y (neonatal excluded)","linear (LMM)"
53,0.431673647473641,0.258914337080421,0.564159908716294,"linear (LMM)","1mo-5y (neonatal excluded)","linear (LMM)"
53.5,0.43469519226339,0.261006267728054,0.567561250258987,"linear (LMM)","1mo-5y (neonatal excluded)","linear (LMM)"
54,0.437700672809636,0.263092293290684,0.570936047377426,"linear (LMM)","1mo-5y (neonatal excluded)","linear (LMM)"
54.5,0.440690174518996,0.265172430437137,0.574284507227067,"linear (LMM)","1mo-5y (neonatal excluded)","linear (LMM)"
55,0.443663782344017,0.267246695789186,0.577606835346703,"linear (LMM)","1mo-5y (neonatal excluded)","linear (LMM)"
55.5,0.44662158078559,0.269315105921686,0.580903235671082,"linear (LMM)","1mo-5y (neonatal excluded)","linear (LMM)"
56,0.449563653895352,0.271377677362703,0.584173910543422,"linear (LMM)","1mo-5y (neonatal excluded)","linear (LMM)"
56.5,0.452490085278074,0.273434426593649,0.587419060727836,"linear (LMM)","1mo-5y (neonatal excluded)","linear (LMM)"
57,0.455400958094037,0.275485370049411,0.590638885421651,"linear (LMM)","1mo-5y (neonatal excluded)","linear (LMM)"
57.5,0.458296355061393,0.277530524118485,0.593833582267638,"linear (LMM)","1mo-5y (neonatal excluded)","linear (LMM)"
58,0.46117635845852,0.279569905143106,0.597003347366142,"linear (LMM)","1mo-5y (neonatal excluded)","linear (LMM)"
58.5,0.464041050126355,0.281603529419375,0.600148375287122,"linear (LMM)","1mo-5y (neonatal excluded)","linear (LMM)"
59,0.466890511470725,0.283631413197397,0.603268859082092,"linear (LMM)","1mo-5y (neonatal excluded)","linear (LMM)"
59.5,0.469724823464654,0.285653572681404,0.606364990295973,"linear (LMM)","1mo-5y (neonatal excluded)","linear (LMM)"
60,0.472544066650671,0.287670024029887,0.609436958978848,"linear (LMM)","1mo-5y (neonatal excluded)","linear (LMM)"
60.5,0.475348321143093,0.289680783355724,0.612484953697629,"linear (LMM)","1mo-5y (neonatal excluded)","linear (LMM)"
61,0.478137666630306,0.291685866726312,0.615509161547634,"linear (LMM)","1mo-5y (neonatal excluded)","linear (LMM)"
61.5,0.480912182377025,0.293685290163691,0.618509768164067,"linear (LMM)","1mo-5y (neonatal excluded)","linear (LMM)"
62,0.48367194722655,0.295679069644675,0.621486957733419,"linear (LMM)","1mo-5y (neonatal excluded)","linear (LMM)"
62.5,0.486417039603006,0.29766722110098,0.624440913004768,"linear (LMM)","1mo-5y (neonatal excluded)","linear (LMM)"
63,0.48914753751357,0.299649760419348,0.627371815300998,"linear (LMM)","1mo-5y (neonatal excluded)","linear (LMM)"
63.5,0.491863518550689,0.301626703441676,0.630279844529934,"linear (LMM)","1mo-5y (neonatal excluded)","linear (LMM)"
64,0.494565059894284,0.303598065965144,0.633165179195379,"linear (LMM)","1mo-5y (neonatal excluded)","linear (LMM)"
64.5,0.497252238313946,0.305563863742339,0.636027996408073,"linear (LMM)","1mo-5y (neonatal excluded)","linear (LMM)"
65,0.499925130171112,0.307524112481383,0.638868471896567,"linear (LMM)","1mo-5y (neonatal excluded)","linear (LMM)"
65.5,0.502583811421241,0.309478827846056,0.641686780018008,"linear (LMM)","1mo-5y (neonatal excluded)","linear (LMM)"
66,0.505228357615969,0.311428025455921,0.644483093768841,"linear (LMM)","1mo-5y (neonatal excluded)","linear (LMM)"
66.5,0.507858843905256,0.313371720886454,0.647257584795428,"linear (LMM)","1mo-5y (neonatal excluded)","linear (LMM)"
67,0.510475345039524,0.315309929669162,0.650010423404588,"linear (LMM)","1mo-5y (neonatal excluded)","linear (LMM)"
67.5,0.513077935371777,0.31724266729171,0.652741778574043,"linear (LMM)","1mo-5y (neonatal excluded)","linear (LMM)"
68,0.515666688859718,0.319169949198044,0.655451817962799,"linear (LMM)","1mo-5y (neonatal excluded)","linear (LMM)"
68.5,0.518241679067849,0.321091790788518,0.658140707921432,"linear (LMM)","1mo-5y (neonatal excluded)","linear (LMM)"
69,0.52080297916956,0.32300820742001,0.660808613502302,"linear (LMM)","1mo-5y (neonatal excluded)","linear (LMM)"
69.5,0.523350661949212,0.324919214406051,0.663455698469681,"linear (LMM)","1mo-5y (neonatal excluded)","linear (LMM)"
70,0.525884799804201,0.326824827016945,0.66608212530981,"linear (LMM)","1mo-5y (neonatal excluded)","linear (LMM)"
70.5,0.528405464747019,0.328725060479891,0.668688055240868,"linear (LMM)","1mo-5y (neonatal excluded)","linear (LMM)"
71,0.530912728407297,0.330619929979104,0.671273648222874,"linear (LMM)","1mo-5y (neonatal excluded)","linear (LMM)"
71.5,0.533406662033845,0.332509450655938,0.673839062967498,"linear (LMM)","1mo-5y (neonatal excluded)","linear (LMM)"
72,0.535887336496671,0.334393637609006,0.67638445694781,"linear (LMM)","1mo-5y (neonatal excluded)","linear (LMM)"
72.5,0.538354822289001,0.3362725058943,0.678909986407945,"linear (LMM)","1mo-5y (neonatal excluded)","linear (LMM)"
73,0.540809189529276,0.338146070525313,0.681415806372689,"linear (LMM)","1mo-5y (neonatal excluded)","linear (LMM)"
73.5,0.543250507963149,0.340014346473157,0.683902070657001,"linear (LMM)","1mo-5y (neonatal excluded)","linear (LMM)"
74,0.545678846965467,0.341877348666685,0.686368931875451,"linear (LMM)","1mo-5y (neonatal excluded)","linear (LMM)"
74.5,0.548094275542238,0.343735091992607,0.68881654145159,"linear (LMM)","1mo-5y (neonatal excluded)","linear (LMM)"
75,0.550496862332598,0.345587591295614,0.691245049627242,"linear (LMM)","1mo-5y (neonatal excluded)","linear (LMM)"
75.5,0.552886675610757,0.347434861378491,0.693654605471731,"linear (LMM)","1mo-5y (neonatal excluded)","linear (LMM)"
76,0.55526378328794,0.349276917002239,0.696045356891025,"linear (LMM)","1mo-5y (neonatal excluded)","linear (LMM)"
76.5,0.557628252914319,0.35111377288619,0.69841745063682,"linear (LMM)","1mo-5y (neonatal excluded)","linear (LMM)"
77,0.559980151680929,0.352945443708128,0.700771032315548,"linear (LMM)","1mo-5y (neonatal excluded)","linear (LMM)"
77.5,0.562319546421583,0.354771944104405,0.70310624639731,"linear (LMM)","1mo-5y (neonatal excluded)","linear (LMM)"
78,0.564646503614763,0.356593288670057,0.70542323622475,"linear (LMM)","1mo-5y (neonatal excluded)","linear (LMM)"
78.5,0.566961089385517,0.35840949195892,0.70772214402185,"linear (LMM)","1mo-5y (neonatal excluded)","linear (LMM)"
79,0.569263369507333,0.36022056848375,0.710003110902662,"linear (LMM)","1mo-5y (neonatal excluded)","linear (LMM)"
79.5,0.571553409404012,0.362026532716335,0.712266276879966,"linear (LMM)","1mo-5y (neonatal excluded)","linear (LMM)"
80,0.573831274151523,0.363827399087613,0.714511780873872,"linear (LMM)","1mo-5y (neonatal excluded)","linear (LMM)"
0,0,0,0,"spline (GAM, edf=5.8)","1mo-5y (neonatal excluded)","spline (GAM)"
0.5,0.0242244551083972,0.0127196871829623,0.0355951580845977,"spline (GAM, edf=5.8)","1mo-5y (neonatal excluded)","spline (GAM)"
1,0.0477988306698915,0.0252678250998511,0.0698090303969843,"spline (GAM, edf=5.8)","1mo-5y (neonatal excluded)","spline (GAM)"
1.5,0.0706042196009022,0.0376226310731361,0.102455497694386,"spline (GAM, edf=5.8)","1mo-5y (neonatal excluded)","spline (GAM)"
2,0.0925016760322056,0.0497527194974936,0.13332747706592,"spline (GAM, edf=5.8)","1mo-5y (neonatal excluded)","spline (GAM)"
2.5,0.113363583673263,0.0616204917760426,0.162253514844339,"spline (GAM, edf=5.8)","1mo-5y (neonatal excluded)","spline (GAM)"
3,0.133084354956587,0.0731823480892223,0.189114779944453,"spline (GAM, edf=5.8)","1mo-5y (neonatal excluded)","spline (GAM)"
3.5,0.151582570695176,0.0843894597320213,0.213844639515035,"spline (GAM, edf=5.8)","1mo-5y (neonatal excluded)","spline (GAM)"
4,0.168798247006677,0.0951885930024473,0.236419491580258,"spline (GAM, edf=5.8)","1mo-5y (neonatal excluded)","spline (GAM)"
4.5,0.184687798027959,0.105522161495133,0.256846890923971,"spline (GAM, edf=5.8)","1mo-5y (neonatal excluded)","spline (GAM)"
5,0.199219528539419,0.115327893802047,0.275155892245183,"spline (GAM, edf=5.8)","1mo-5y (neonatal excluded)","spline (GAM)"
5.5,0.212382126349325,0.124541196011796,0.291409359220553,"spline (GAM, edf=5.8)","1mo-5y (neonatal excluded)","spline (GAM)"
6,0.22418885756485,0.13309908093085,0.305707358837714,"spline (GAM, edf=5.8)","1mo-5y (neonatal excluded)","spline (GAM)"
6.5,0.234669101360227,0.140941687085639,0.318170401697569,"spline (GAM, edf=5.8)","1mo-5y (neonatal excluded)","spline (GAM)"
7,0.243865475676515,0.148014989091453,0.328932538068708,"spline (GAM, edf=5.8)","1mo-5y (neonatal excluded)","spline (GAM)"
7.5,0.251836812524265,0.154276283074326,0.338143008299902,"spline (GAM, edf=5.8)","1mo-5y (neonatal excluded)","spline (GAM)"
8,0.258658528698769,0.15969986257189,0.345963242665669,"spline (GAM, edf=5.8)","1mo-5y (neonatal excluded)","spline (GAM)"
8.5,0.264418306052789,0.164280466286492,0.352557399171987,"spline (GAM, edf=5.8)","1mo-5y (neonatal excluded)","spline (GAM)"
9,0.269208896088589,0.16803353300363,0.35808033287189,"spline (GAM, edf=5.8)","1mo-5y (neonatal excluded)","spline (GAM)"
9.5,0.273127085191246,0.170996738356889,0.362675325021787,"spline (GAM, edf=5.8)","1mo-5y (neonatal excluded)","spline (GAM)"
10,0.276271723574553,0.173229426375606,0.366471624889125,"spline (GAM, edf=5.8)","1mo-5y (neonatal excluded)","spline (GAM)"
10.5,0.278743015011436,0.174810702799131,0.369585087737555,"spline (GAM, edf=5.8)","1mo-5y (neonatal excluded)","spline (GAM)"
11,0.280642734499973,0.175835935743444,0.372121525470212,"spline (GAM, edf=5.8)","1mo-5y (neonatal excluded)","spline (GAM)"
11.5,0.282071841447077,0.176411345380113,0.374176856429531,"spline (GAM, edf=5.8)","1mo-5y (neonatal excluded)","spline (GAM)"
12,0.283128753418385,0.176647159987668,0.375839422418483,"spline (GAM, edf=5.8)","1mo-5y (neonatal excluded)","spline (GAM)"
12.5,0.28390764822124,0.176651038718056,0.377192077247987,"spline (GAM, edf=5.8)","1mo-5y (neonatal excluded)","spline (GAM)"
13,0.284493633849296,0.176515377093743,0.3783133943711,"spline (GAM, edf=5.8)","1mo-5y (neonatal excluded)","spline (GAM)"
13.5,0.284962208071303,0.176314371215092,0.379278906880409,"spline (GAM, edf=5.8)","1mo-5y (neonatal excluded)","spline (GAM)"
14,0.285380858422781,0.176107243563755,0.380161418438105,"spline (GAM, edf=5.8)","1mo-5y (neonatal excluded)","spline (GAM)"
14.5,0.285810315105497,0.175941853502398,0.381030442842428,"spline (GAM, edf=5.8)","1mo-5y (neonatal excluded)","spline (GAM)"
15,0.28630383805461,0.175855988256863,0.381949993790242,"spline (GAM, edf=5.8)","1mo-5y (neonatal excluded)","spline (GAM)"
15.5,0.286910195915339,0.17588422057411,0.382978603996955,"spline (GAM, edf=5.8)","1mo-5y (neonatal excluded)","spline (GAM)"
16,0.28766953587689,0.176054342220312,0.384164859263667,"spline (GAM, edf=5.8)","1mo-5y (neonatal excluded)","spline (GAM)"
16.5,0.288613015472964,0.176389002481799,0.38554555089791,"spline (GAM, edf=5.8)","1mo-5y (neonatal excluded)","spline (GAM)"
17,0.289765949007112,0.176911652917786,0.387146703050841,"spline (GAM, edf=5.8)","1mo-5y (neonatal excluded)","spline (GAM)"
17.5,0.291148058837816,0.177647173590578,0.388983586664014,"spline (GAM, edf=5.8)","1mo-5y (neonatal excluded)","spline (GAM)"
18,0.292772979192977,0.178620300182423,0.391061090174664,"spline (GAM, edf=5.8)","1mo-5y (neonatal excluded)","spline (GAM)"
18.5,0.294649741052284,0.179855938597268,0.393376101575766,"spline (GAM, edf=5.8)","1mo-5y (neonatal excluded)","spline (GAM)"
19,0.296783175559672,0.181377334697751,0.395919606020979,"spline (GAM, edf=5.8)","1mo-5y (neonatal excluded)","spline (GAM)"
19.5,0.299176087864001,0.183208066586772,0.398678983313216,"spline (GAM, edf=5.8)","1mo-5y (neonatal excluded)","spline (GAM)"
20,0.301829858314853,0.185370449351009,0.401640234690323,"spline (GAM, edf=5.8)","1mo-5y (neonatal excluded)","spline (GAM)"
20.5,0.304743816352802,0.187880218971683,0.404790805258305,"spline (GAM, edf=5.8)","1mo-5y (neonatal excluded)","spline (GAM)"
21,0.307915094078984,0.190742553920412,0.408122199772017,"spline (GAM, edf=5.8)","1mo-5y (neonatal excluded)","spline (GAM)"
21.5,0.31133900443607,0.193952415664785,0.411630310632042,"spline (GAM, edf=5.8)","1mo-5y (neonatal excluded)","spline (GAM)"
22,0.315009282628847,0.197496002351224,0.415314709634627,"spline (GAM, edf=5.8)","1mo-5y (neonatal excluded)","spline (GAM)"
22.5,0.318918497409739,0.201354522798607,0.419176560297938,"spline (GAM, edf=5.8)","1mo-5y (neonatal excluded)","spline (GAM)"
23,0.323057810236459,0.205505528059182,0.423217222440293,"spline (GAM, edf=5.8)","1mo-5y (neonatal excluded)","spline (GAM)"
23.5,0.327416662737605,0.209923779243223,0.427437083057988,"spline (GAM, edf=5.8)","1mo-5y (neonatal excluded)","spline (GAM)"
24,0.331983254954676,0.214585209041464,0.431833501484812,"spline (GAM, edf=5.8)","1mo-5y (neonatal excluded)","spline (GAM)"
24.5,0.33674425205751,0.219467534431709,0.436399885226474,"spline (GAM, edf=5.8)","1mo-5y (neonatal excluded)","spline (GAM)"
25,0.341682821283566,0.224546163559893,0.441125328900687,"spline (GAM, edf=5.8)","1mo-5y (neonatal excluded)","spline (GAM)"
25.5,0.346779034664608,0.229795737635468,0.445994198676936,"spline (GAM, edf=5.8)","1mo-5y (neonatal excluded)","spline (GAM)"
26,0.352009687462217,0.235189903495155,0.450986006772528,"spline (GAM, edf=5.8)","1mo-5y (neonatal excluded)","spline (GAM)"
26.5,0.357349292845383,0.240702871877603,0.456075999618748,"spline (GAM, edf=5.8)","1mo-5y (neonatal excluded)","spline (GAM)"
27,0.362769921167029,0.246308081533564,0.461235866512004,"spline (GAM, edf=5.8)","1mo-5y (neonatal excluded)","spline (GAM)"
27.5,0.368241803267101,0.251978059753395,0.466434876218171,"spline (GAM, edf=5.8)","1mo-5y (neonatal excluded)","spline (GAM)"
28,0.373733088497722,0.257682260881804,0.471641018698392,"spline (GAM, edf=5.8)","1mo-5y (neonatal excluded)","spline (GAM)"
28.5,0.379209282924148,0.263384286790947,0.476822028777197,"spline (GAM, edf=5.8)","1mo-5y (neonatal excluded)","spline (GAM)"
29,0.384634967647402,0.269044402212393,0.481946476381805,"spline (GAM, edf=5.8)","1mo-5y (neonatal excluded)","spline (GAM)"
29.5,0.389973639874654,0.274617842605597,0.486984679379915,"spline (GAM, edf=5.8)","1mo-5y (neonatal excluded)","spline (GAM)"
30,0.395188184220254,0.280055270692067,0.491909145777861,"spline (GAM, edf=5.8)","1mo-5y (neonatal excluded)","spline (GAM)"
30.5,0.400242195339626,0.285307138413082,0.496693693774518,"spline (GAM, edf=5.8)","1mo-5y (neonatal excluded)","spline (GAM)"
31,0.405100687347062,0.290326251918171,0.501312831210813,"spline (GAM, edf=5.8)","1mo-5y (neonatal excluded)","spline (GAM)"
31.5,0.409730931365166,0.295068098003102,0.50574293431741,"spline (GAM, edf=5.8)","1mo-5y (neonatal excluded)","spline (GAM)"
32,0.414103026815972,0.299492242096914,0.509962224809939,"spline (GAM, edf=5.8)","1mo-5y (neonatal excluded)","spline (GAM)"
32.5,0.418190573888697,0.303563464786646,0.513951105094934,"spline (GAM, edf=5.8)","1mo-5y (neonatal excluded)","spline (GAM)"
33,0.421969371091215,0.30725158526413,0.517690115416463,"spline (GAM, edf=5.8)","1mo-5y (neonatal excluded)","spline (GAM)"
33.5,0.425419632510088,0.310533151816687,0.521162475650946,"spline (GAM, edf=5.8)","1mo-5y (neonatal excluded)","spline (GAM)"
34,0.428528956952839,0.313393403161011,0.524357682339609,"spline (GAM, edf=5.8)","1mo-5y (neonatal excluded)","spline (GAM)"
34.5,0.431290836330306,0.315824961703548,0.527269931321668,"spline (GAM, edf=5.8)","1mo-5y (neonatal excluded)","spline (GAM)"
35,0.433705280815937,0.317828122416994,0.529898960197556,"spline (GAM, edf=5.8)","1mo-5y (neonatal excluded)","spline (GAM)"
35.5,0.435777856339905,0.319409834584175,0.532249151437722,"spline (GAM, edf=5.8)","1mo-5y (neonatal excluded)","spline (GAM)"
36,0.43752019936259,0.320583939469851,0.534330221928775,"spline (GAM, edf=5.8)","1mo-5y (neonatal excluded)","spline (GAM)"
36.5,0.43894695519926,0.321368587450029,0.53615392205706,"spline (GAM, edf=5.8)","1mo-5y (neonatal excluded)","spline (GAM)"
37,0.440075792884979,0.321786125982595,0.537734142983134,"spline (GAM, edf=5.8)","1mo-5y (neonatal excluded)","spline (GAM)"
37.5,0.440925467325657,0.321861423386006,0.539084865742786,"spline (GAM, edf=5.8)","1mo-5y (neonatal excluded)","spline (GAM)"
38,0.441515428203537,0.32162115022768,0.540220015645592,"spline (GAM, edf=5.8)","1mo-5y (neonatal excluded)","spline (GAM)"
38.5,0.441868163260665,0.321094862218668,0.541156591920861,"spline (GAM, edf=5.8)","1mo-5y (neonatal excluded)","spline (GAM)"
39,0.442009209123333,0.320314481001124,0.541915026876299,"spline (GAM, edf=5.8)","1mo-5y (neonatal excluded)","spline (GAM)"
39.5,0.441968075997495,0.319314055934068,0.54252084838735,"spline (GAM, edf=5.8)","1mo-5y (neonatal excluded)","spline (GAM)"
40,0.44177972412212,0.318130414309224,0.543006635080379,"spline (GAM, edf=5.8)","1mo-5y (neonatal excluded)","spline (GAM)"
40.5,0.441482591240313,0.316801884447382,0.543409607277216,"spline (GAM, edf=5.8)","1mo-5y (neonatal excluded)","spline (GAM)"
41,0.44111750161384,0.315368299551028,0.543769815511724,"spline (GAM, edf=5.8)","1mo-5y (neonatal excluded)","spline (GAM)"
41.5,0.440725710335182,0.313871398393694,0.544126669041613,"spline (GAM, edf=5.8)","1mo-5y (neonatal excluded)","spline (GAM)"
42,0.440347259145517,0.312353378405748,0.544517226566488,"spline (GAM, edf=5.8)","1mo-5y (neonatal excluded)","spline (GAM)"
42.5,0.440018908787797,0.310853854106914,0.544974858549294,"spline (GAM, edf=5.8)","1mo-5y (neonatal excluded)","spline (GAM)"
43,0.439775250095206,0.309413428506044,0.545528709417374,"spline (GAM, edf=5.8)","1mo-5y (neonatal excluded)","spline (GAM)"
43.5,0.439648880006698,0.308074884402129,0.546203237027411,"spline (GAM, edf=5.8)","1mo-5y (neonatal excluded)","spline (GAM)"
44,0.43966857944021,0.306879884496124,0.547017473820818,"spline (GAM, edf=5.8)","1mo-5y (neonatal excluded)","spline (GAM)"
44.5,0.439861802423345,0.305872645111453,0.547986694120704,"spline (GAM, edf=5.8)","1mo-5y (neonatal excluded)","spline (GAM)"
45,0.440252928645467,0.305096324333169,0.549121993649958,"spline (GAM, edf=5.8)","1mo-5y (neonatal excluded)","spline (GAM)"
45.5,0.440861593992449,0.304589036815278,0.550430215191158,"spline (GAM, edf=5.8)","1mo-5y (neonatal excluded)","spline (GAM)"
46,0.441701276320009,0.304380168448282,0.551914061783713,"spline (GAM, edf=5.8)","1mo-5y (neonatal excluded)","spline (GAM)"
46.5,0.442777934983873,0.304486787563976,0.553572205115517,"spline (GAM, edf=5.8)","1mo-5y (neonatal excluded)","spline (GAM)"
47,0.444093114126166,0.304917866050861,0.55540151203979,"spline (GAM, edf=5.8)","1mo-5y (neonatal excluded)","spline (GAM)"
47.5,0.445643325339746,0.305672625406095,0.55739708099495,"spline (GAM, edf=5.8)","1mo-5y (neonatal excluded)","spline (GAM)"
48,0.447420015553685,0.306740130888381,0.559552409110346,"spline (GAM, edf=5.8)","1mo-5y (neonatal excluded)","spline (GAM)"
48.5,0.449408215294891,0.308096912816998,0.561858706803868,"spline (GAM, edf=5.8)","1mo-5y (neonatal excluded)","spline (GAM)"
49,0.451588063107968,0.309709972028513,0.564305378408142,"spline (GAM, edf=5.8)","1mo-5y (neonatal excluded)","spline (GAM)"
49.5,0.453936052375349,0.311539518706298,0.566880245130279,"spline (GAM, edf=5.8)","1mo-5y (neonatal excluded)","spline (GAM)"
50,0.45642422262548,0.313538299078043,0.569568665882635,"spline (GAM, edf=5.8)","1mo-5y (neonatal excluded)","spline (GAM)"
50.5,0.459022194072905,0.315656216140531,0.572353846987246,"spline (GAM, edf=5.8)","1mo-5y (neonatal excluded)","spline (GAM)"
51,0.461699096460342,0.317844604601905,0.57521722366132,"spline (GAM, edf=5.8)","1mo-5y (neonatal excluded)","spline (GAM)"
51.5,0.464423983616155,0.320057575953111,0.578138296448159,"spline (GAM, edf=5.8)","1mo-5y (neonatal excluded)","spline (GAM)"
52,0.467166311904071,0.322253045242473,0.581094777074309,"spline (GAM, edf=5.8)","1mo-5y (neonatal excluded)","spline (GAM)"
52.5,0.469895966127452,0.324392507575808,0.584062802915883,"spline (GAM, edf=5.8)","1mo-5y (neonatal excluded)","spline (GAM)"
53,0.472583830599394,0.326441145960798,0.587017802413122,"spline (GAM, edf=5.8)","1mo-5y (neonatal excluded)","spline (GAM)"
53.5,0.475202656633191,0.328367698290272,0.589935965105069,"spline (GAM, edf=5.8)","1mo-5y (neonatal excluded)","spline (GAM)"
54,0.477727107267319,0.330144614212646,0.592794235485996,"spline (GAM, edf=5.8)","1mo-5y (neonatal excluded)","spline (GAM)"
54.5,0.480134444650082,0.331748174440614,0.595571332090195,"spline (GAM, edf=5.8)","1mo-5y (neonatal excluded)","spline (GAM)"
55,0.482403412657714,0.333157340025488,0.598246717990986,"spline (GAM, edf=5.8)","1mo-5y (neonatal excluded)","spline (GAM)"
55.5,0.484514469993187,0.334353408961377,0.600801183054528,"spline (GAM, edf=5.8)","1mo-5y (neonatal excluded)","spline (GAM)"
56,0.486448699797952,0.335318562793354,0.603216032258141,"spline (GAM, edf=5.8)","1mo-5y (neonatal excluded)","spline (GAM)"
56.5,0.48818849590021,0.336035728170937,0.60547422979963,"spline (GAM, edf=5.8)","1mo-5y (neonatal excluded)","spline (GAM)"
57,0.489723529108135,0.336492547033123,0.607567216341645,"spline (GAM, edf=5.8)","1mo-5y (neonatal excluded)","spline (GAM)"
57.5,0.49105211685929,0.336682086450329,0.609496528795293,"spline (GAM, edf=5.8)","1mo-5y (neonatal excluded)","spline (GAM)"
58,0.492176384232474,0.336599118443354,0.611268492549955,"spline (GAM, edf=5.8)","1mo-5y (neonatal excluded)","spline (GAM)"
58.5,0.493102151636764,0.336240496291262,0.61289378571666,"spline (GAM, edf=5.8)","1mo-5y (neonatal excluded)","spline (GAM)"
59,0.493837334437777,0.335604428275709,0.614385382876435,"spline (GAM, edf=5.8)","1mo-5y (neonatal excluded)","spline (GAM)"
59.5,0.494390825507721,0.334690137538079,0.615757030288431,"spline (GAM, edf=5.8)","1mo-5y (neonatal excluded)","spline (GAM)"
60,0.494773416954054,0.333499227247614,0.617023849556567,"spline (GAM, edf=5.8)","1mo-5y (neonatal excluded)","spline (GAM)"
60.5,0.4949977804166,0.332036276667804,0.618201957866911,"spline (GAM, edf=5.8)","1mo-5y (neonatal excluded)","spline (GAM)"
61,0.495077635469047,0.330308696238017,0.619307294612653,"spline (GAM, edf=5.8)","1mo-5y (neonatal excluded)","spline (GAM)"
61.5,0.495028281032868,0.328327668614503,0.620355901171894,"spline (GAM, edf=5.8)","1mo-5y (neonatal excluded)","spline (GAM)"
62,0.494865249007341,0.326107412556847,0.621362333679119,"spline (GAM, edf=5.8)","1mo-5y (neonatal excluded)","spline (GAM)"
62.5,0.494604393937963,0.323665394813918,0.622339716660605,"spline (GAM, edf=5.8)","1mo-5y (neonatal excluded)","spline (GAM)"
63,0.494264149447105,0.321024007073667,0.623302218047333,"spline (GAM, edf=5.8)","1mo-5y (neonatal excluded)","spline (GAM)"
63.5,0.49386535675933,0.318210518836089,0.624264843964682,"spline (GAM, edf=5.8)","1mo-5y (neonatal excluded)","spline (GAM)"
64,0.493429483056168,0.315256009237397,0.62524141562608,"spline (GAM, edf=5.8)","1mo-5y (neonatal excluded)","spline (GAM)"
64.5,0.492978365975686,0.312194761195264,0.626244577875821,"spline (GAM, edf=5.8)","1mo-5y (neonatal excluded)","spline (GAM)"
65,0.492534050707164,0.30906416577847,0.627285665416636,"spline (GAM, edf=5.8)","1mo-5y (neonatal excluded)","spline (GAM)"
65.5,0.49211851194513,0.305903979598166,0.628374751724556,"spline (GAM, edf=5.8)","1mo-5y (neonatal excluded)","spline (GAM)"
66,0.491752983102687,0.302753687401487,0.629521124002329,"spline (GAM, edf=5.8)","1mo-5y (neonatal excluded)","spline (GAM)"
66.5,0.491458063830552,0.299652286842051,0.630733568505784,"spline (GAM, edf=5.8)","1mo-5y (neonatal excluded)","spline (GAM)"
67,0.491253441992784,0.296637282653188,0.632020501085829,"spline (GAM, edf=5.8)","1mo-5y (neonatal excluded)","spline (GAM)"
67.5,0.491157446956506,0.293743001666458,0.633390190258276,"spline (GAM, edf=5.8)","1mo-5y (neonatal excluded)","spline (GAM)"
68,0.491186955363092,0.290999754533122,0.634851022904512,"spline (GAM, edf=5.8)","1mo-5y (neonatal excluded)","spline (GAM)"
68.5,0.491358269460697,0.288435229872106,0.636412002241881,"spline (GAM, edf=5.8)","1mo-5y (neonatal excluded)","spline (GAM)"
69,0.491685130967381,0.286069753585443,0.6380822813191,"spline (GAM, edf=5.8)","1mo-5y (neonatal excluded)","spline (GAM)"
69.5,0.49217817366868,0.283914619450473,0.639871146230389,"spline (GAM, edf=5.8)","1mo-5y (neonatal excluded)","spline (GAM)"
70,0.492845609541809,0.281973309588963,0.641788280023712,"spline (GAM, edf=5.8)","1mo-5y (neonatal excluded)","spline (GAM)"
70.5,0.493692692882824,0.280240366278298,0.643843476029993,"spline (GAM, edf=5.8)","1mo-5y (neonatal excluded)","spline (GAM)"
71,0.494722066664322,0.278702302143611,0.646046575949553,"spline (GAM, edf=5.8)","1mo-5y (neonatal excluded)","spline (GAM)"
71.5,0.495935847151732,0.27734217754581,0.648408053864595,"spline (GAM, edf=5.8)","1mo-5y (neonatal excluded)","spline (GAM)"
72,0.497335715992658,0.276140169612019,0.650938798080308,"spline (GAM, edf=5.8)","1mo-5y (neonatal excluded)","spline (GAM)"
72.5,0.498920463311559,0.275069243279935,0.65364871091425,"spline (GAM, edf=5.8)","1mo-5y (neonatal excluded)","spline (GAM)"
73,0.500683333411259,0.274090903952581,0.656544965628857,"spline (GAM, edf=5.8)","1mo-5y (neonatal excluded)","spline (GAM)"
73.5,0.502614650457219,0.27316145363305,0.65963254538939,"spline (GAM, edf=5.8)","1mo-5y (neonatal excluded)","spline (GAM)"
74,0.504704571886474,0.272238226345367,0.662915022482922,"spline (GAM, edf=5.8)","1mo-5y (neonatal excluded)","spline (GAM)"
74.5,0.506943044869379,0.271280278550657,0.666394151486433,"spline (GAM, edf=5.8)","1mo-5y (neonatal excluded)","spline (GAM)"
75,0.509318325216499,0.270246453723269,0.670068741430907,"spline (GAM, edf=5.8)","1mo-5y (neonatal excluded)","spline (GAM)"
75.5,0.511817828104405,0.269097685985296,0.673934767496295,"spline (GAM, edf=5.8)","1mo-5y (neonatal excluded)","spline (GAM)"
76,0.514428891998251,0.267798880427476,0.677985604469302,"spline (GAM, edf=5.8)","1mo-5y (neonatal excluded)","spline (GAM)"
76.5,0.517137877923921,0.266317660642538,0.682211474328242,"spline (GAM, edf=5.8)","1mo-5y (neonatal excluded)","spline (GAM)"
77,0.519930919295908,0.264625953340713,0.686599869420124,"spline (GAM, edf=5.8)","1mo-5y (neonatal excluded)","spline (GAM)"
77.5,0.522794214757957,0.262700440569049,0.691135904591841,"spline (GAM, edf=5.8)","1mo-5y (neonatal excluded)","spline (GAM)"
78,0.525713899149438,0.260522066773089,0.695802544805616,"spline (GAM, edf=5.8)","1mo-5y (neonatal excluded)","spline (GAM)"
78.5,0.528676354336838,0.258076505334715,0.700581016023177,"spline (GAM, edf=5.8)","1mo-5y (neonatal excluded)","spline (GAM)"
79,0.531668502239495,0.255354112386588,0.705451415977648,"spline (GAM, edf=5.8)","1mo-5y (neonatal excluded)","spline (GAM)"
79.5,0.534678334021421,0.252349698850406,0.710393679376374,"spline (GAM, edf=5.8)","1mo-5y (neonatal excluded)","spline (GAM)"
80,0.537694298348291,0.249061519090354,0.715387388963231,"spline (GAM, edf=5.8)","1mo-5y (neonatal excluded)","spline (GAM)"
