"iso3","country","year","SurveyType","svkey","in_panel","n_regions","in_health_fit","reason"
"AGO","Angola",2011,"MIS","AO62FL",TRUE,1,FALSE,""
"AGO","Angola",2015,"DHS","AO71FL",TRUE,18,TRUE,""
"AGO","Angola",2023,"DHS","AO81FL",TRUE,14,TRUE,""
"BEN","Benin",2001,"DHS","BJ41FL",TRUE,1,FALSE,""
"BEN","Benin",2006,"DHS","BJ51FL",TRUE,11,TRUE,""
"BEN","Benin",2012,"DHS","BJ61FL",TRUE,12,TRUE,""
"BEN","Benin",2017,"DHS","BJ71FL",TRUE,12,TRUE,""
"BFA","Burkina Faso",2003,"DHS","BF43FL",FALSE,0,FALSE,"no usable mortality/prevalence overlap"
"BFA","Burkina Faso",2010,"DHS","BF62FL",TRUE,11,TRUE,""
"BFA","Burkina Faso",2021,"DHS","BF81FL",TRUE,13,TRUE,""
"BDI","Burundi",2010,"DHS","BU61FL",TRUE,3,TRUE,""
"BDI","Burundi",2016,"DHS","BU71FL",TRUE,18,TRUE,""
"CMR","Cameroon",2004,"DHS","CM44FL",TRUE,4,TRUE,""
"CMR","Cameroon",2011,"DHS","CM61FL",TRUE,4,TRUE,""
"CMR","Cameroon",2018,"DHS","CM71FL",TRUE,10,TRUE,""
"TCD","Chad",2004,"DHS","TD41FL",TRUE,8,TRUE,""
"TCD","Chad",2014,"DHS","TD71FL",TRUE,20,TRUE,""
"COM","Comoros",2012,"DHS","KM61FL",TRUE,1,TRUE,""
"COG","Congo - Brazzaville",2005,"DHS","CG51FL",TRUE,2,TRUE,""
"COG","Congo - Brazzaville",2011,"DHS","CG61FL",TRUE,12,TRUE,""
"COD","Congo - Kinshasa",2007,"DHS","CD51FL",FALSE,0,FALSE,"no usable mortality/prevalence overlap"
"COD","Congo - Kinshasa",2013,"DHS","CD61FL",TRUE,11,TRUE,""
"COD","Congo - Kinshasa",2023,"DHS","CD81FL",TRUE,26,TRUE,""
"CIV","Côte d’Ivoire",2005,"AIS","CI51FL",FALSE,0,FALSE,"no usable mortality/prevalence overlap"
"CIV","Côte d’Ivoire",2012,"DHS","CI62FL",FALSE,0,FALSE,"no usable mortality/prevalence overlap"
"CIV","Côte d’Ivoire",2021,"DHS","CI81FL",TRUE,14,TRUE,""
"SWZ","Eswatini",2006,"DHS","SZ51FL",TRUE,2,TRUE,""
"ETH","Ethiopia",2000,"DHS","ET41FL",TRUE,9,FALSE,""
"ETH","Ethiopia",2005,"DHS","ET51FL",TRUE,8,TRUE,""
"ETH","Ethiopia",2011,"DHS","ET61FL",TRUE,11,TRUE,""
"ETH","Ethiopia",2016,"DHS","ET71FL",TRUE,6,TRUE,""
"ETH","Ethiopia",2019,"DHS","ET81FL",TRUE,9,TRUE,""
"ETH","Ethiopia",2024,"DHS","ET8AFL",TRUE,14,TRUE,""
"GAB","Gabon",2000,"DHS","GA41FL",TRUE,1,FALSE,""
"GAB","Gabon",2012,"DHS","GA61FL",TRUE,9,TRUE,""
"GAB","Gabon",2019,"DHS","GA71FL",TRUE,10,TRUE,""
"GMB","Gambia",2013,"DHS","GM61FL",TRUE,8,TRUE,""
"GMB","Gambia",2019,"DHS","GM81FL",TRUE,8,TRUE,""
"GHA","Ghana",2003,"DHS","GH4BFL",TRUE,10,TRUE,""
"GHA","Ghana",2008,"DHS","GH5AFL",TRUE,10,TRUE,""
"GHA","Ghana",2014,"DHS","GH72FL",TRUE,10,TRUE,""
"GHA","Ghana",2022,"DHS","GH8CFL",TRUE,16,TRUE,""
"GIN","Guinea",2005,"DHS","GN52FL",TRUE,8,TRUE,""
"GIN","Guinea",2012,"DHS","GN62FL",TRUE,8,TRUE,""
"GIN","Guinea",2018,"DHS","GN71FL",TRUE,8,TRUE,""
"KEN","Kenya",2003,"DHS","KE42FL",TRUE,7,TRUE,""
"KEN","Kenya",2008,"DHS","KE52FL",TRUE,7,TRUE,""
"KEN","Kenya",2014,"DHS","KE72FL",TRUE,8,TRUE,""
"KEN","Kenya",2022,"DHS","KE8CFL",TRUE,47,TRUE,""
"LSO","Lesotho",2004,"DHS","LS41FL",FALSE,0,FALSE,"no usable mortality/prevalence overlap"
"LSO","Lesotho",2009,"DHS","LS61FL",FALSE,0,FALSE,"no usable mortality/prevalence overlap"
"LSO","Lesotho",2014,"DHS","LS71FL",FALSE,0,FALSE,"no usable mortality/prevalence overlap"
"LSO","Lesotho",2023,"DHS","LS81FL",FALSE,0,FALSE,"no usable mortality/prevalence overlap"
"LBR","Liberia",2007,"DHS","LB51FL",TRUE,6,TRUE,""
"LBR","Liberia",2009,"MIS","LB5AFL",TRUE,6,FALSE,""
"LBR","Liberia",2013,"DHS","LB6AFL",TRUE,5,TRUE,""
"LBR","Liberia",2019,"DHS","LB7AFL",TRUE,5,TRUE,""
"MDG","Madagascar",2004,"DHS","MD42FL",TRUE,5,TRUE,""
"MDG","Madagascar",2008,"DHS","MD51FL",TRUE,21,TRUE,""
"MDG","Madagascar",2021,"DHS","MD81FL",TRUE,21,TRUE,""
"MWI","Malawi",2000,"DHS","MW41FL",TRUE,1,FALSE,""
"MWI","Malawi",2004,"DHS","MW4EFL",FALSE,0,FALSE,"no usable mortality/prevalence overlap"
"MWI","Malawi",2010,"DHS","MW61FL",TRUE,3,TRUE,""
"MWI","Malawi",2015,"DHS","MW7AFL",FALSE,0,FALSE,"no usable mortality/prevalence overlap"
"MWI","Malawi",2024,"DHS","MW81FL",TRUE,3,TRUE,""
"MLI","Mali",2001,"DHS","ML41FL",TRUE,6,FALSE,""
"MLI","Mali",2006,"DHS","ML53FL",TRUE,9,TRUE,""
"MLI","Mali",2012,"DHS","ML6AFL",TRUE,6,TRUE,""
"MLI","Mali",2018,"DHS","ML7AFL",TRUE,8,TRUE,""
"MLI","Mali",2023,"DHS","ML8AFL",TRUE,9,TRUE,""
"MRT","Mauritania",2020,"DHS","MR71FL",TRUE,6,TRUE,""
"MOZ","Mozambique",2003,"DHS","MZ41FL",TRUE,9,TRUE,""
"MOZ","Mozambique",2011,"DHS","MZ62FL",TRUE,9,TRUE,""
"MOZ","Mozambique",2015,"AIS","MZ71FL",TRUE,9,TRUE,""
"MOZ","Mozambique",2022,"DHS","MZ81FL",TRUE,10,TRUE,""
"NAM","Namibia",2000,"DHS","NM41FL",TRUE,11,FALSE,""
"NAM","Namibia",2006,"DHS","NM51FL",TRUE,11,TRUE,""
"NAM","Namibia",2013,"DHS","NM61FL",TRUE,10,TRUE,""
"NER","Niger",2006,"DHS","NI51FL",TRUE,8,TRUE,""
"NER","Niger",2012,"DHS","NI61FL",TRUE,8,TRUE,""
"NGA","Nigeria",2003,"DHS","NG4BFL",TRUE,6,TRUE,""
"NGA","Nigeria",2008,"DHS","NG53FL",TRUE,6,TRUE,""
"NGA","Nigeria",2010,"MIS","NG61FL",TRUE,6,FALSE,""
"NGA","Nigeria",2013,"DHS","NG6AFL",TRUE,6,TRUE,""
"NGA","Nigeria",2018,"DHS","NG7BFL",TRUE,6,TRUE,""
"NGA","Nigeria",2024,"DHS","NG8BFL",TRUE,6,TRUE,""
"RWA","Rwanda",2000,"DHS","RW41FL",TRUE,10,FALSE,""
"RWA","Rwanda",2005,"DHS","RW53FL",TRUE,1,TRUE,""
"RWA","Rwanda",2008,"DHS","RW5AFL",FALSE,0,FALSE,"no usable mortality/prevalence overlap"
"RWA","Rwanda",2010,"DHS","RW61FL",TRUE,4,TRUE,""
"RWA","Rwanda",2015,"DHS","RW70FL",TRUE,4,TRUE,""
"RWA","Rwanda",2019,"DHS","RW81FL",TRUE,5,TRUE,""
"STP","São Tomé & Príncipe",2008,"DHS","ST51FL",FALSE,0,FALSE,"no usable mortality/prevalence overlap"
"SEN","Senegal",2005,"DHS","SN4AFL",TRUE,9,TRUE,""
"SEN","Senegal",2008,"MIS","SN5AFL",FALSE,0,FALSE,"no usable mortality/prevalence overlap"
"SEN","Senegal",2010,"DHS","SN61FL",TRUE,13,TRUE,""
"SEN","Senegal",2012,"DHS","SN6DFL",FALSE,0,FALSE,"no usable mortality/prevalence overlap"
"SEN","Senegal",2014,"DHS","SN71FL",FALSE,0,FALSE,"no usable mortality/prevalence overlap"
"SEN","Senegal",2015,"DHS","SN7AFL",FALSE,0,FALSE,"no usable mortality/prevalence overlap"
"SEN","Senegal",2016,"DHS","SN7IFL",TRUE,3,TRUE,""
"SEN","Senegal",2017,"DHS","SN7ZFL",TRUE,14,TRUE,""
"SEN","Senegal",2018,"DHS","SN81FL",FALSE,0,FALSE,"no usable mortality/prevalence overlap"
"SEN","Senegal",2019,"DHS","SN8BFL",FALSE,0,FALSE,"no usable mortality/prevalence overlap"
"SEN","Senegal",2023,"DHS","SN8SFL",TRUE,14,TRUE,""
"SLE","Sierra Leone",2008,"DHS","SL51FL",TRUE,4,TRUE,""
"SLE","Sierra Leone",2013,"DHS","SL61FL",TRUE,4,TRUE,""
"SLE","Sierra Leone",2019,"DHS","SL7AFL",TRUE,5,TRUE,""
"ZAF","South Africa",2016,"DHS","ZA71FL",TRUE,6,FALSE,""
"TZA","Tanzania",2004,"DHS","TZ4IFL",FALSE,0,FALSE,"no usable mortality/prevalence overlap"
"TZA","Tanzania",2007,"AIS","TZ51FL",FALSE,0,FALSE,"no usable mortality/prevalence overlap"
"TZA","Tanzania",2010,"DHS","TZ63FL",TRUE,8,TRUE,""
"TZA","Tanzania",2012,"AIS","TZ6AFL",FALSE,0,FALSE,"no usable mortality/prevalence overlap"
"TZA","Tanzania",2015,"DHS","TZ7BFL",TRUE,9,TRUE,""
"TZA","Tanzania",2022,"DHS","TZ82FL",TRUE,9,TRUE,""
"TGO","Togo",2013,"DHS","TG61FL",TRUE,4,TRUE,""
"UGA","Uganda",2000,"DHS","UG41FL",TRUE,4,FALSE,""
"UGA","Uganda",2006,"DHS","UG52FL",TRUE,9,TRUE,""
"UGA","Uganda",2009,"MIS","UG5AFL",TRUE,9,FALSE,""
"UGA","Uganda",2011,"DHS","UG61FL",FALSE,0,FALSE,"no usable mortality/prevalence overlap"
"UGA","Uganda",2016,"DHS","UG7BFL",TRUE,12,TRUE,""
"ZMB","Zambia",2002,"DHS","ZM42FL",TRUE,9,FALSE,""
"ZMB","Zambia",2007,"DHS","ZM51FL",TRUE,9,TRUE,""
"ZMB","Zambia",2013,"DHS","ZM61FL",TRUE,10,TRUE,""
"ZMB","Zambia",2018,"DHS","ZM71FL",TRUE,10,TRUE,""
"ZMB","Zambia",2024,"DHS","ZM81FL",TRUE,10,TRUE,""
"ZWE","Zimbabwe",2005,"DHS","ZW52FL",TRUE,8,TRUE,""
"ZWE","Zimbabwe",2010,"DHS","ZW62FL",TRUE,10,TRUE,""
"ZWE","Zimbabwe",2015,"DHS","ZW72FL",TRUE,9,TRUE,""
