"iso3","year","regkey","month","measured","map","gap","sahel","era"
"AGO",2011,"hiperendemica",2.46760530211758,16.4357014329885,NA,NA,FALSE,"2009-2012"
"AGO",2011,"luanda",1.84497843829265,1.82173048365905,6.04885840063977,4.22712791698072,FALSE,"2009-2012"
"AGO",2011,"mesoendemicaestavel",2.67097150445276,11.0652976145973,NA,NA,FALSE,"2009-2012"
"AGO",2011,"mesoendemicainstavel",3.10467215720123,10.2574399721598,NA,NA,FALSE,"2009-2012"
"AGO",2015,"bengo",0.53052847444563,7.4804792199288,8.6843139499301,1.2038347300013,FALSE,"2013-2018"
"AGO",2015,"benguela",11.5568066262413,7.50518330220618,10.1514915889101,2.64630828670392,FALSE,"2013-2018"
"AGO",2015,"bie",1.01024649053465,23.8766933621074,25.9841434236365,2.10745006152911,FALSE,"2013-2018"
"AGO",2015,"cabinda",0.629712461995617,15.1790027233656,20.8423335659145,5.66333084254888,FALSE,"2013-2018"
"AGO",2015,"cuandocubango",1.08107345857523,30.6573082071376,20.2260687694171,-10.4312394377205,FALSE,"2013-2018"
"AGO",2015,"cuanzanorte",12.0567110758559,28.5115232986039,29.0644113581561,0.55288805955216,FALSE,"2013-2018"
"AGO",2015,"cuanzasul",11.5853256295761,22.0066060511155,22.640072759523,0.633466708407479,FALSE,"2013-2018"
"AGO",2015,"cunene",0.649688784792297,0.327049392654191,6.77245896367257,6.44540957101838,FALSE,"2013-2018"
"AGO",2015,"huambo",11.6890534639314,0.72471118175708,4.59935550083992,3.87464431908284,FALSE,"2013-2018"
"AGO",2015,"huila",11.471572146059,1.99828698519194,5.97286551193955,3.97457852674761,FALSE,"2013-2018"
"AGO",2015,"luanda",0.800501288826929,4.46383668237244,7.88567715973098,3.42184047735854,FALSE,"2013-2018"
"AGO",2015,"lundanorte",11.7206872929589,16.7317733817495,22.5755180991572,5.84374471740771,FALSE,"2013-2018"
"AGO",2015,"lundasul",0.603965817201287,7.09256781324124,19.2638545445957,12.1712867313545,FALSE,"2013-2018"
"AGO",2015,"malanje",11.7515123563787,18.2087843282762,19.2576875068855,1.04890317860927,FALSE,"2013-2018"
"AGO",2015,"moxico",11.5359884472756,31.332816125164,32.2776548471668,0.944838722002757,FALSE,"2013-2018"
"AGO",2015,"namibe",0.557174280652742,0.983175357828359,5.78929664733694,4.80612128950858,FALSE,"2013-2018"
"AGO",2015,"uige",11.6085319741336,24.103526424717,18.0921795220523,-6.0113469026647,FALSE,"2013-2018"
"AGO",2015,"zaire",12.3346806955563,15.8576037684347,19.7722014882068,3.91459771977214,FALSE,"2013-2018"
"AGO",2023,"bengo",9.67350376571002,28.5180788221829,15.3172708651532,-13.2008079570297,FALSE,"2019-2024"
"AGO",2023,"benguela",9.7712324835759,9.80519223928078,28.2745960065671,18.4694037672863,FALSE,"2019-2024"
"AGO",2023,"bie",9.66044375663929,28.3983157321661,28.4529715472114,0.0546558150452903,FALSE,"2019-2024"
"AGO",2023,"cabinda",9.79440355298303,12.8116447032136,27.9566506239455,15.1450059207319,FALSE,"2019-2024"
"AGO",2023,"cuandocubango",9.3441323211955,5.62849056109647,21.263534271587,15.6350437104905,FALSE,"2019-2024"
"AGO",2023,"cuanzanorte",9.91412683968596,29.4169244797574,NA,NA,FALSE,"2019-2024"
"AGO",2023,"cuanzasul",9.95184712027333,17.5444756409494,NA,NA,FALSE,"2019-2024"
"AGO",2023,"cunene",10.2592612893544,0.941086131256514,20.1971825326909,19.2560964014344,FALSE,"2019-2024"
"AGO",2023,"huambo",10.1909504119437,15.2029381735581,34.1816615515045,18.9787233779464,FALSE,"2019-2024"
"AGO",2023,"huila",9.97381937402161,8.67426598665535,27.3110479937611,18.6367820071058,FALSE,"2019-2024"
"AGO",2023,"luanda",10.074076024129,1.95307439847379,9.15256230592339,7.1994879074496,FALSE,"2019-2024"
"AGO",2023,"lundanorte",10.2316368070699,22.3832749798353,NA,NA,FALSE,"2019-2024"
"AGO",2023,"lundasul",9.41275435858423,6.15263254407819,NA,NA,FALSE,"2019-2024"
"AGO",2023,"malanje",10.2106360015376,27.2557978494111,36.8088810996339,9.55308325022279,FALSE,"2019-2024"
"AGO",2023,"moxico",9.14415462384096,20.9648754890709,22.8252761394997,1.86040065042882,FALSE,"2019-2024"
"AGO",2023,"namibe",10.0635030139046,2.07118651686614,13.3586100125455,11.2874234956794,FALSE,"2019-2024"
"AGO",2023,"uige",9.61299503250273,30.4673260803277,40.8834699017843,10.4161438214566,FALSE,"2019-2024"
"AGO",2023,"zaire",9.88880366237165,16.9029534643291,41.7168580753884,24.8139046110593,FALSE,"2019-2024"
"BFA",2010,"boucledemouhoun",8.70741379816878,80.6842310563072,NA,NA,TRUE,"2009-2012"
"BFA",2010,"cascades",9.27865682944964,62.6581572480558,66.2628469278618,3.604689679806,TRUE,"2009-2012"
"BFA",2010,"centre",5.66226953279666,28.954018188479,36.0325061227408,7.07848793426181,TRUE,"2009-2012"
"BFA",2010,"centreest",9.32075890387114,69.8956602633361,69.4405443637524,-0.455115899583745,TRUE,"2009-2012"
"BFA",2010,"centrenord",11.1778602440111,72.0667960379424,69.320832714056,-2.74596332388644,TRUE,"2009-2012"
"BFA",2010,"centreouest",8.82437676107287,79.8325518987536,76.4856020978722,-3.3469498008814,TRUE,"2009-2012"
"BFA",2010,"centresud",8.67675444794579,78.4622640166794,73.8797090591851,-4.58255495749427,TRUE,"2009-2012"
"BFA",2010,"est",9.32930177688134,72.2835943375091,75.5750602771903,3.29146593968122,TRUE,"2009-2012"
"BFA",2010,"hautsbasins",9.19868238358811,62.1379250229132,NA,NA,TRUE,"2009-2012"
"BFA",2010,"nord",11.1048582362781,66.8975699685435,64.3212842577497,-2.57628571079381,TRUE,"2009-2012"
"BFA",2010,"plateaucentral",10.7950931943856,63.5970551353628,62.8038568181943,-0.793198317168503,TRUE,"2009-2012"
"BFA",2010,"sahel",9.52791475713285,76.8745115250817,75.1773424882967,-1.697169036785,TRUE,"2009-2012"
"BFA",2010,"sudouest",8.83558142906895,81.1548683697076,80.744019608043,-0.410848761664553,TRUE,"2009-2012"
"BFA",2021,"boucledumouhoun",8.92751615176528,11.0642674331174,18.244281302319,7.18001386920155,TRUE,"2019-2024"
"BFA",2021,"cascades",9.19539064696768,5.70953363327481,21.6001038076989,15.8905701744241,TRUE,"2019-2024"
"BFA",2021,"centre",10.0136357245532,5.09520729899405,20.1443449594937,15.0491376604996,TRUE,"2019-2024"
"BFA",2021,"centreest",8.9211921663624,10.9842493643227,21.1633945751918,10.1791452108691,TRUE,"2019-2024"
"BFA",2021,"centrenord",8.61381303849353,13.7271008673886,25.6305307975309,11.9034299301423,TRUE,"2019-2024"
"BFA",2021,"centreouest",9.16558511357229,28.1639780872608,31.1164040837524,2.95242599649155,TRUE,"2019-2024"
"BFA",2021,"centresud",9.05788393927303,15.1520869062649,27.9012264532273,12.7491395469624,TRUE,"2019-2024"
"BFA",2021,"est",9.42642840266472,28.6579286892675,34.2431980590806,5.58526936981308,TRUE,"2019-2024"
"BFA",2021,"hautsbassins",9.19478679675871,6.91065086259632,19.9922641211867,13.0816132585904,TRUE,"2019-2024"
"BFA",2021,"nord",8.79859817702699,11.8491217040859,21.3821379512942,9.5330162472083,TRUE,"2019-2024"
"BFA",2021,"plateaucentral",9.65853708046115,20.7405815764584,25.4280278093875,4.68744623292907,TRUE,"2019-2024"
"BFA",2021,"sahel",8.93819996384229,30.5226979840036,25.0606543640013,-5.4620436200023,TRUE,"2019-2024"
"BFA",2021,"sudouest",8.75209921506809,15.2751907788197,27.981303673041,12.7061128942213,TRUE,"2019-2024"
"BEN",2012,"alibori",1.66074318471142,47.835576816144,48.1562688535521,0.320692037408094,FALSE,"2009-2012"
"BEN",2012,"atacora",1.53449475156264,56.1199553713687,49.5683671475206,-6.55158822384815,FALSE,"2009-2012"
"BEN",2012,"atlantique",1.15720260130942,23.2167086530816,24.4938944106946,1.27718575761295,FALSE,"2009-2012"
"BEN",2012,"borgou",1.89934044933228,34.9322261659098,39.6222836717817,4.69005750587186,FALSE,"2009-2012"
"BEN",2012,"collines",1.73224939010342,23.8774146838897,30.7828220728235,6.90540738893382,FALSE,"2009-2012"
"BEN",2012,"couffo",1.6434962138794,39.8294625325905,33.4858323913592,-6.34363014123132,FALSE,"2009-2012"
"BEN",2012,"donga",2.66282459906214,47.7304367843326,51.8786421269879,4.14820534265526,FALSE,"2009-2012"
"BEN",2012,"littoral",12.43896215938,22.323361175973,17.44013058463,-4.88323059134298,FALSE,"2009-2012"
"BEN",2012,"mono",1.50134567024374,12.1769139980323,23.9078318698499,11.7309178718176,FALSE,"2009-2012"
"BEN",2012,"oueme",1.24835731020542,16.8931415427339,18.4437444156701,1.55060287293622,FALSE,"2009-2012"
"BEN",2012,"plateau",1.57638067131549,24.2491334924077,24.275987981264,0.0268544888562658,FALSE,"2009-2012"
"BEN",2012,"zou",1.57288657632912,27.5841181030749,31.2510095264015,3.66689142332661,FALSE,"2009-2012"
"BEN",2017,"alibori",0.82940569913995,38.9289569681715,39.7891265116426,0.860169543471095,FALSE,"2013-2018"
"BEN",2017,"atacora",12.3269825000454,51.9709488769778,50.7261000401382,-1.24484883683961,FALSE,"2013-2018"
"BEN",2017,"atlantic",12.0733305336107,35.8264790933925,33.2886210865307,-2.53785800686183,FALSE,"2013-2018"
"BEN",2017,"borgou",12.2638898699191,46.7548685192418,43.3308044176112,-3.42406410163065,FALSE,"2013-2018"
"BEN",2017,"collines",12.4951276795537,44.3608599954874,47.531725964916,3.17086596942861,FALSE,"2013-2018"
"BEN",2017,"couffo",12.3699583242455,53.6679194541528,55.7785260789463,2.11060662479349,FALSE,"2013-2018"
"BEN",2017,"donga",0.902503370797623,49.0529170085079,51.2162068466502,2.16328983814227,FALSE,"2013-2018"
"BEN",2017,"littoral",0.521087702358739,17.2838486536803,19.2965042659496,2.01265561226931,FALSE,"2013-2018"
"BEN",2017,"mono",0.596079823524208,40.0168262805387,49.1732100578486,9.15638377730995,FALSE,"2013-2018"
"BEN",2017,"oueme",0.713950976332345,27.5648363146592,26.3059626181534,-1.25887369650576,FALSE,"2013-2018"
"BEN",2017,"plateau",12.4935276187109,38.7976437402199,35.8413411207569,-2.95630261946304,FALSE,"2013-2018"
"BEN",2017,"zou",12.3269958208221,38.6606469435624,41.6876551641187,3.02700822055634,FALSE,"2013-2018"
"BDI",2016,"bubanza",11.7883778457486,20.5751965417421,13.7442630402431,-6.83093350149899,FALSE,"2013-2018"
"BDI",2016,"bujumburamairie",12.3358452867995,2.60090313850076,6.07892076655891,3.47801762805815,FALSE,"2013-2018"
"BDI",2016,"bujumburarural",11.8305100590669,4.99322911348745,7.6308426543042,2.63761354081675,FALSE,"2013-2018"
"BDI",2016,"bururi",11.2606618249369,7.84608242084386,8.35534698349855,0.509264562654685,FALSE,"2013-2018"
"BDI",2016,"cankuzo",12.0672123245544,44.9676861491222,33.9248387431639,-11.0428474059583,FALSE,"2013-2018"
"BDI",2016,"cibitoke",12.4007442988574,27.1910168985625,18.3066193005808,-8.88439759798173,FALSE,"2013-2018"
"BDI",2016,"gitega",12.2395100848822,34.7756963588901,15.157244109509,-19.6184522493811,FALSE,"2013-2018"
"BDI",2016,"karusi",12.2972073397804,31.0054615494972,24.3532340105804,-6.65222753891677,FALSE,"2013-2018"
"BDI",2016,"kayanza",12.2271681881655,26.0523628566929,15.6099640829441,-10.4423987737488,FALSE,"2013-2018"
"BDI",2016,"kirundo",12.2346270916558,56.274792781792,38.8208648834389,-17.453927898353,FALSE,"2013-2018"
"BDI",2016,"makamba",11.9029818471032,23.9555103872662,13.5866246126256,-10.3688857746406,FALSE,"2013-2018"
"BDI",2016,"muramvya",11.8413536461589,20.557488551383,12.2190392548577,-8.33844929652528,FALSE,"2013-2018"
"BDI",2016,"muyinga",11.2642486952584,48.8917249769626,35.2323892482486,-13.659335728714,FALSE,"2013-2018"
"BDI",2016,"mwaro",11.9654140945736,17.0396219197513,12.2407435905905,-4.7988783291608,FALSE,"2013-2018"
"BDI",2016,"ngozi",12.233162183528,41.6158716026519,21.8809199566621,-19.7349516459897,FALSE,"2013-2018"
"BDI",2016,"rumonge",12.404263281411,16.1566739098427,8.1029604142987,-8.05371349554404,FALSE,"2013-2018"
"BDI",2016,"rutana",0.504652517963582,25.9146992338317,21.2035466483529,-4.7111525854788,FALSE,"2013-2018"
"BDI",2016,"ruyigi",11.99550460153,40.171787881468,31.7660873074495,-8.40570057401855,FALSE,"2013-2018"
"COD",2013,"bandundu",12.0165344358516,14.9706890030324,15.3278580068544,0.357169003822028,FALSE,"2013-2018"
"COD",2013,"bascongo",12.0012787672844,24.909972505323,35.712663774185,10.802691268862,FALSE,"2013-2018"
"COD",2013,"equateur",12.1598895117225,19.9516149538163,33.3429676154131,13.3913526615968,FALSE,"2013-2018"
"COD",2013,"kasaioccidental",12.0002852795961,33.4368077423659,35.5115125130537,2.07470477068778,FALSE,"2013-2018"
"COD",2013,"kasaioriental",11.9709756999681,30.4697478791553,35.5133366048563,5.04358872570097,FALSE,"2013-2018"
"COD",2013,"katanga",12.0229296372302,33.4274450510082,40.3303078725577,6.90286282154951,FALSE,"2013-2018"
"COD",2013,"kinshasa",8.36277415719947,19.0852104678687,18.8761992330767,-0.20901123479198,FALSE,"2013-2018"
"COD",2013,"maniema",12.1260133846594,35.580609482812,44.2612283117679,8.68061882895588,FALSE,"2013-2018"
"COD",2013,"nordkivu",11.9757453106175,5.19069796345423,14.8204554412333,9.62975747777907,FALSE,"2013-2018"
"COD",2013,"orientale",11.9052824927593,39.6754498249221,44.2260330734669,4.5505832485448,FALSE,"2013-2018"
"COD",2013,"sudkivu",0.51411991939911,10.4155062587664,19.5838162794464,9.16831002067999,FALSE,"2013-2018"
"COD",2023,"basuele",12.127369987152,47.4225545631897,48.9866275125482,1.5640729493585,FALSE,"2019-2024"
"COD",2023,"equateur",12.1171511754232,16.7258928211874,41.2524800617955,24.5265872406081,FALSE,"2019-2024"
"COD",2023,"hautkatanga",12.2248432176268,16.077979646355,25.1805901192018,9.1026104728468,FALSE,"2019-2024"
"COD",2023,"hautlomami",12.4341173365142,34.0254602185695,34.6565233704194,0.631063151849901,FALSE,"2019-2024"
"COD",2023,"hautuele",0.578972796266388,15.5491498215627,47.6798264277977,32.130676606235,FALSE,"2019-2024"
"COD",2023,"ituri",12.2044977340281,26.1903338576099,40.4016845953057,14.2113507376959,FALSE,"2019-2024"
"COD",2023,"kasai",10.5705727610715,29.0633837696188,39.8518626512811,10.7884788816623,FALSE,"2019-2024"
"COD",2023,"kasaicentral",12.2422162545923,45.2785636566886,38.7244380351428,-6.55412562154579,FALSE,"2019-2024"
"COD",2023,"kasaioriental",11.8432666457319,33.8750351264735,21.4060308564105,-12.469004270063,FALSE,"2019-2024"
"COD",2023,"kinshasa",10.4402346026344,3.97564360509559,42.4992786071567,38.5236350020611,FALSE,"2019-2024"
"COD",2023,"kongocentral",10.4331461378847,39.4691718090496,36.9694583574078,-2.49971345164175,FALSE,"2019-2024"
"COD",2023,"kwango",10.4416110171499,38.9972316207331,42.2059800972142,3.20874847648106,FALSE,"2019-2024"
"COD",2023,"kwilu",10.4830655410326,23.0098851162185,45.9633450306007,22.9534599143822,FALSE,"2019-2024"
"COD",2023,"lomami",12.2208324071222,40.0505048123942,41.0374990634748,0.986994251080574,FALSE,"2019-2024"
"COD",2023,"lualaba",0.535005045156255,38.8803021763157,39.5899821106873,0.709679934371628,FALSE,"2019-2024"
"COD",2023,"maindombe",10.6626841067747,11.9347815113144,39.5738024510783,27.6390209397639,FALSE,"2019-2024"
"COD",2023,"maniema",12.4587668715578,44.449883937047,29.0136126507798,-15.4362712862672,FALSE,"2019-2024"
"COD",2023,"mongala",12.3086786444963,9.1308936990047,47.7909604523418,38.6600667533371,FALSE,"2019-2024"
"COD",2023,"nordkivu",12.2650570643225,6.7644018554355,20.0535302586674,13.2891284032319,FALSE,"2019-2024"
"COD",2023,"nordubangi",12.0855622256098,18.5067297610049,51.9139524846358,33.4072227236309,FALSE,"2019-2024"
"COD",2023,"sankuru",10.1261633234136,32.6080485950416,30.0827047940721,-2.52534380096954,FALSE,"2019-2024"
"COD",2023,"sudkivu",12.4207880108983,17.726255479,21.7992252130413,4.07296973404127,FALSE,"2019-2024"
"COD",2023,"sudubangi",12.2601259860951,19.5007121186359,46.4839051895132,26.9831930708773,FALSE,"2019-2024"
"COD",2023,"tanganyika",12.2374687927258,34.8974061714943,34.9994554672926,0.102049295798302,FALSE,"2019-2024"
"COD",2023,"tshopo",12.2748976606209,33.9242832823243,52.0043797456289,18.0800964633046,FALSE,"2019-2024"
"COD",2023,"tshuapa",12.1429254761026,32.8185269300421,63.0571140133599,30.2385870833178,FALSE,"2019-2024"
"CIV",2012,"centre",2.20376382574542,19.5158217512832,NA,NA,FALSE,"2009-2012"
"CIV",2012,"centreest",1.52952637178925,17.6942585838692,NA,NA,FALSE,"2009-2012"
"CIV",2012,"centrenord",2.17897217121271,14.0168041307236,NA,NA,FALSE,"2009-2012"
"CIV",2012,"centreouest",2.17190936283297,25.2308598564875,NA,NA,FALSE,"2009-2012"
"CIV",2012,"nord",1.97060375030986,14.8270395749919,NA,NA,FALSE,"2009-2012"
"CIV",2012,"nordest",2.2001843429058,20.586554721266,NA,NA,FALSE,"2009-2012"
"CIV",2012,"nordouest",2.78476681862828,12.0589586856694,NA,NA,FALSE,"2009-2012"
"CIV",2012,"ouest",1.90144077848384,25.9373972311791,NA,NA,FALSE,"2009-2012"
"CIV",2012,"sudouest",2.16174732205777,18.0941174346574,NA,NA,FALSE,"2009-2012"
"CIV",2012,"sudsansabidjan",1.648108215713,19.4523437433248,NA,NA,FALSE,"2009-2012"
"CIV",2012,"villedabidjan",12.0613322094879,4.93202716252823,NA,NA,FALSE,"2009-2012"
"CIV",2021,"abidjan",9.03363722870875,1.07780912077982,10.3671445727734,9.28933545199358,FALSE,"2019-2024"
"CIV",2021,"bassassandra",10.3626716328255,37.7951229712164,35.2635461585744,-2.53157681264199,FALSE,"2019-2024"
"CIV",2021,"comoe",10.672675595068,13.1974685559931,18.7295015156502,5.53203295965706,FALSE,"2019-2024"
"CIV",2021,"denguele",10.1481349137065,31.3950905908155,27.336849111372,-4.05824147944352,FALSE,"2019-2024"
"CIV",2021,"gohdjiboua",11.69637701087,22.226585985774,26.7656590936071,4.53907310783308,FALSE,"2019-2024"
"CIV",2021,"lacs",10.5294092350348,33.3154300457539,30.4186906751066,-2.89673937064734,FALSE,"2019-2024"
"CIV",2021,"lagunes",10.5995330169222,28.8540731317551,21.7540985447661,-7.09997458698899,FALSE,"2019-2024"
"CIV",2021,"montagnes",11.6271529075661,39.5823147948148,38.6184765461955,-0.963838248619268,FALSE,"2019-2024"
"CIV",2021,"sassandramarahoue",10.3073772947718,43.1391530657952,39.0380165237127,-4.10113654208252,FALSE,"2019-2024"
"CIV",2021,"savanes",10.312913647536,21.333450161682,18.7354237928873,-2.59802636879466,FALSE,"2019-2024"
"CIV",2021,"valleedubandama",11.6717583310656,19.5820676406243,24.1115928506148,4.52952520999048,FALSE,"2019-2024"
"CIV",2021,"woroba",11.2143522275943,41.6378269070399,34.9420628459773,-6.69576406106257,FALSE,"2019-2024"
"CIV",2021,"yamoussoukro",11.7288096160952,9.11498342726774,20.0046811845883,10.8896977573206,FALSE,"2019-2024"
"CIV",2021,"zanzan",11.2678788239887,46.4979815027369,34.7003873628339,-11.797594139903,FALSE,"2019-2024"
"CMR",2018,"adamawa",8.17717507609996,24.3419179082556,33.8519167713662,9.50999886311062,FALSE,"2013-2018"
"CMR",2018,"centrewithoutyaoundecentresansyaounde",9.08621901049293,36.3446965948571,NA,NA,FALSE,"2013-2018"
"CMR",2018,"douala",7.48582099922173,6.90711437999528,18.8526335098172,11.9455191298219,FALSE,"2013-2018"
"CMR",2018,"east",8.59390671602416,27.3207585481063,44.5416289496159,17.2208704015096,FALSE,"2013-2018"
"CMR",2018,"farnorth",9.07002403700699,16.96828920269,16.8277312514797,-0.140557951210297,FALSE,"2013-2018"
"CMR",2018,"littoralwithoutdouala",9.55904859120894,15.8767609125306,NA,NA,FALSE,"2013-2018"
"CMR",2018,"north",8.61080680713013,20.2334252490614,23.3543765274648,3.12095127840336,FALSE,"2013-2018"
"CMR",2018,"northwest",7.75529611443754,7.39540775123759,13.1579270147973,5.76251926355971,FALSE,"2013-2018"
"CMR",2018,"south",8.72777663590523,25.2890503861566,36.1155637663572,10.8265133802006,FALSE,"2013-2018"
"CMR",2018,"southwest",11.9418793700192,7.5314168577722,24.3724601602138,16.8410433024416,FALSE,"2013-2018"
"CMR",2018,"west",9.22758549194907,12.1277384825087,14.5367182878728,2.40897980536412,FALSE,"2013-2018"
"CMR",2018,"yaounde",6.7101674156152,11.4592825104464,19.4471941268339,7.98791161638754,FALSE,"2013-2018"
"GAB",2020,"estuairewithoutlibreville",2.82872310287711,0.00659713801119401,NA,NA,FALSE,"2019-2024"
"GAB",2020,"hautogooue",8.09682788181564,0.00659713801119401,NA,NA,FALSE,"2019-2024"
"GAB",2020,"libreville",11.6484881060512,0.00659713801119401,NA,NA,FALSE,"2019-2024"
"GAB",2020,"moyenogooue",2.64727896038886,0.00659713801119401,NA,NA,FALSE,"2019-2024"
"GAB",2020,"ngounie",8.66058751935074,0.00659713801119401,NA,NA,FALSE,"2019-2024"
"GAB",2020,"nyanga",2.33421768263753,0.00659713801119401,NA,NA,FALSE,"2019-2024"
"GAB",2020,"ogooueivindo",3.9357858448959,0.00659713801119401,NA,NA,FALSE,"2019-2024"
"GAB",2020,"ogoouelolo",2.98764392294244,0.00659713801119401,NA,NA,FALSE,"2019-2024"
"GAB",2020,"ogoouemaritimewithoutportgentil",7.2212005937597,0.00659713801119401,NA,NA,FALSE,"2019-2024"
"GAB",2020,"portgentil",1.10572025764747,0.00659713801119401,NA,NA,FALSE,"2019-2024"
"GAB",2020,"woleuntem",9.92055143465992,0.00659713801119401,NA,NA,FALSE,"2019-2024"
"GHA",2014,"ashanti",10.031044660893,20.1680468270238,22.4588110184588,2.29076419143502,FALSE,"2013-2018"
"GHA",2014,"brongahafo",10.1543479808474,32.9608455837831,45.7941824334821,12.833336849699,FALSE,"2013-2018"
"GHA",2014,"central",9.86872317067321,41.1201382664511,42.8675519647798,1.74741369832871,FALSE,"2013-2018"
"GHA",2014,"eastern",10.013129679752,35.1299089553382,41.3665342869292,6.23662533159097,FALSE,"2013-2018"
"GHA",2014,"greateraccra",9.75124946721415,12.3153154444585,16.5874402720744,4.27212482761589,FALSE,"2013-2018"
"GHA",2014,"northern",10.4216191306035,41.7477777573864,50.3283164615479,8.58053870416155,FALSE,"2013-2018"
"GHA",2014,"uppereast",9.82074306096378,12.3802867433533,20.9077626082867,8.52747586493341,FALSE,"2013-2018"
"GHA",2014,"upperwest",10.3220882850181,39.7523114584578,50.6082210892515,10.8559096307937,FALSE,"2013-2018"
"GHA",2014,"volta",10.4150356940151,27.1102157537345,37.427173064721,10.3169573109865,FALSE,"2013-2018"
"GHA",2014,"western",10.1513258837867,41.7000571928968,36.75256304376,-4.94749414913677,FALSE,"2013-2018"
"GHA",2022,"ahafo",11.850904558376,12.3194381226567,20.7636069783853,8.44416885572858,FALSE,"2019-2024"
"GHA",2022,"ashanti",11.2609339049941,7.6690657470925,14.8988307944646,7.2297650473721,FALSE,"2019-2024"
"GHA",2022,"bono",0.53966919806498,10.282875927179,21.2332325271773,10.9503565999983,FALSE,"2019-2024"
"GHA",2022,"bonoeast",12.1622247054751,12.5716323420285,23.9171243365965,11.345491994568,FALSE,"2019-2024"
"GHA",2022,"central",11.5477214596188,9.98978124679684,20.9748534355935,10.9850721887967,FALSE,"2019-2024"
"GHA",2022,"eastern",11.4335645660855,6.95470498169703,21.1921329831914,14.2374280014944,FALSE,"2019-2024"
"GHA",2022,"greateraccra",11.4942474260402,2.10824299895459,13.4332558396436,11.325012840689,FALSE,"2019-2024"
"GHA",2022,"northeast",11.0704637025938,10.8021183092535,20.3126641995418,9.51054589028825,FALSE,"2019-2024"
"GHA",2022,"northern",10.9000150491343,11.0773982005901,18.2931945935421,7.215796392952,FALSE,"2019-2024"
"GHA",2022,"oti",10.898780453987,15.4296590963612,20.3996076790661,4.96994858270489,FALSE,"2019-2024"
"GHA",2022,"savannah",11.0759846807382,12.5171327241585,21.6574706357954,9.14033791163686,FALSE,"2019-2024"
"GHA",2022,"uppereast",10.9917535552131,12.6928483032105,21.8787017080537,9.18585340484323,FALSE,"2019-2024"
"GHA",2022,"upperwest",10.9897078805708,13.9939069783496,22.1495591611844,8.15565218283481,FALSE,"2019-2024"
"GHA",2022,"volta",11.5811676267993,6.63440089081539,19.9931517027557,13.3587508119403,FALSE,"2019-2024"
"GHA",2022,"western",11.3506755606197,9.83693604918317,23.3775315288042,13.540595479621,FALSE,"2019-2024"
"GHA",2022,"westernnorth",11.1885988041317,4.61241994183534,22.3329891470085,17.7205692051732,FALSE,"2019-2024"
"GMB",2013,"banjul",1.99999999999999,0.00659713801119401,18.0556900574288,18.0490929194176,TRUE,"2013-2018"
"GMB",2013,"basse",3.48333724614733,0.990357837862271,28.1708007291147,27.1804428912524,TRUE,"2013-2018"
"GMB",2013,"brikama",2.93551053018469,1.06365486504566,18.8853341848098,17.8216793197641,TRUE,"2013-2018"
"GMB",2013,"janjanbureh",3.4401332562865,0.252126374131559,20.1625979215719,19.9104715474403,TRUE,"2013-2018"
"GMB",2013,"kanifing",2,1.18320481311006,17.4920331987834,16.3088283856733,TRUE,"2013-2018"
"GMB",2013,"kerewan",3.5637541302968,0.121288977909489,17.4490457999502,17.3277568220407,TRUE,"2013-2018"
"GMB",2013,"kuntaur",3.65914320792787,0.166196891198659,17.9885569834809,17.8223600922822,TRUE,"2013-2018"
"GMB",2013,"mansakonko",3.54608969846407,0.00659713801119401,18.4604153690541,18.4538182310429,TRUE,"2013-2018"
"GMB",2020,"banjul",11.3706048819436,0.00659713801119401,NA,NA,TRUE,"2019-2024"
"GMB",2020,"basse",2.23848752372139,0.403090268668265,NA,NA,TRUE,"2019-2024"
"GMB",2020,"brikama",1.76857698465728,0.502794609208264,NA,NA,TRUE,"2019-2024"
"GMB",2020,"janjanbureh",1.72984043046564,0.364782842416837,NA,NA,TRUE,"2019-2024"
"GMB",2020,"kanifing",11.8249882469716,0.254538609262451,NA,NA,TRUE,"2019-2024"
"GMB",2020,"kerewan",1.84213953705356,0.00659713801119401,NA,NA,TRUE,"2019-2024"
"GMB",2020,"kuntaur",1.97305342284515,0.138086190969342,NA,NA,TRUE,"2019-2024"
"GMB",2020,"mansakonko",2.09685041274775,0.00659713801119401,NA,NA,TRUE,"2019-2024"
"GIN",2012,"boke",8.15605796371247,24.3745764976961,29.9404808566518,5.56590435895569,FALSE,"2009-2012"
"GIN",2012,"conakry",6.00000000000003,3.26706100981594,15.4927597727791,12.2256987629632,FALSE,"2009-2012"
"GIN",2012,"faranah",7.74673202732331,69.2500490243451,68.1545536115567,-1.09549541278841,FALSE,"2009-2012"
"GIN",2012,"kankan",8.11367129427753,52.4938018691116,55.5075991836799,3.01379731456832,FALSE,"2009-2012"
"GIN",2012,"kindia",8.07831133225433,56.8456100913132,42.0215936763154,-14.8240164149978,FALSE,"2009-2012"
"GIN",2012,"labe",7.86362834821086,38.7113974895949,37.6005953314441,-1.11080215815083,FALSE,"2009-2012"
"GIN",2012,"mamou",8.33007099218564,48.6295191019019,43.7095064969832,-4.92001260491871,FALSE,"2009-2012"
"GIN",2012,"nzerekore",8.41983133769895,62.0004324868479,61.5797109675483,-0.420721519299633,FALSE,"2009-2012"
"LBR",2009,"monrovia",12.0027562195028,17.1729473958721,14.4151306702503,-2.7578167256218,FALSE,"2009-2012"
"LBR",2009,"northcentral",1.36793520643548,45.3998378421075,47.4811330007484,2.08129515864086,FALSE,"2009-2012"
"LBR",2009,"northwestern",1.41441097743182,31.1385940812515,33.1434464995762,2.00485241832467,FALSE,"2009-2012"
"LBR",2009,"southcentral",1.4446349279601,29.3463375936854,26.8555396634298,-2.4907979302556,FALSE,"2009-2012"
"LBR",2009,"southeasterna",1.50426906527345,30.4701337200161,42.4965050664799,12.0263713464638,FALSE,"2009-2012"
"LBR",2009,"southeasternb",1.76237998508066,38.9081285144863,42.3644523644131,3.45632384992675,FALSE,"2009-2012"
"MDG",2021,"alaotramangoro",5.85927337639447,8.40338815340179,10.3698470910546,1.96645893765281,FALSE,"2019-2024"
"MDG",2021,"amoronimania",6.20174688779167,4.27548946461183,7.07085995274209,2.79537048813026,FALSE,"2019-2024"
"MDG",2021,"analamanga",5.39553552265216,0.358678720650922,NA,NA,FALSE,"2019-2024"
"MDG",2021,"analanjirofo",4.15780251525155,4.61241980136218,8.9927318901736,4.38031208881142,FALSE,"2019-2024"
"MDG",2021,"androy",3.89136169999695,5.21269793829488,7.82371766782769,2.61101972953281,FALSE,"2019-2024"
"MDG",2021,"anosy",4.82057626812772,25.1361375658853,23.8001153242546,-1.33602224163071,FALSE,"2019-2024"
"MDG",2021,"antananarivo",3.03614868981606,0.00659713801119401,NA,NA,FALSE,"2019-2024"
"MDG",2021,"atsimoandrefana",5.89241830475088,3.22158617675159,7.8105485588213,4.58896238206971,FALSE,"2019-2024"
"MDG",2021,"atsimoatsinanana",4.07939584307699,21.1244253193159,26.4558471009005,5.33142178158456,FALSE,"2019-2024"
"MDG",2021,"atsinanana",4.26166558696794,10.6638468106232,10.7793613097942,0.115514499170995,FALSE,"2019-2024"
"MDG",2021,"betsiboka",6.03221329707642,6.06938614500856,8.30408487682998,2.23469873182142,FALSE,"2019-2024"
"MDG",2021,"boeny",5.23571152599639,0.85159784514463,6.82988885723422,5.97829101208959,FALSE,"2019-2024"
"MDG",2021,"bongolava",3.95943235848555,3.45358848089942,6.57557144927352,3.1219829683741,FALSE,"2019-2024"
"MDG",2021,"diana",4.97846968711975,0.00659713801119401,7.66537403410322,7.65877689609203,FALSE,"2019-2024"
"MDG",2021,"hautematsiatra",6.33559135062581,4.50723183664705,8.11241113712081,3.60517930047376,FALSE,"2019-2024"
"MDG",2021,"ihorombe",6.2220672082805,16.1420134076005,17.2522373880862,1.1102239804857,FALSE,"2019-2024"
"MDG",2021,"itasy",4.31824231500748,0.00659713801119401,6.02182520251574,6.01522806450455,FALSE,"2019-2024"
"MDG",2021,"melaky",5.37032177949632,11.0588286532977,10.6330722792763,-0.425756374021402,FALSE,"2019-2024"
"MDG",2021,"menabe",5.80173799094391,7.42227602206953,7.31005700621172,-0.112219015857815,FALSE,"2019-2024"
"MDG",2021,"sava",4.17205850898961,1.39575686482978,8.60869018271501,7.21293331788523,FALSE,"2019-2024"
"MDG",2021,"sofia",5.50073019022645,3.25189706949237,7.91349377967754,4.66159671018517,FALSE,"2019-2024"
"MDG",2021,"vakinankaratra",5.06616584321304,0.662764164838461,6.9861348903213,6.32337072548284,FALSE,"2019-2024"
"MDG",2021,"vatovavyfitovinany",4.15386013737874,12.1087810589247,12.9175557889589,0.808774730034235,FALSE,"2019-2024"
"MLI",2012,"bamako",11.2523310952521,10.1886897737082,10.4333478248808,0.244658051172616,TRUE,"2009-2012"
"MLI",2012,"kayes",1,41.2078568694455,28.5944699685134,-12.6133869009321,TRUE,"2009-2012"
"MLI",2012,"koulikoro",1,53.1103990674509,35.1307763915664,-17.9796226758845,TRUE,"2009-2012"
"MLI",2012,"mopti",12.0016390199219,74.1329078327746,65.3323147811116,-8.80059305166296,TRUE,"2009-2012"
"MLI",2012,"segou",12.0387984087187,60.4583050478894,51.654779759712,-8.8035252881774,TRUE,"2009-2012"
"MLI",2012,"sikasso",11.4701837216351,66.20956907597,58.0851998843594,-8.1243691916106,TRUE,"2009-2012"
"MLI",2018,"bamako",8.94688760249754,0.673665882286961,4.93650966148588,4.26284377919892,TRUE,"2013-2018"
"MLI",2018,"gao",9.28632912286785,11.9082498081881,11.9911739741907,0.0829241660025737,TRUE,"2013-2018"
"MLI",2018,"kayes",9.0001255916645,9.75060908494877,12.3466705885497,2.59606150360093,TRUE,"2013-2018"
"MLI",2018,"kidal",9.33781042342978,1.22871295585271,6.92102980010419,5.69231684425148,TRUE,"2013-2018"
"MLI",2018,"koulikoro",9.06654672577544,16.8531568671684,14.501563472995,-2.35159339417339,TRUE,"2013-2018"
"MLI",2018,"mopti",8.81273418783721,19.3299585728564,16.7176623758271,-2.61229619702928,TRUE,"2013-2018"
"MLI",2018,"segou",8.7864856809353,20.1587760011043,17.6677288383662,-2.49104716273811,TRUE,"2013-2018"
"MLI",2018,"sikasso",8.81542092883961,23.022330321924,22.2493643344429,-0.772965987481061,TRUE,"2013-2018"
"MLI",2018,"toumbouctou",9.35886111741371,2.27914816339005,NA,NA,TRUE,"2013-2018"
"MRT",2020,"adrar",1.15021176200317,0.429419479010157,NA,NA,TRUE,"2019-2024"
"MRT",2020,"assaba",1.17991740732747,0.0647142292035389,2.29518685438786,2.23047262518432,TRUE,"2019-2024"
"MRT",2020,"brakna",1.19039846086818,0.48598450862012,2.39009785213818,1.90411334351806,TRUE,"2019-2024"
"MRT",2020,"dakhletnouadhibou",1.52640211764024,0.00659713801119401,NA,NA,TRUE,"2019-2024"
"MRT",2020,"gorgol",1.04353728921435,0.00659713801119401,2.00088982316489,1.9942926851537,TRUE,"2019-2024"
"MRT",2020,"guidimagha",1.51435401223652,0.525479728611719,1.36957294717427,0.844093218562551,TRUE,"2019-2024"
"MRT",2020,"hodhechargui",0.960966235860248,2.45432425764146,NA,NA,TRUE,"2019-2024"
"MRT",2020,"hodhgharbi",1.67979500038283,0.489357792676816,NA,NA,TRUE,"2019-2024"
"MRT",2020,"nouakchottnord",2.69957244204318,0.163658526410088,NA,NA,TRUE,"2019-2024"
"MRT",2020,"nouakchottouest",2.84033819630579,0.586383362898564,NA,NA,TRUE,"2019-2024"
"MRT",2020,"nouakchottsud",2.78374985484573,1.6920955202351,NA,NA,TRUE,"2019-2024"
"MRT",2020,"tagant",1.14105524437647,2.23930678917183,2.63664162177217,0.39733483260034,TRUE,"2019-2024"
"MRT",2020,"tiriszemouretinchiri",1.66868898993299,0.67965251954437,NA,NA,TRUE,"2019-2024"
"MRT",2020,"trarza",1.16988943812755,0.829505851722683,3.20577013854516,2.37626428682248,TRUE,"2019-2024"
"MWI",2024,"central",6.35749217348148,13.9363709467758,17.2592565226162,3.32288557584042,FALSE,"2019-2024"
"MWI",2024,"northern",6.78612480481146,9.19029298580227,12.6212709004839,3.43097791468163,FALSE,"2019-2024"
"MWI",2024,"southern",6.408784583975,10.8991062453844,23.2342835630954,12.335177317711,FALSE,"2019-2024"
"MOZ",2011,"cabodelgado",8.0016125191104,45.8744850087539,38.0837476804268,-7.7907373283271,FALSE,"2009-2012"
"MOZ",2011,"gaza",6.99093838741752,12.9993536415644,12.3371615686395,-0.662192072924862,FALSE,"2009-2012"
"MOZ",2011,"inhambane",8.07804688356209,29.3771960296298,28.7022303427615,-0.674965686868333,FALSE,"2009-2012"
"MOZ",2011,"manica",7.97706858981636,25.3260792535461,29.968105584608,4.64202633106194,FALSE,"2009-2012"
"MOZ",2011,"maputocidade",7.19481718822354,2.58525304712191,NA,NA,FALSE,"2009-2012"
"MOZ",2011,"maputoprovincia",7.29040067234685,4.94330850033087,NA,NA,FALSE,"2009-2012"
"MOZ",2011,"nampula",8.22169606703205,44.0968251419102,47.0013340160215,2.90450887411129,FALSE,"2009-2012"
"MOZ",2011,"niassa",8.34451141812406,37.9120421591648,34.3728840859906,-3.53915807317418,FALSE,"2009-2012"
"MOZ",2011,"sofala",8.05013334597571,32.7614808339656,30.5205672988257,-2.24091353513995,FALSE,"2009-2012"
"MOZ",2011,"tete",8.62533069432455,31.3588530519466,34.0075834537766,2.64873040182995,FALSE,"2009-2012"
"MOZ",2011,"zambezia",8.5286003690625,57.6445606231565,56.222411732802,-1.42214889035451,FALSE,"2009-2012"
"MOZ",2015,"cabodelgado",7.28408569014946,24.1410031579225,32.7518377212245,8.61083456330203,FALSE,"2013-2018"
"MOZ",2015,"gaza",7.02904896692084,12.9419682680673,11.9912009188229,-0.950767349244449,FALSE,"2013-2018"
"MOZ",2015,"inhambane",7.30306107137237,17.7143695594953,16.3972724405477,-1.31709711894758,FALSE,"2013-2018"
"MOZ",2015,"manica",7.41168268322743,20.1236814008969,19.114235440838,-1.00944596005894,FALSE,"2013-2018"
"MOZ",2015,"maputocidade",7.35892322218149,1.70956392755114,NA,NA,FALSE,"2013-2018"
"MOZ",2015,"maputoprovincia",7.35952925239041,2.06539217586123,NA,NA,FALSE,"2013-2018"
"MOZ",2015,"nampula",7.37152177373651,51.3148628394246,58.7748189979797,7.45995615855507,FALSE,"2013-2018"
"MOZ",2015,"niassa",7.28433970136148,28.0946821572126,28.3314423738994,0.236760216686775,FALSE,"2013-2018"
"MOZ",2015,"sofala",7.47915850845767,24.3985807970691,24.4471533726806,0.0485725756115372,FALSE,"2013-2018"
"MOZ",2015,"tete",7.75682721034075,23.5315970435116,24.915028908005,1.38343186449336,FALSE,"2013-2018"
"MOZ",2015,"zambezia",7.65182691340398,52.4078599470753,56.358047342568,3.95018739549275,FALSE,"2013-2018"
"MOZ",2022,"cabodelgado",9.41117109290348,29.8472325381379,24.7267088927642,-5.12052364537368,FALSE,"2019-2024"
"MOZ",2022,"cidadedemaputo",9.3139300590588,0.482934773530102,NA,NA,FALSE,"2019-2024"
"MOZ",2022,"gaza",10.5516180644847,4.5800472181964,9.0269660327946,4.4469188145982,FALSE,"2019-2024"
"MOZ",2022,"inhambane",10.3961204564375,12.110675553671,13.8167072008696,1.70603164719855,FALSE,"2019-2024"
"MOZ",2022,"manica",10.7886139571357,7.78223414152278,12.1162547293718,4.33402058784902,FALSE,"2019-2024"
"MOZ",2022,"maputo",9.97065314620453,0.211158403022723,9.30056614990983,9.08940774688711,FALSE,"2019-2024"
"MOZ",2022,"nampula",11.1682278371356,42.6466674905763,41.6357122079665,-1.01095528260977,FALSE,"2019-2024"
"MOZ",2022,"niassa",10.5254904903982,26.4793407103299,25.3286416176744,-1.15069909265553,FALSE,"2019-2024"
"MOZ",2022,"sofala",9.75195968823657,25.7288042929889,21.5429837624628,-4.18582053052609,FALSE,"2019-2024"
"MOZ",2022,"tete",10.0043178486726,15.0474651191531,17.8493532709414,2.80188815178828,FALSE,"2019-2024"
"MOZ",2022,"zambezia",11.5984626410767,27.0507052711921,26.4507996628634,-0.599905608328733,FALSE,"2019-2024"
"RWA",2010,"east",12.3857475488032,2.6429815286673,5.87789657141916,3.23491504275186,FALSE,"2009-2012"
"RWA",2010,"kigalicity",1.67552419209414,0.284708046636245,NA,NA,FALSE,"2009-2012"
"RWA",2010,"north",11.6514720602497,0.262938730568063,5.2230186501201,4.96007991955204,FALSE,"2009-2012"
"RWA",2010,"south",11.6445455414693,1.16506397888988,5.24423251281783,4.07916853392795,FALSE,"2009-2012"
"RWA",2010,"west",11.9569849696075,0.360983595113122,4.4057121121482,4.04472851703508,FALSE,"2009-2012"
"RWA",2015,"east",1.76428851455991,2.5628004484716,3.42981558309615,0.867015134624551,FALSE,"2013-2018"
"RWA",2015,"kigalicity",2.20587328712397,0.054795966632234,NA,NA,FALSE,"2013-2018"
"RWA",2015,"north",12.4505644985384,0.0677720937612329,2.81157786670206,2.74380577294083,FALSE,"2013-2018"
"RWA",2015,"south",0.993479681036242,2.48407246527119,4.47050900662898,1.98643654135779,FALSE,"2013-2018"
"RWA",2015,"west",12.3379161762772,0.447805597034729,2.7283565794641,2.28055098242937,FALSE,"2013-2018"
"RWA",2020,"east",5.13032942493132,0.424345255552416,NA,NA,FALSE,"2019-2024"
"RWA",2020,"kigali",5.00008247675795,0.451144751731114,NA,NA,FALSE,"2019-2024"
"RWA",2020,"north",12.4973677048909,0.499756391924547,NA,NA,FALSE,"2019-2024"
"RWA",2020,"south",1.25576819194301,0.866484080593124,NA,NA,FALSE,"2019-2024"
"RWA",2020,"west",0.525917050526925,0.905958861520716,NA,NA,FALSE,"2019-2024"
"SEN",2011,"dakar",10.526910023173,1.90732861668585,NA,NA,TRUE,"2009-2012"
"SEN",2011,"diourbel",0.95460753034194,3.25928379062516,NA,NA,TRUE,"2009-2012"
"SEN",2011,"fatick",2.59520331919987,2.50124749000485,NA,NA,TRUE,"2009-2012"
"SEN",2011,"kaffrine",1.78508985796947,5.4936460082569,NA,NA,TRUE,"2009-2012"
"SEN",2011,"kaolack",1.95931539428113,5.12357457179613,NA,NA,TRUE,"2009-2012"
"SEN",2011,"kedougou",1.56428306037817,15.1258392817834,NA,NA,TRUE,"2009-2012"
"SEN",2011,"kolda",1.11700823786781,13.1357754087793,NA,NA,TRUE,"2009-2012"
"SEN",2011,"louga",11.1951752875815,0.641619809359,NA,NA,TRUE,"2009-2012"
"SEN",2011,"matam",11.5236302260018,0.769593891564594,NA,NA,TRUE,"2009-2012"
"SEN",2011,"saintlouis",10.9623106081068,0.00659713801119401,NA,NA,TRUE,"2009-2012"
"SEN",2011,"sedhiou",3.07875054440552,1.03570041676104,NA,NA,TRUE,"2009-2012"
"SEN",2011,"tambacounda",1.32873494180881,8.28616038150669,NA,NA,TRUE,"2009-2012"
"SEN",2011,"thics",1.2200505226594,0.87152348603033,NA,NA,TRUE,"2009-2012"
"SEN",2011,"ziguinchor",3.90219991240694,1.64363014040022,NA,NA,TRUE,"2009-2012"
"SEN",2013,"dakar",7.41342170019723,0.102951945843777,NA,NA,TRUE,"2013-2018"
"SEN",2013,"diourbel",1.89627141237631,3.10041903771594,NA,NA,TRUE,"2013-2018"
"SEN",2013,"fatick",2.07060456604588,2.16578970197279,NA,NA,TRUE,"2013-2018"
"SEN",2013,"kaffrine",2.91964683467816,1.94265118813996,NA,NA,TRUE,"2013-2018"
"SEN",2013,"kaolack",2.55211226386837,1.55801748965854,NA,NA,TRUE,"2013-2018"
"SEN",2013,"kedougou",2.09731407607576,18.4107886123629,NA,NA,TRUE,"2013-2018"
"SEN",2013,"kolda",2.12938654387288,20.0008955404673,NA,NA,TRUE,"2013-2018"
"SEN",2013,"louga",1.68584840294689,0.25325450959097,NA,NA,TRUE,"2013-2018"
"SEN",2013,"matam",1.69513542994052,0.933435262201459,NA,NA,TRUE,"2013-2018"
"SEN",2013,"saintlouis",0.709995770338623,0.992755687191076,NA,NA,TRUE,"2013-2018"
"SEN",2013,"sedhiou",1.6154352189401,6.12823727261767,NA,NA,TRUE,"2013-2018"
"SEN",2013,"tambacounda",4.567547343977,9.6678404960226,NA,NA,TRUE,"2013-2018"
"SEN",2013,"thics",2.06808394483434,1.16449430260797,NA,NA,TRUE,"2013-2018"
"SEN",2013,"ziguinchor",3.77638126854384,1.30105639118468,NA,NA,TRUE,"2013-2018"
"SEN",2014,"dakar",4.04939417051696,0.373769243724276,NA,NA,TRUE,"2013-2018"
"SEN",2014,"diourbel",4.56840935050777,0.104384703985799,NA,NA,TRUE,"2013-2018"
"SEN",2014,"fatick",10.3159189190909,0.620471715613295,NA,NA,TRUE,"2013-2018"
"SEN",2014,"kaffrine",5.56793238210242,0.342457983581394,NA,NA,TRUE,"2013-2018"
"SEN",2014,"kaolack",5.31674379107059,0.582607686130738,NA,NA,TRUE,"2013-2018"
"SEN",2014,"kedougou",5.91697942057042,9.62574842727548,NA,NA,TRUE,"2013-2018"
"SEN",2014,"kolda",6.02085445663703,12.5848097743994,NA,NA,TRUE,"2013-2018"
"SEN",2014,"louga",4.30641444126594,0.20072892914986,NA,NA,TRUE,"2013-2018"
"SEN",2014,"matam",5.00342618103447,0.00659713801119401,NA,NA,TRUE,"2013-2018"
"SEN",2014,"saintlouis",5.58276821473905,0.00659713801119401,NA,NA,TRUE,"2013-2018"
"SEN",2014,"sedhiou",3.84915552758259,0.658325794759991,NA,NA,TRUE,"2013-2018"
"SEN",2014,"tambacounda",5.1774075235886,6.68561667842948,NA,NA,TRUE,"2013-2018"
"SEN",2014,"thics",6.14215991276772,0.00659713801119401,NA,NA,TRUE,"2013-2018"
"SEN",2014,"ziguinchor",6.72420315460897,0.00659713801119401,NA,NA,TRUE,"2013-2018"
"SEN",2015,"dakar",4.81819453016682,0.00659713801119401,NA,NA,TRUE,"2013-2018"
"SEN",2015,"diourbel",3.63884548946973,0.00659713801119401,NA,NA,TRUE,"2013-2018"
"SEN",2015,"fatick",4.77965319782755,0.00659713801119401,NA,NA,TRUE,"2013-2018"
"SEN",2015,"kaffrine",6.17683966843731,0.885571111861292,NA,NA,TRUE,"2013-2018"
"SEN",2015,"kaolack",4.33628007945982,0.581890958258656,NA,NA,TRUE,"2013-2018"
"SEN",2015,"kedougou",5.66774355204303,0.854487111086894,NA,NA,TRUE,"2013-2018"
"SEN",2015,"kolda",4.9940806294039,0.286999942026561,NA,NA,TRUE,"2013-2018"
"SEN",2015,"louga",4.81978977121122,0.00659713801119401,NA,NA,TRUE,"2013-2018"
"SEN",2015,"matam",6.03990057214098,2.076782589368,NA,NA,TRUE,"2013-2018"
"SEN",2015,"saintlouis",7.11152482160196,0.508998392652285,NA,NA,TRUE,"2013-2018"
"SEN",2015,"sedhiou",7.65823008866299,0.401832180277685,NA,NA,TRUE,"2013-2018"
"SEN",2015,"tambacounda",7.59751316533865,0.222062038103677,NA,NA,TRUE,"2013-2018"
"SEN",2015,"thies",5.68190715396315,0.159623119422991,NA,NA,TRUE,"2013-2018"
"SEN",2015,"ziguinchor",8.03400298433482,0.672877945575591,NA,NA,TRUE,"2013-2018"
"SEN",2016,"dakar",5.65287745269957,0.00659713801119401,NA,NA,TRUE,"2013-2018"
"SEN",2016,"diourbel",5.95346645700849,1.29421167008962,NA,NA,TRUE,"2013-2018"
"SEN",2016,"fatick",6.15555779965636,0.00659713801119401,NA,NA,TRUE,"2013-2018"
"SEN",2016,"kaffrine",6.69863118281991,1.2381471059875,NA,NA,TRUE,"2013-2018"
"SEN",2016,"kaolack",6.7726519178248,0.570449478703747,NA,NA,TRUE,"2013-2018"
"SEN",2016,"kedougou",6.64274005086976,6.45301812479252,NA,NA,TRUE,"2013-2018"
"SEN",2016,"kolda",6.47101961322929,6.85046557010743,NA,NA,TRUE,"2013-2018"
"SEN",2016,"louga",5.96352557371806,0.00659713801119401,NA,NA,TRUE,"2013-2018"
"SEN",2016,"matam",6.04498890885576,1.42848979562159,NA,NA,TRUE,"2013-2018"
"SEN",2016,"saintlouis",7.39216564461635,0.00659713801119401,NA,NA,TRUE,"2013-2018"
"SEN",2016,"sedhiou",6.70270538444113,0.00659713801119401,NA,NA,TRUE,"2013-2018"
"SEN",2016,"tambacounda",7.24683385606727,2.54137067159258,NA,NA,TRUE,"2013-2018"
"SEN",2016,"thies",7.14198929006088,0.00659713801119401,NA,NA,TRUE,"2013-2018"
"SEN",2016,"ziguinchor",8.67236170358514,0.00659713801119401,NA,NA,TRUE,"2013-2018"
"SEN",2017,"dakar",8.11507536701031,0.144658277151185,3.62409235747731,3.47943408032613,TRUE,"2013-2018"
"SEN",2017,"diourbel",8.80679698495655,0.00659713801119401,1.98506490225831,1.97846776424712,TRUE,"2013-2018"
"SEN",2017,"fatick",8.62549629969206,0.00659713801119401,2.20352666455857,2.19692952654738,TRUE,"2013-2018"
"SEN",2017,"kaffrine",10.2452720671756,0.0953378475883877,1.79798629062198,1.70264844303359,TRUE,"2013-2018"
"SEN",2017,"kaolack",9.11450251201123,0.265327407967142,2.18001797687808,1.91469056891094,TRUE,"2013-2018"
"SEN",2017,"kedougou",9.66780654229273,7.65050727596136,4.68571662023675,-2.96479065572461,TRUE,"2013-2018"
"SEN",2017,"kolda",9.41176261735662,2.97305875391207,3.43871509352211,0.465656339610041,TRUE,"2013-2018"
"SEN",2017,"louga",8.92920113838243,0.00659713801119401,2.25898815475967,2.25239101674848,TRUE,"2013-2018"
"SEN",2017,"matam",8.98856502933835,0.173545641264248,2.85919990010763,2.68565425884338,TRUE,"2013-2018"
"SEN",2017,"saintlouis",8.67616591323399,0.00659713801119401,2.58768738801668,2.58109025000549,TRUE,"2013-2018"
"SEN",2017,"sedhiou",9.48538209483408,0.00659713801119401,2.02617751896147,2.01958038095028,TRUE,"2013-2018"
"SEN",2017,"tambacounda",7.83387385380638,1.02784960043726,3.13704391181796,2.1091943113807,TRUE,"2013-2018"
"SEN",2017,"thies",9.39408373231789,0.00659713801119401,2.22865903484842,2.22206189683723,TRUE,"2013-2018"
"SEN",2017,"ziguinchor",8.59120585120904,0.00659713801119401,3.48043246121732,3.47383532320613,TRUE,"2013-2018"
"TGO",2014,"centrale",1.15414465690589,52.6423514698749,NA,NA,FALSE,"2013-2018"
"TGO",2014,"grandeagglomerationdelome",11.8058170787897,8.53530740453378,NA,NA,FALSE,"2013-2018"
"TGO",2014,"kara",1.08564296044811,56.5653312430549,NA,NA,FALSE,"2013-2018"
"TGO",2014,"maritimesansagglomerationdelome",1.42058796331972,41.5776044000818,NA,NA,FALSE,"2013-2018"
"TGO",2014,"plateaux",1.44230244117828,56.1624158137263,NA,NA,FALSE,"2013-2018"
"TGO",2014,"savanes",1.60290029847291,34.4344094423917,NA,NA,FALSE,"2013-2018"
"TZA",2012,"arusha",3.56580477031852,0.00659713801119401,NA,NA,FALSE,"2009-2012"
"TZA",2012,"daressalaam",2.7430968829442,0.293862394113783,NA,NA,FALSE,"2009-2012"
"TZA",2012,"dodoma",3.55497127834768,0.521049926574791,NA,NA,FALSE,"2009-2012"
"TZA",2012,"geita",4.24576004060021,21.5394777047198,NA,NA,FALSE,"2009-2012"
"TZA",2012,"iringa",3.18070720744659,0.00659713801119401,NA,NA,FALSE,"2009-2012"
"TZA",2012,"kagera",3.87014796822182,5.73487124821746,NA,NA,FALSE,"2009-2012"
"TZA",2012,"kaskazini",1.53179447421685,0.00659713801119401,NA,NA,FALSE,"2009-2012"
"TZA",2012,"kaskazinipemba",2.84545945419638,0.00659713801119401,NA,NA,FALSE,"2009-2012"
"TZA",2012,"katavi",3.8259587235134,5.96646573805544,NA,NA,FALSE,"2009-2012"
"TZA",2012,"kigoma",0.998726500972541,10.2876532569318,NA,NA,FALSE,"2009-2012"
"TZA",2012,"kilimanjaro",3.67964310871225,0.489799515453696,NA,NA,FALSE,"2009-2012"
"TZA",2012,"kusini",0.548251947137305,0.575467263738006,NA,NA,FALSE,"2009-2012"
"TZA",2012,"kusinipemba",1.00553283174733,2.19013138477179,NA,NA,FALSE,"2009-2012"
"TZA",2012,"lindi",3.11477915192855,4.18810303366428,NA,NA,FALSE,"2009-2012"
"TZA",2012,"manyara",1.12380252055888,0.72238830909753,NA,NA,FALSE,"2009-2012"
"TZA",2012,"mara",1.44147372911821,15.1377896336005,NA,NA,FALSE,"2009-2012"
"TZA",2012,"mbeya",1.05517075439531,0.00659713801119401,NA,NA,FALSE,"2009-2012"
"TZA",2012,"mjinimagharibi",2.83498796558592,0.00659713801119401,NA,NA,FALSE,"2009-2012"
"TZA",2012,"morogoro",1.13549979064273,7.12153897767436,NA,NA,FALSE,"2009-2012"
"TZA",2012,"mtwara",0.936938931350778,2.04002770170912,NA,NA,FALSE,"2009-2012"
"TZA",2012,"mwanza",1.37577631784393,5.56962217125942,NA,NA,FALSE,"2009-2012"
"TZA",2012,"njombe",3.50693832867646,1.41541368714869,NA,NA,FALSE,"2009-2012"
"TZA",2012,"pwani",4.01318927343575,7.63637846197237,NA,NA,FALSE,"2009-2012"
"TZA",2012,"rukwa",1.21060441485158,0.00659713801119401,NA,NA,FALSE,"2009-2012"
"TZA",2012,"ruvuma",1.33713813670478,0.818660279551927,NA,NA,FALSE,"2009-2012"
"TZA",2012,"shinyanga",3.52680891891201,4.61447390745849,NA,NA,FALSE,"2009-2012"
"TZA",2012,"simiyu",3.94917248391163,2.10000478468914,NA,NA,FALSE,"2009-2012"
"TZA",2012,"singida",1.02311342045316,0.00659713801119401,NA,NA,FALSE,"2009-2012"
"TZA",2012,"tabora",1.38511245609028,3.90460572188014,NA,NA,FALSE,"2009-2012"
"TZA",2012,"tanga",1.0921712398736,2.56141229342969,NA,NA,FALSE,"2009-2012"
"TZA",2015,"arusha",9.0474962688344,0.00659713801119401,NA,NA,FALSE,"2013-2018"
"TZA",2015,"daressalaam",9.07651208948599,0.271421996088751,NA,NA,FALSE,"2013-2018"
"TZA",2015,"dodoma",11.154042569432,1.59084711545452,NA,NA,FALSE,"2013-2018"
"TZA",2015,"geita",0.630406800947602,19.8628354336506,NA,NA,FALSE,"2013-2018"
"TZA",2015,"iringa",11.9234248511409,0.00659713801119401,NA,NA,FALSE,"2013-2018"
"TZA",2015,"kagera",0.904989965843081,11.6876394620836,NA,NA,FALSE,"2013-2018"
"TZA",2015,"kaskazinipemba",9.64760854742624,0.869864286267278,NA,NA,FALSE,"2013-2018"
"TZA",2015,"kaskaziniunguja",9.36352037937226,0.00659713801119401,NA,NA,FALSE,"2013-2018"
"TZA",2015,"katavi",1.03894610412281,7.12095309863734,NA,NA,FALSE,"2013-2018"
"TZA",2015,"kigoma",10.1667290356471,14.0947591295102,NA,NA,FALSE,"2013-2018"
"TZA",2015,"kilimanjaro",8.84655415864451,0.431604751747455,NA,NA,FALSE,"2013-2018"
"TZA",2015,"kusinipemba",11.6888534290992,1.89136325603764,NA,NA,FALSE,"2013-2018"
"TZA",2015,"kusiniunguja",11.5976796143671,1.2504027248822,NA,NA,FALSE,"2013-2018"
"TZA",2015,"lindi",0.629547973884667,11.660852284935,NA,NA,FALSE,"2013-2018"
"TZA",2015,"manyara",11.239419538028,0.927744973080703,NA,NA,FALSE,"2013-2018"
"TZA",2015,"mara",10.1617733665018,6.52556342632042,NA,NA,FALSE,"2013-2018"
"TZA",2015,"mbeya",10.3960793764735,2.47869215567748,NA,NA,FALSE,"2013-2018"
"TZA",2015,"mjinimagharibi",10.2535148851873,0.686214520267173,NA,NA,FALSE,"2013-2018"
"TZA",2015,"morogoro",11.5320308566462,11.0495295695921,NA,NA,FALSE,"2013-2018"
"TZA",2015,"mtwara",10.6243956354225,7.23962375725553,NA,NA,FALSE,"2013-2018"
"TZA",2015,"mwanza",9.90252167490574,9.98640296218341,NA,NA,FALSE,"2013-2018"
"TZA",2015,"njombe",9.90598464889878,0.00659713801119401,NA,NA,FALSE,"2013-2018"
"TZA",2015,"pwani",0.713325087707926,5.6923127613276,NA,NA,FALSE,"2013-2018"
"TZA",2015,"rukwa",10.01765827975,1.65237908691379,NA,NA,FALSE,"2013-2018"
"TZA",2015,"ruvuma",0.632712366349052,6.15106122050336,NA,NA,FALSE,"2013-2018"
"TZA",2015,"shinyanga",10.0263203448629,5.25401097280258,NA,NA,FALSE,"2013-2018"
"TZA",2015,"simiyu",0.618198081006941,6.76472181804973,NA,NA,FALSE,"2013-2018"
"TZA",2015,"singida",1.00171238849092,3.61688428842063,NA,NA,FALSE,"2013-2018"
"TZA",2015,"tabora",0.907293808267138,8.23841154778883,NA,NA,FALSE,"2013-2018"
"TZA",2015,"tanga",11.6127351207062,3.28588158635911,NA,NA,FALSE,"2013-2018"
"TZA",2022,"arusha",4.00706107310805,0.00659713801119401,NA,NA,FALSE,"2019-2024"
"TZA",2022,"daressalaam",4.73540428289697,0.692800362995076,NA,NA,FALSE,"2019-2024"
"TZA",2022,"dodoma",3.50084601492118,0.00659713801119401,NA,NA,FALSE,"2019-2024"
"TZA",2022,"geita",5.87021655498163,10.2174574313876,NA,NA,FALSE,"2019-2024"
"TZA",2022,"iringa",5.70944243344787,0.650240339926861,NA,NA,FALSE,"2019-2024"
"TZA",2022,"kagera",3.87617308649657,13.5811125053431,NA,NA,FALSE,"2019-2024"
"TZA",2022,"kaskazinipemba",6.04941061526048,0.00659713801119401,NA,NA,FALSE,"2019-2024"
"TZA",2022,"kaskaziniunguja",3.83999318748258,0.00659713801119401,NA,NA,FALSE,"2019-2024"
"TZA",2022,"katavi",3.78063761695933,6.31917745277105,NA,NA,FALSE,"2019-2024"
"TZA",2022,"kigoma",3.78962107952902,9.80430891980857,NA,NA,FALSE,"2019-2024"
"TZA",2022,"kilimanjaro",2.18203636264228,0.00659713801119401,NA,NA,FALSE,"2019-2024"
"TZA",2022,"kusinipemba",6.17555987308269,0.00659713801119401,NA,NA,FALSE,"2019-2024"
"TZA",2022,"kusiniunguja",3.80391947065404,0.00659713801119401,NA,NA,FALSE,"2019-2024"
"TZA",2022,"lindi",3.80577573913468,8.6791375929951,NA,NA,FALSE,"2019-2024"
"TZA",2022,"manyara",5.98194770796015,0.209830830270698,NA,NA,FALSE,"2019-2024"
"TZA",2022,"mara",3.79713674927372,11.7530998343498,NA,NA,FALSE,"2019-2024"
"TZA",2022,"mbeya",3.68291436885066,2.52887256524868,NA,NA,FALSE,"2019-2024"
"TZA",2022,"mjinimagharibi",4.11255633454101,0.00659713801119401,NA,NA,FALSE,"2019-2024"
"TZA",2022,"morogoro",3.84263924441503,4.46252574054207,NA,NA,FALSE,"2019-2024"
"TZA",2022,"mtwara",5.54343677189639,15.3476990669931,NA,NA,FALSE,"2019-2024"
"TZA",2022,"mwanza",3.63096328266975,0.668160029941297,NA,NA,FALSE,"2019-2024"
"TZA",2022,"njombe",3.61650717467603,1.48799438324354,NA,NA,FALSE,"2019-2024"
"TZA",2022,"pwani",6.10852578648666,5.16603227087973,NA,NA,FALSE,"2019-2024"
"TZA",2022,"rukwa",5.8077239250604,4.19006264761206,NA,NA,FALSE,"2019-2024"
"TZA",2022,"ruvuma",3.91476200412143,6.04099184965832,NA,NA,FALSE,"2019-2024"
"TZA",2022,"shinyanga",3.84164332106405,12.3715383485116,NA,NA,FALSE,"2019-2024"
"TZA",2022,"simiyu",5.86280468042796,8.53181318911671,NA,NA,FALSE,"2019-2024"
"TZA",2022,"singida",5.86185135081421,0.00659713801119401,NA,NA,FALSE,"2019-2024"
"TZA",2022,"songwe",5.7378094102121,0.00659713801119401,NA,NA,FALSE,"2019-2024"
"TZA",2022,"tabora",5.77177025491062,17.7707257323072,NA,NA,FALSE,"2019-2024"
"TZA",2022,"tanga",4.10459862338701,3.13461026416156,NA,NA,FALSE,"2019-2024"
"UGA",2009,"central1",11.3560887036534,40.6306666825561,26.9808292838122,-13.6498373987439,FALSE,"2009-2012"
"UGA",2009,"central2",11.3383198658411,53.5018486543566,46.5812862962288,-6.92056235812781,FALSE,"2009-2012"
"UGA",2009,"eastcentral",11.6862134564642,59.5553860997292,74.6293602807206,15.0739741809914,FALSE,"2009-2012"
"UGA",2009,"kampala",11.483538889173,5.11590841237353,13.0740848343307,7.95817642195717,FALSE,"2009-2012"
"UGA",2009,"mideastern",11.4655196723481,39.1459083898252,47.9813228509083,8.83541446108314,FALSE,"2009-2012"
"UGA",2009,"midnorthern",11.2921311425112,64.9576810661328,57.8227463138976,-7.13493475223522,FALSE,"2009-2012"
"UGA",2009,"midwestern",11.4381597581761,45.2177724720517,40.9280702973387,-4.28970217471296,FALSE,"2009-2012"
"UGA",2009,"northeast",11.6097059527268,41.161811167697,33.251141232067,-7.91066993563005,FALSE,"2009-2012"
"UGA",2009,"south",11.4299433684478,12.2679200088472,NA,NA,FALSE,"2009-2012"
"UGA",2009,"westnile",11.5758940767204,47.5025771632993,56.2065345147047,8.70395735140544,FALSE,"2009-2012"
"UGA",2016,"acholi",8.06471810980737,49.2570884110195,43.5758060398776,-5.68128237114191,FALSE,"2013-2018"
"UGA",2016,"ankole",8.84053787593725,9.02547110343923,10.5493291969372,1.52385809349797,FALSE,"2013-2018"
"UGA",2016,"bugisu",8.81092785151883,15.6896344417649,NA,NA,FALSE,"2013-2018"
"UGA",2016,"bukedi",8.82704161030956,22.4391361088098,23.829893502169,1.39075739335916,FALSE,"2013-2018"
"UGA",2016,"bunyoro",8.99142644276003,25.0074712001355,23.865457672693,-1.14201352744253,FALSE,"2013-2018"
"UGA",2016,"busoga",8.21803793303685,41.388628483957,39.9540632331809,-1.43456525077607,FALSE,"2013-2018"
"UGA",2016,"kampala",9.42714139403088,0.555347302448582,8.06343842923729,7.50809112678871,FALSE,"2013-2018"
"UGA",2016,"karamoja",9.3679237644662,55.9145092227806,54.0312114268928,-1.88329779588778,FALSE,"2013-2018"
"UGA",2016,"kigezi",7.95288219696829,1.88625877910776,11.0586151384509,9.17235635934314,FALSE,"2013-2018"
"UGA",2016,"lango",8.85510207715704,48.2581187048422,43.5103244050755,-4.7477942997667,FALSE,"2013-2018"
"UGA",2016,"northbuganda",8.50704406707936,17.8755370154975,NA,NA,FALSE,"2013-2018"
"UGA",2016,"southbuganda",7.05553408213972,12.3554506914196,NA,NA,FALSE,"2013-2018"
"UGA",2016,"teso",9.02709119513399,41.2105544156055,35.6873248554957,-5.52322956010981,FALSE,"2013-2018"
"UGA",2016,"tooro",7.84640701213654,13.1922412167767,13.7188014436416,0.526560226864939,FALSE,"2013-2018"
"UGA",2016,"westnile",8.84825826016659,19.1338856155943,21.5314133314179,2.39752771582361,FALSE,"2013-2018"
