"study","country","comparison","prev_treated","prev_control","prev_amin","prev_amax","d_t","cy_t","d_c","cy_c","mort_rr_direct","mort_logse_direct","include","note","mort_rr","mort_logse","pfpr_t","pfpr_c","dPfPR","obs_red","pred_linear","pred_spline"
"D'Alessandro z1","Gambia","untreated net",28.2,36.7,1,5,4,1056,10,1008,NA,NA,TRUE,"D'Alessandro Table 2/5; comparator=untreated net; parasitaemia & mortality 1-4y",0.381818181818182,0.591607978309962,28.7025354649416,37.3540089206864,8.65147345574482,61.8181818181818,6.04737533752581,7.05571999237629
"D'Alessandro z2","Gambia","untreated net",22.8,33,1,5,13,1472,25,1374,NA,NA,TRUE,"D'Alessandro Table 2/5; comparator=untreated net; parasitaemia & mortality 1-4y",0.485380434782609,0.341940165706044,23.2063052695273,33.588073416421,10.3817681468938,51.4619565217391,7.21223786721544,8.40596298463052
"D'Alessandro z3","Gambia","untreated net",15.9,25.8,1,5,18,1908,33,1717,NA,NA,TRUE,"D'Alessandro Table 2/5; comparator=untreated net; parasitaemia & mortality 1-4y",0.490851915380217,0.293016357663844,16.1833444642756,26.2597664892019,10.0764220249263,50.9148084619783,7.00772847896018,8.16911834831016
"D'Alessandro z4","Gambia","untreated net",43.2,53.3,1,5,35,1939,32,1676,NA,NA,TRUE,"D'Alessandro Table 2/5; comparator=untreated net; parasitaemia & mortality 1-4y",0.945397111913357,0.244584195260913,43.9698415633148,54.2498276695528,10.2799861062379,5.46028880866427,7.14411809323513,8.32708272325481
"D'Alessandro z5","Gambia","untreated net",71,44.8,1,5,66,3079,83,4632,NA,NA,TRUE,"D'Alessandro Table 2/5; comparator=untreated net; parasitaemia & mortality 1-4y",1.19625758637016,0.164923339532643,72.2652488656331,45.598354213808,-26.6668946518252,-19.6257586370164,-21.2004630761593,-25.2993892979424
"Habluetzel 1997","Burkina Faso","no curtain",83,91,0.5,5,NA,NA,NA,NA,0.85,0.099,TRUE,"curtains; ~saturated 85-91% baseline (8-pt drop)",0.85,0.099,86.6735705027043,95.0276495873023,8.35407908459801,15,5.84569695605112,6.82165053610748
"Phillips-Howard 2003","Kenya","no net",54,66,0.25,3,NA,NA,NA,NA,0.846,0.044,TRUE,"spillover dilutes between-arm contrast; per-arm from ter Kuile Fig 1",0.846,0.044,62.8785319100086,76.8515390011217,13.9730070911131,15.4,9.58402842986038,11.1461224374528
"Nevill 1996","Kenya","no net",11.9,25.1,0.08,0.92,NA,NA,NA,NA,0.7,0.142,TRUE,"INFANT (1-11mo) prevalence -> large age-standardisation; Snow AJTMH 1996",0.7,0.142,18.2836474827367,38.56466821989,20.2810207371533,30,13.6042573173911,15.7622597719693
"Binka 1996","Ghana","no net",NA,NA,NA,NA,NA,NA,NA,NA,0.83,0.094,FALSE,"no parasite survey -> excluded from prevalence analysis",0.83,0.094,NA,NA,NA,17,NA,NA
